ticket_id,customer_name,email,age,gender,product_purchased,purchase_date,ticket_type,ticket_subject,ticket_status,priority,ticket_channel,first_response_time,time_resolution,satisfaction_rating
1,Marisa Obrien,carrollallison@example.com,32,Other,GoPro Hero,2021-03-22,Technical issue,Product setup,Pending Customer Response,Critical,Social media,12:15:00,,
2,Jessica Rios,clarkeashley@example.com,42,Female,LG Smart TV,2021-05-22,Technical issue,Peripheral compatibility,Pending Customer Response,Critical,Chat,16:45:00,,
3,Christopher Robbins,gonzalestracy@example.com,48,Other,Dell XPS,2020-07-14,Technical issue,Network problem,Closed,Low,Social media,11:14:00,18:05:00,3
4,Christina Dillon,bradleyolson@example.org,27,Female,Microsoft Office,2020-11-13,Billing inquiry,Account access,Closed,Low,Social media,07:29:00,01:57:00,3
5,Alexander Carroll,bradleymark@example.com,67,Female,Autodesk AutoCAD,2020-02-04,Billing inquiry,Data loss,Closed,Low,Email,00:12:00,19:53:00,1
9,Nicolas Wilson,joshua24@example.com,60,Other,Fitbit Versa Smartwatch,2020-07-16,Technical issue,Installation support,Pending Customer Response,Low,Social media,10:32:00,,
10,William Dawson,clopez@example.com,27,Male,Dyson Vacuum Cleaner,2020-03-06,Refund request,Payment issue,Pending Customer Response,Critical,Phone,09:25:00,,
11,Joseph Moreno,mbrown@example.org,48,Male,Nintendo Switch,2021-01-19,Cancellation request,Data loss,Closed,High,Phone,17:46:00,23:51:00,1
12,Brandon Arnold,davisjohn@example.net,51,Male,Microsoft Xbox Controller,2021-10-24,Product inquiry,Software bug,Closed,High,Chat,12:05:00,09:27:00,1
13,Tamara Hahn,jensenwilliam@example.net,27,Other,Nintendo Switch Pro Controller,2021-05-26,Technical issue,Hardware issue,Pending Customer Response,Low,Chat,19:03:00,,
14,Sandra Barnes,gwendolyn51@example.net,65,Other,Nest Thermostat,2020-07-13,Technical issue,Product setup,Pending Customer Response,Low,Chat,20:34:00,,
15,Amy Hill,medinasteven@example.net,48,Female,Sony PlayStation,2020-02-29,Billing inquiry,Product setup,Closed,High,Chat,06:22:00,23:08:00,4
16,Elizabeth Foley,amy41@example.net,18,Other,GoPro Action Camera,2021-06-24,Billing inquiry,Product recommendation,Pending Customer Response,High,Social media,15:09:00,,
17,Julia Salazar,watkinsbarbara@example.com,63,Other,Xbox,2021-10-13,Product inquiry,Account access,Closed,Critical,Chat,19:46:00,15:58:00,4
18,Joshua Castillo,mooredeborah@example.org,56,Female,Microsoft Xbox Controller,2020-09-07,Product inquiry,Payment issue,Pending Customer Response,High,Chat,21:05:00,,
20,Jeffrey Robertson,jameslopez@example.com,39,Female,Canon EOS,2021-03-08,Refund request,Software bug,Closed,Low,Chat,00:46:00,20:29:00,5
21,Suzanne Holmes,rogermcgrath@example.net,28,Other,HP Pavilion,2021-05-31,Refund request,Payment issue,Pending Customer Response,High,Chat,05:08:00,,
22,Tanner Conley,zbond@example.net,66,Male,Fitbit Versa Smartwatch,2020-02-04,Cancellation request,Installation support,Pending Customer Response,Critical,Social media,23:57:00,,
24,Antonio Scott,carlsonmatthew@example.org,63,Female,Nintendo Switch Pro Controller,2021-08-06,Technical issue,Refund request,Pending Customer Response,Low,Social media,09:06:00,,
26,Gregory Bautista,johnstonbeth@example.com,35,Other,HP Pavilion,2021-07-05,Product inquiry,Refund request,Pending Customer Response,Medium,Social media,19:02:00,,
27,Ryan Sharp,pmercado@example.org,22,Other,Lenovo ThinkPad,2020-05-02,Billing inquiry,Cancellation request,Pending Customer Response,Low,Social media,20:02:00,,
29,Christine Wang,garciastacy@example.com,30,Other,Fitbit Charge,2020-06-10,Technical issue,Product recommendation,Closed,Critical,Phone,23:17:00,06:03:00,5
30,Austin George,shericase@example.net,67,Male,Xbox,2020-12-26,Cancellation request,Cancellation request,Closed,Medium,Phone,00:54:00,18:23:00,1
32,Robert Wilson,zstewart@example.org,60,Male,GoPro Action Camera,2021-12-20,Technical issue,Product compatibility,Closed,Medium,Social media,06:42:00,07:16:00,3
33,Christina Gray,greenkeith@example.net,36,Female,Fitbit Charge,2021-12-07,Billing inquiry,Product recommendation,Pending Customer Response,Medium,Chat,19:36:00,,
34,Timothy Lyons,darlenelee@example.org,50,Male,Autodesk AutoCAD,2021-12-09,Refund request,Hardware issue,Closed,Critical,Social media,02:01:00,18:25:00,5
35,Stacy Jones,fernandezmark@example.org,27,Male,Microsoft Xbox Controller,2021-04-09,Refund request,Installation support,Pending Customer Response,Low,Chat,20:50:00,,
36,Joann King,jessica10@example.org,24,Other,GoPro Hero,2020-10-13,Cancellation request,Product recommendation,Closed,High,Chat,07:56:00,00:14:00,1
37,Ruben Henry,katherinehoward@example.net,65,Female,Canon EOS,2020-03-14,Refund request,Hardware issue,Pending Customer Response,Medium,Email,15:51:00,,
39,Kevin Ingram,victor62@example.net,19,Male,Google Pixel,2021-09-10,Technical issue,Account access,Closed,Critical,Phone,18:45:00,21:53:00,3
40,Michael Oneal,stevenburns@example.net,33,Other,Amazon Echo,2021-10-22,Product inquiry,Account access,Pending Customer Response,Medium,Social media,22:19:00,,
41,Casey Tran,shawn54@example.net,19,Female,PlayStation,2021-02-07,Product inquiry,Installation support,Pending Customer Response,Low,Phone,09:11:00,,
42,Katie Mitchell,sheila78@example.org,35,Male,Dell XPS,2021-06-09,Billing inquiry,Product compatibility,Closed,Critical,Chat,20:25:00,14:43:00,3
43,Justin Giles,woodmargaret@example.org,22,Male,Samsung Galaxy,2020-10-10,Product inquiry,Product compatibility,Pending Customer Response,Medium,Phone,18:41:00,,
45,Donald Gibbs,laura33@example.org,34,Other,HP Pavilion,2021-09-25,Refund request,Product compatibility,Closed,Critical,Email,05:58:00,03:19:00,2
47,Cassandra Richards,abigail06@example.com,50,Female,Nintendo Switch Pro Controller,2020-10-15,Refund request,Network problem,Closed,High,Phone,03:43:00,09:24:00,1
48,Kristen Perry,bevans@example.org,27,Female,GoPro Hero,2020-07-29,Technical issue,Software bug,Closed,Medium,Social media,07:16:00,05:59:00,1
52,Tracy White,wvargas@example.com,64,Male,LG Smart TV,2020-11-20,Refund request,Software bug,Closed,Medium,Chat,16:21:00,10:31:00,3
53,Christian Graves,hgriffin@example.org,54,Male,Nest Thermostat,2021-10-10,Refund request,Network problem,Closed,High,Social media,01:54:00,20:59:00,3
54,Casey Reed,sabrina61@example.org,37,Male,HP Pavilion,2021-08-16,Cancellation request,Delivery problem,Closed,Low,Chat,00:39:00,10:25:00,4
55,Carrie Ayers,natasha18@example.com,68,Female,Microsoft Xbox Controller,2021-10-14,Technical issue,Network problem,Pending Customer Response,Low,Chat,07:25:00,,
56,Sarah Cole,williamscynthia@example.org,50,Female,Nintendo Switch Pro Controller,2021-11-19,Cancellation request,Software bug,Pending Customer Response,Critical,Chat,11:14:00,,
57,Alison Ford,mcgeebrandon@example.org,69,Male,Autodesk AutoCAD,2021-12-22,Technical issue,Software bug,Pending Customer Response,Medium,Social media,10:33:00,,
59,Kimberly Mack,lwilliamson@example.net,27,Male,Autodesk AutoCAD,2020-07-31,Technical issue,Product recommendation,Closed,Medium,Phone,11:56:00,04:45:00,5
60,Samuel Schroeder,andrew28@example.org,40,Other,Apple AirPods,2021-09-05,Product inquiry,Cancellation request,Closed,Medium,Chat,19:50:00,00:38:00,3
61,Amanda Burton,hannahstephens@example.com,40,Male,Sony 4K HDR TV,2020-11-16,Cancellation request,Product setup,Closed,Medium,Chat,00:18:00,11:55:00,1
62,Sarah Williams,akelly@example.net,41,Other,Lenovo ThinkPad,2021-11-21,Product inquiry,Battery life,Pending Customer Response,Critical,Social media,01:32:00,,
63,Frank Sherman,floresbryan@example.net,64,Female,Xbox,2020-12-12,Billing inquiry,Payment issue,Closed,High,Email,23:37:00,12:41:00,4
64,Victoria Parker,tiffany87@example.com,57,Female,Adobe Photoshop,2020-04-24,Billing inquiry,Hardware issue,Pending Customer Response,High,Phone,07:07:00,,
66,Jeffrey Hernandez,perezdana@example.org,56,Male,Apple AirPods,2021-11-11,Technical issue,Battery life,Pending Customer Response,Medium,Phone,22:38:00,,
67,John Robertson,gillespiegeorge@example.com,49,Female,GoPro Hero,2021-08-08,Billing inquiry,Product compatibility,Closed,High,Email,05:06:00,10:17:00,5
68,Ryan Gonzalez,pwilson@example.com,54,Male,Microsoft Office,2021-06-27,Cancellation request,Peripheral compatibility,Pending Customer Response,Low,Phone,21:04:00,,
69,Brianna Scott MD,jbranch@example.net,51,Other,Adobe Photoshop,2021-02-06,Technical issue,Product compatibility,Pending Customer Response,Critical,Chat,23:00:00,,
70,Michael Day,william07@example.org,46,Female,Canon DSLR Camera,2020-02-13,Refund request,Refund request,Closed,High,Chat,11:57:00,22:51:00,1
71,Eileen Kim,gabriel83@example.com,27,Male,Google Pixel,2021-05-15,Cancellation request,Product setup,Pending Customer Response,Medium,Chat,23:49:00,,
73,Tanya Powell,epatel@example.org,34,Female,Dyson Vacuum Cleaner,2021-02-16,Billing inquiry,Display issue,Closed,Low,Chat,04:35:00,03:17:00,4
74,Philip Davis,fbenjamin@example.org,36,Other,Fitbit Charge,2020-11-09,Cancellation request,Payment issue,Closed,Critical,Social media,21:31:00,02:24:00,3
76,Jennifer Bryan,cooperthomas@example.com,37,Other,Roomba Robot Vacuum,2021-01-06,Product inquiry,Display issue,Closed,Critical,Chat,14:43:00,02:30:00,1
78,Alfred Ortiz,nicholsdouglas@example.org,63,Female,Fitbit Charge,2020-12-29,Billing inquiry,Delivery problem,Closed,Low,Email,19:16:00,15:21:00,5
79,John Goodman,vgarcia@example.com,55,Other,Google Pixel,2021-01-07,Billing inquiry,Data loss,Pending Customer Response,Medium,Social media,16:57:00,,
80,Catherine Stephens,hmccann@example.com,40,Other,LG Smart TV,2020-11-03,Technical issue,Software bug,Pending Customer Response,Critical,Chat,11:27:00,,
81,Sarah Lee,dclark@example.net,50,Other,Microsoft Office,2021-03-22,Technical issue,Product recommendation,Pending Customer Response,Critical,Phone,07:27:00,,
82,Kiara Parker,gonzalezlarry@example.org,29,Other,Apple AirPods,2021-07-22,Cancellation request,Cancellation request,Pending Customer Response,Medium,Email,11:37:00,,
83,Joshua Miller,kimjesse@example.com,24,Male,PlayStation,2021-10-04,Refund request,Software bug,Closed,Low,Social media,05:40:00,20:35:00,1
84,James Jones,dsilva@example.org,57,Other,Autodesk AutoCAD,2021-08-11,Technical issue,Installation support,Pending Customer Response,Critical,Phone,00:24:00,,
87,Danielle Everett,kimberlyhudson@example.com,46,Male,Sony PlayStation,2020-01-18,Technical issue,Product recommendation,Closed,Critical,Phone,18:03:00,06:23:00,2
88,Steven Thompson,vaustin@example.org,55,Other,Philips Hue Lights,2020-09-10,Technical issue,Delivery problem,Pending Customer Response,High,Social media,19:21:00,,
90,Lisa Hill,hinescarrie@example.org,40,Male,Sony Xperia,2020-01-30,Product inquiry,Product recommendation,Closed,Medium,Email,23:17:00,03:09:00,5
91,Sandra Bass,jamesbaxter@example.com,57,Other,Sony Xperia,2020-10-15,Refund request,Software bug,Pending Customer Response,High,Phone,07:15:00,,
92,Madeline Osborne,tyler12@example.net,62,Male,iPhone,2021-11-14,Product inquiry,Display issue,Pending Customer Response,Low,Email,00:14:00,,
93,Sydney Wagner,paul73@example.com,44,Male,Bose QuietComfort,2021-05-27,Technical issue,Peripheral compatibility,Pending Customer Response,Low,Email,15:57:00,,
96,Linda Campbell,davisnatalie@example.net,60,Male,Autodesk AutoCAD,2021-10-02,Product inquiry,Battery life,Closed,High,Chat,00:08:00,18:39:00,5
98,Dan Newton,deleonedward@example.net,22,Other,Xbox,2020-01-18,Product inquiry,Delivery problem,Pending Customer Response,High,Email,01:55:00,,
99,Nichole Huang,sheryldawson@example.org,38,Male,Samsung Galaxy,2020-09-09,Billing inquiry,Refund request,Closed,High,Chat,07:05:00,14:45:00,5
100,Eric Saunders,mark94@example.org,23,Other,Samsung Soundbar,2020-05-15,Technical issue,Hardware issue,Pending Customer Response,Low,Chat,15:32:00,,
101,Maria Martinez,patriciathompson@example.org,39,Female,Dyson Vacuum Cleaner,2020-05-31,Cancellation request,Delivery problem,Pending Customer Response,High,Email,21:36:00,,
102,Danielle Rogers,andersoncourtney@example.org,18,Other,iPhone,2021-08-01,Billing inquiry,Software bug,Pending Customer Response,Critical,Phone,21:00:00,,
103,Amber Zamora,james45@example.com,40,Female,Asus ROG,2021-01-26,Refund request,Battery life,Closed,Critical,Email,03:07:00,15:23:00,3
106,Virginia Miller,lisahamilton@example.com,56,Other,Dyson Vacuum Cleaner,2021-07-17,Product inquiry,Battery life,Pending Customer Response,Critical,Chat,02:08:00,,
107,Miranda Morales,daniellebrown@example.net,42,Female,Nintendo Switch,2021-05-20,Cancellation request,Installation support,Closed,Low,Email,11:38:00,20:46:00,2
108,Laura Collins,douglasmccormick@example.net,50,Other,LG Smart TV,2021-06-09,Technical issue,Account access,Pending Customer Response,High,Email,15:49:00,,
109,Justin Martin,mreeves@example.com,33,Male,Dyson Vacuum Cleaner,2020-01-08,Technical issue,Product setup,Closed,Critical,Chat,02:55:00,08:15:00,4
111,Brent Smith,bsummers@example.net,60,Female,Amazon Echo,2021-07-28,Cancellation request,Peripheral compatibility,Closed,High,Email,03:14:00,12:43:00,2
114,Stephanie Shea,changalicia@example.org,27,Other,Microsoft Office,2021-11-12,Cancellation request,Payment issue,Closed,High,Email,03:24:00,22:24:00,1
115,William Byrd,dflores@example.org,28,Female,Sony 4K HDR TV,2020-09-20,Cancellation request,Battery life,Closed,High,Email,10:27:00,06:04:00,1
117,Sabrina Weber,eblankenship@example.net,20,Female,iPhone,2021-11-27,Cancellation request,Software bug,Closed,High,Email,19:02:00,18:17:00,5
118,Glenda Lopez,mary68@example.net,18,Male,Google Nest,2020-02-16,Billing inquiry,Product setup,Closed,Medium,Phone,00:40:00,04:42:00,5
120,Sarah Stewart,kathleenmiller@example.net,41,Female,Fitbit Charge,2021-07-31,Billing inquiry,Software bug,Closed,Low,Phone,04:22:00,14:49:00,2
121,Anthony Harding,zachary60@example.net,56,Male,Amazon Kindle,2021-03-11,Billing inquiry,Refund request,Pending Customer Response,Medium,Chat,18:02:00,,
124,Molly Ramos,steven13@example.org,36,Other,Samsung Galaxy,2021-12-27,Product inquiry,Battery life,Pending Customer Response,Low,Email,13:08:00,,
125,Julia Matthews,gkane@example.org,63,Male,Dyson Vacuum Cleaner,2021-03-23,Technical issue,Product setup,Pending Customer Response,High,Phone,02:14:00,,
128,Mark Garcia,abigailbowen@example.net,57,Male,Xbox,2020-09-28,Refund request,Cancellation request,Pending Customer Response,Low,Email,03:09:00,,
129,Sandra Nelson,jbaker@example.net,49,Male,Adobe Photoshop,2021-04-15,Cancellation request,Hardware issue,Closed,Medium,Email,22:12:00,00:29:00,3
130,Sandra Buchanan,andrewacosta@example.net,55,Other,Amazon Echo,2021-05-05,Cancellation request,Cancellation request,Pending Customer Response,Low,Email,07:38:00,,
131,Joshua Anderson,jbartlett@example.org,43,Male,Asus ROG,2020-02-13,Billing inquiry,Product recommendation,Closed,Medium,Email,21:31:00,15:03:00,2
132,Jill Baldwin,stephaniefitzpatrick@example.net,49,Male,LG Smart TV,2021-11-24,Product inquiry,Battery life,Pending Customer Response,Critical,Social media,20:57:00,,
134,Jill Walker,nicholas74@example.com,50,Male,Nintendo Switch,2021-06-17,Refund request,Refund request,Closed,Critical,Phone,17:14:00,22:53:00,5
135,Nancy Bridges,tony74@example.org,66,Male,PlayStation,2020-05-01,Cancellation request,Product setup,Closed,Critical,Email,07:40:00,01:07:00,2
136,Jessica Gomez,mrivera@example.org,35,Female,Samsung Galaxy,2021-10-30,Product inquiry,Software bug,Pending Customer Response,Low,Chat,02:05:00,,
138,Jack Lee,justinbarron@example.com,21,Other,Amazon Echo,2021-12-20,Technical issue,Network problem,Closed,Low,Chat,09:56:00,09:08:00,4
139,Elizabeth Lopez,andrewkirby@example.org,58,Male,Adobe Photoshop,2021-02-12,Product inquiry,Product compatibility,Closed,Critical,Chat,23:52:00,06:58:00,2
140,Amanda Miller,bishoprobin@example.com,31,Other,LG OLED,2021-03-12,Cancellation request,Battery life,Pending Customer Response,Low,Phone,19:46:00,,
141,Michael Burns,jamesrobertson@example.net,47,Male,LG Washing Machine,2021-05-09,Cancellation request,Product setup,Closed,Critical,Email,09:35:00,05:30:00,1
142,Lisa Garcia,travis76@example.net,31,Other,Sony PlayStation,2020-04-13,Technical issue,Software bug,Closed,High,Chat,21:18:00,05:10:00,2
143,Emily Hood,solismatthew@example.net,38,Female,Roomba Robot Vacuum,2021-04-26,Billing inquiry,Product compatibility,Pending Customer Response,High,Chat,14:31:00,,
146,Gregory Zhang,marie15@example.org,46,Male,Philips Hue Lights,2020-10-12,Cancellation request,Refund request,Pending Customer Response,Medium,Email,15:24:00,,
148,Tyler Miller MD,prestonrobert@example.net,22,Female,Apple AirPods,2020-10-06,Billing inquiry,Product compatibility,Closed,Low,Social media,13:45:00,23:28:00,3
149,Rebecca Nelson,qmartin@example.com,40,Other,LG Washing Machine,2021-10-24,Refund request,Installation support,Closed,High,Chat,08:45:00,13:55:00,1
150,Kenneth Cruz,thompsonamanda@example.org,64,Female,Philips Hue Lights,2021-03-18,Technical issue,Peripheral compatibility,Closed,Critical,Email,16:34:00,20:02:00,3
151,Samantha Jackson,beardjessica@example.net,29,Female,Google Pixel,2020-10-14,Refund request,Product recommendation,Closed,Critical,Email,15:33:00,06:51:00,4
152,Molly Wood,garciarebecca@example.org,45,Other,Xbox,2021-12-24,Refund request,Display issue,Pending Customer Response,Medium,Phone,12:33:00,,
153,Nicole Thomas,brucebrian@example.com,46,Other,GoPro Hero,2021-10-19,Product inquiry,Account access,Pending Customer Response,Low,Social media,15:58:00,,
154,Amy Johnson,myerszachary@example.org,58,Male,GoPro Action Camera,2020-03-12,Technical issue,Cancellation request,Pending Customer Response,Medium,Social media,02:50:00,,
159,Christopher Jenkins,williamsmegan@example.com,35,Male,Dyson Vacuum Cleaner,2021-11-30,Product inquiry,Hardware issue,Pending Customer Response,Low,Social media,02:19:00,,
160,Tammy Wolf,roberthaas@example.net,55,Other,Sony Xperia,2021-02-03,Billing inquiry,Cancellation request,Pending Customer Response,High,Email,19:33:00,,
161,Jenna Travis,michaelcollins@example.net,19,Female,Lenovo ThinkPad,2020-07-19,Refund request,Account access,Pending Customer Response,High,Email,10:20:00,,
162,William Huerta,eortega@example.org,29,Female,HP Pavilion,2020-01-06,Refund request,Product setup,Closed,High,Phone,03:19:00,15:58:00,3
163,Sarah Dougherty,angela60@example.org,30,Male,Bose SoundLink Speaker,2021-10-23,Refund request,Payment issue,Closed,Critical,Phone,21:38:00,10:37:00,1
164,Brett Wu,jacob52@example.net,34,Male,Microsoft Office,2020-11-11,Cancellation request,Product recommendation,Closed,Medium,Phone,19:15:00,09:02:00,3
165,Rebecca Patton,ballwilliam@example.com,24,Male,HP Pavilion,2021-05-21,Billing inquiry,Product setup,Closed,Low,Social media,19:39:00,21:26:00,5
166,Joel Jones,mgonzalez@example.net,33,Male,Bose QuietComfort,2020-07-25,Product inquiry,Network problem,Pending Customer Response,Low,Email,07:21:00,,
167,Steven Johnson,rosssean@example.org,32,Female,Xbox,2020-04-03,Refund request,Battery life,Closed,Medium,Email,04:35:00,07:29:00,3
168,Michael Coleman,elizabeth48@example.net,41,Male,Garmin Forerunner,2020-01-31,Technical issue,Delivery problem,Closed,Medium,Chat,12:41:00,06:19:00,3
170,Sara Jones,toddheather@example.com,30,Male,Sony Xperia,2020-08-04,Product inquiry,Network problem,Closed,Medium,Phone,14:14:00,11:08:00,1
171,Angel Saunders,brandon58@example.com,44,Female,Microsoft Office,2021-12-24,Billing inquiry,Product setup,Closed,Low,Social media,15:42:00,18:36:00,4
173,Tiffany Davis,paulcarter@example.org,36,Other,Nest Thermostat,2020-01-27,Cancellation request,Product compatibility,Pending Customer Response,Medium,Social media,10:53:00,,
174,Seth Foster,fmoore@example.com,50,Other,Lenovo ThinkPad,2021-10-01,Refund request,Product recommendation,Pending Customer Response,Medium,Email,23:10:00,,
175,Mike Ball,anthonyrusso@example.com,37,Male,LG Smart TV,2021-10-05,Technical issue,Data loss,Pending Customer Response,Critical,Chat,19:22:00,,
176,Mark Wright,sarah08@example.net,42,Other,PlayStation,2021-10-18,Technical issue,Delivery problem,Closed,Medium,Email,13:14:00,07:23:00,4
177,Sierra French,zachary81@example.net,49,Female,Sony 4K HDR TV,2021-11-16,Technical issue,Refund request,Pending Customer Response,Medium,Email,02:45:00,,
178,Michelle Payne,matthewlewis@example.org,27,Other,Dyson Vacuum Cleaner,2020-09-21,Cancellation request,Product recommendation,Pending Customer Response,High,Phone,11:03:00,,
180,Gabrielle Camacho,odonnelljames@example.org,58,Female,Google Pixel,2021-06-03,Billing inquiry,Data loss,Pending Customer Response,Critical,Phone,18:36:00,,
181,Jeff Hart,johnsonjennifer@example.net,60,Other,MacBook Pro,2021-11-17,Refund request,Product compatibility,Pending Customer Response,Medium,Email,03:33:00,,
182,Dustin Ford,dustin11@example.com,34,Other,Amazon Kindle,2020-11-26,Cancellation request,Account access,Pending Customer Response,Critical,Social media,20:47:00,,
183,James Roman,michele01@example.org,33,Female,Samsung Soundbar,2021-04-18,Product inquiry,Delivery problem,Closed,High,Chat,01:29:00,06:34:00,4
184,Teresa Rivera,racheldouglas@example.com,32,Female,Google Pixel,2020-03-16,Billing inquiry,Network problem,Closed,Medium,Phone,23:38:00,03:51:00,4
185,Stephanie Moore,ztaylor@example.net,29,Female,Roomba Robot Vacuum,2021-10-17,Refund request,Product setup,Pending Customer Response,High,Chat,13:47:00,,
187,Matthew Thompson,kyle39@example.net,33,Female,iPhone,2021-04-23,Product inquiry,Refund request,Pending Customer Response,Medium,Phone,07:30:00,,
188,Melissa Long,smosley@example.net,46,Male,Lenovo ThinkPad,2021-01-19,Cancellation request,Network problem,Pending Customer Response,Low,Phone,17:14:00,,
189,Beth Gonzales,claytoncheryl@example.net,37,Other,Roomba Robot Vacuum,2021-01-10,Refund request,Product compatibility,Closed,High,Phone,15:58:00,07:32:00,1
191,Regina Castillo,smithterri@example.com,70,Other,iPhone,2021-02-09,Refund request,Product setup,Pending Customer Response,Critical,Phone,03:09:00,,
192,Jesus Cross,petersanders@example.com,57,Female,Fitbit Charge,2020-10-14,Product inquiry,Delivery problem,Pending Customer Response,Low,Email,23:17:00,,
193,Brandon Holland,michaelharris@example.org,58,Other,GoPro Hero,2021-10-28,Product inquiry,Account access,Closed,Medium,Phone,21:31:00,22:49:00,1
194,Tiffany Wilson,allenpeter@example.net,18,Male,GoPro Hero,2021-09-03,Cancellation request,Refund request,Pending Customer Response,Critical,Chat,05:08:00,,
195,Cynthia Allen,rachelsmith@example.org,57,Male,Samsung Soundbar,2021-06-15,Billing inquiry,Payment issue,Closed,Medium,Social media,04:08:00,11:49:00,2
197,Kelly Brown,steindanny@example.net,66,Female,HP Pavilion,2021-08-08,Refund request,Display issue,Pending Customer Response,Low,Social media,18:04:00,,
198,Riley Hobbs,vincentanderson@example.net,30,Male,MacBook Pro,2021-01-28,Refund request,Delivery problem,Closed,High,Chat,02:54:00,22:36:00,3
199,Michael Young,cmiller@example.org,60,Female,Amazon Echo,2021-07-23,Cancellation request,Product setup,Closed,Critical,Chat,01:07:00,19:24:00,5
200,Sierra Cole,hendersonjesse@example.net,66,Other,Canon EOS,2020-09-19,Product inquiry,Software bug,Closed,Medium,Chat,12:39:00,20:34:00,5
204,Cameron Boyd,jeffrey03@example.net,46,Male,LG OLED,2020-05-19,Product inquiry,Battery life,Pending Customer Response,Low,Phone,23:25:00,,
205,Hector Perez,erika47@example.org,43,Female,Google Nest,2020-06-11,Cancellation request,Software bug,Closed,High,Phone,17:47:00,17:50:00,3
206,Mary Williams,jennifer22@example.net,55,Male,Sony Xperia,2020-11-24,Refund request,Delivery problem,Closed,Medium,Phone,13:56:00,11:18:00,1
208,Amy Church,rtate@example.org,48,Female,Nest Thermostat,2021-07-27,Billing inquiry,Display issue,Pending Customer Response,Critical,Email,00:51:00,,
210,Michael Phillips,castillochristopher@example.com,62,Other,Nintendo Switch Pro Controller,2020-02-04,Technical issue,Delivery problem,Closed,Low,Chat,21:50:00,20:10:00,1
211,Lydia Lewis,mitchellpatricia@example.net,39,Male,Sony 4K HDR TV,2020-01-16,Technical issue,Software bug,Pending Customer Response,Low,Phone,23:41:00,,
212,Jacob Villarreal,jonathan58@example.net,49,Other,LG Smart TV,2020-04-06,Product inquiry,Battery life,Pending Customer Response,Low,Social media,12:37:00,,
217,Angela Thompson,walkerleslie@example.net,18,Female,Samsung Galaxy,2021-01-03,Technical issue,Delivery problem,Pending Customer Response,High,Chat,14:13:00,,
219,Jennifer Jones,zcoleman@example.net,44,Male,Philips Hue Lights,2021-02-12,Billing inquiry,Battery life,Pending Customer Response,Critical,Email,03:11:00,,
220,Brendan Lang II,timothy22@example.com,65,Female,Canon EOS,2021-09-23,Technical issue,Refund request,Closed,Critical,Social media,09:57:00,11:02:00,2
221,Jacqueline Weaver,julie53@example.com,70,Female,Sony Xperia,2021-03-21,Billing inquiry,Installation support,Closed,Medium,Social media,13:53:00,05:45:00,5
222,Richard Smith,wanderson@example.com,34,Other,Dyson Vacuum Cleaner,2021-03-27,Billing inquiry,Installation support,Pending Customer Response,Critical,Chat,09:13:00,,
223,Renee Brown,yhunter@example.com,64,Other,Samsung Soundbar,2021-02-05,Cancellation request,Account access,Pending Customer Response,Critical,Phone,23:24:00,,
224,Allison King,jensenwilliam@example.org,67,Female,Lenovo ThinkPad,2020-05-27,Refund request,Product recommendation,Pending Customer Response,Low,Chat,22:57:00,,
226,Heather Hood,annaholder@example.com,35,Female,PlayStation,2020-03-29,Technical issue,Product recommendation,Closed,High,Chat,12:23:00,21:54:00,4
227,Angelica Tucker,vanessa77@example.net,53,Female,Apple AirPods,2021-01-04,Billing inquiry,Product recommendation,Closed,High,Phone,22:49:00,16:11:00,4
228,Caroline Cummings,justinsmith@example.net,56,Male,HP Pavilion,2020-03-08,Cancellation request,Product recommendation,Pending Customer Response,Low,Phone,04:59:00,,
230,Rhonda Gomez,srivera@example.net,66,Male,Microsoft Xbox Controller,2021-02-20,Technical issue,Hardware issue,Closed,Critical,Social media,08:10:00,10:40:00,2
231,Ricardo Alexander,brian74@example.com,65,Male,Dyson Vacuum Cleaner,2020-06-29,Refund request,Display issue,Pending Customer Response,Low,Chat,16:17:00,,
232,Amanda Johnson,dmalone@example.net,55,Male,Fitbit Versa Smartwatch,2020-10-31,Technical issue,Account access,Pending Customer Response,High,Phone,00:58:00,,
234,Rachel Jones,andrea53@example.org,67,Other,Bose SoundLink Speaker,2021-02-01,Refund request,Hardware issue,Pending Customer Response,High,Chat,13:13:00,,
236,Ruth Fritz,williamnelson@example.net,18,Female,Canon EOS,2020-12-04,Billing inquiry,Peripheral compatibility,Pending Customer Response,Critical,Email,05:47:00,,
237,Leslie Watson,robertogreen@example.com,40,Male,iPhone,2021-01-07,Refund request,Refund request,Closed,Critical,Phone,08:21:00,00:43:00,3
238,Marcia Lewis,lshaffer@example.com,31,Male,Sony Xperia,2021-09-16,Product inquiry,Peripheral compatibility,Closed,High,Social media,00:51:00,08:38:00,4
239,Christopher Henderson,diazjulie@example.net,69,Female,LG Smart TV,2021-01-21,Refund request,Product compatibility,Pending Customer Response,Critical,Email,16:22:00,,
241,Michael Adams,jacklucas@example.org,66,Male,Philips Hue Lights,2021-07-25,Technical issue,Delivery problem,Closed,Low,Social media,12:44:00,09:42:00,5
242,Marcus Rice,tina56@example.com,55,Male,iPhone,2021-10-26,Billing inquiry,Product compatibility,Closed,Low,Social media,08:10:00,21:49:00,2
244,Nicholas Scott,nicholaspacheco@example.org,43,Other,LG Washing Machine,2020-05-21,Technical issue,Delivery problem,Pending Customer Response,Critical,Chat,06:35:00,,
245,Kathleen Thornton,qburton@example.com,66,Female,Microsoft Office,2020-01-15,Cancellation request,Installation support,Pending Customer Response,Medium,Phone,06:07:00,,
246,Andrea Wood,erica00@example.net,55,Male,iPhone,2020-04-07,Billing inquiry,Product setup,Pending Customer Response,Medium,Phone,04:19:00,,
247,Sean Irwin,mayerroger@example.com,59,Male,GoPro Hero,2020-02-09,Technical issue,Account access,Pending Customer Response,Medium,Chat,05:41:00,,
249,Jared Greene,shirleyweaver@example.com,44,Male,Autodesk AutoCAD,2021-04-22,Refund request,Software bug,Pending Customer Response,Critical,Social media,09:57:00,,
250,David Madden,cathywatson@example.com,35,Male,Sony PlayStation,2021-09-20,Refund request,Product compatibility,Closed,High,Chat,15:10:00,14:34:00,3
251,Zachary Weiss,cindy89@example.org,19,Female,Roomba Robot Vacuum,2021-07-27,Technical issue,Product setup,Closed,Critical,Phone,03:15:00,08:04:00,2
252,James Smith Jr.,rphelps@example.net,29,Other,Microsoft Xbox Controller,2020-12-05,Technical issue,Payment issue,Pending Customer Response,Critical,Social media,14:54:00,,
253,Rebecca Stokes,gallowaywillie@example.com,40,Other,GoPro Action Camera,2020-03-20,Cancellation request,Network problem,Pending Customer Response,High,Social media,03:30:00,,
254,Alexis Lynn,dawsontami@example.com,69,Female,MacBook Pro,2021-11-13,Technical issue,Cancellation request,Pending Customer Response,High,Social media,19:13:00,,
255,Wayne Jefferson,qking@example.org,51,Female,Google Pixel,2021-05-15,Refund request,Installation support,Pending Customer Response,Low,Email,11:01:00,,
257,Sierra Stone,ewilliams@example.net,58,Female,Google Nest,2021-07-18,Cancellation request,Installation support,Pending Customer Response,High,Chat,02:09:00,,
260,Ryan Johnson,makaylawillis@example.org,33,Male,PlayStation,2021-08-14,Billing inquiry,Battery life,Closed,Low,Social media,05:54:00,11:26:00,5
261,Susan Lee,patrick20@example.com,56,Other,Amazon Kindle,2021-05-04,Billing inquiry,Network problem,Pending Customer Response,High,Social media,00:09:00,,
263,John Stewart,kristina97@example.net,48,Male,Microsoft Surface,2021-12-11,Product inquiry,Hardware issue,Closed,Medium,Chat,05:44:00,00:08:00,2
265,Joshua Shaw,valerie29@example.org,46,Other,Sony Xperia,2021-06-28,Refund request,Cancellation request,Closed,Critical,Social media,16:39:00,04:42:00,3
266,Emily Hill,ryan15@example.com,29,Male,LG OLED,2020-04-27,Cancellation request,Product compatibility,Closed,Medium,Chat,20:18:00,16:15:00,2
269,Dennis Miller,ytownsend@example.net,69,Female,Microsoft Surface,2020-08-21,Cancellation request,Refund request,Pending Customer Response,Medium,Phone,08:03:00,,
270,Kathleen Graves,coreymcmillan@example.net,64,Other,MacBook Pro,2021-05-10,Refund request,Hardware issue,Closed,High,Social media,07:21:00,16:09:00,3
271,Patrick Byrd,wunderwood@example.net,63,Male,Xbox,2021-01-08,Billing inquiry,Data loss,Closed,Critical,Phone,14:06:00,13:27:00,1
273,John Fitzgerald,msweeney@example.net,43,Male,LG OLED,2021-10-25,Technical issue,Cancellation request,Pending Customer Response,Critical,Chat,11:24:00,,
278,Brandon Brown,thomasraymond@example.net,39,Female,Autodesk AutoCAD,2020-02-26,Billing inquiry,Refund request,Closed,Medium,Chat,20:36:00,14:25:00,4
279,Bobby Ferguson,ogarcia@example.net,21,Other,Apple AirPods,2021-06-07,Technical issue,Software bug,Closed,Low,Social media,00:42:00,23:05:00,5
280,Rhonda Cook,jennifer58@example.net,40,Female,PlayStation,2021-06-24,Billing inquiry,Product recommendation,Pending Customer Response,High,Social media,06:29:00,,
281,Mark Lambert,amyjohnson@example.org,33,Male,Bose SoundLink Speaker,2021-05-08,Product inquiry,Refund request,Closed,Critical,Chat,14:22:00,16:09:00,2
282,Michael Hill,cryan@example.net,52,Male,Lenovo ThinkPad,2020-11-11,Product inquiry,Hardware issue,Pending Customer Response,Low,Social media,13:00:00,,
285,Gina Hunter,michealhernandez@example.com,35,Female,Microsoft Xbox Controller,2020-03-24,Billing inquiry,Payment issue,Pending Customer Response,Low,Phone,22:22:00,,
286,Joshua Thomas,johnsonjames@example.com,24,Female,Amazon Kindle,2021-11-06,Technical issue,Peripheral compatibility,Pending Customer Response,Medium,Social media,22:02:00,,
287,Richard Salas,anthonycooper@example.org,25,Other,Nintendo Switch,2021-10-23,Technical issue,Cancellation request,Pending Customer Response,Critical,Phone,09:38:00,,
290,Cameron Bennett,zhayes@example.org,30,Other,Bose SoundLink Speaker,2020-03-21,Refund request,Product setup,Pending Customer Response,Critical,Email,16:49:00,,
291,Darryl Edwards,valdezmark@example.net,58,Other,Roomba Robot Vacuum,2020-04-04,Billing inquiry,Payment issue,Pending Customer Response,Low,Chat,22:57:00,,
293,Adrian Ford,robinsondonald@example.org,35,Female,Philips Hue Lights,2021-12-09,Billing inquiry,Product compatibility,Closed,High,Email,05:29:00,09:47:00,2
295,Brian Li,wcox@example.net,58,Female,Philips Hue Lights,2020-09-03,Product inquiry,Cancellation request,Closed,Critical,Phone,01:49:00,00:15:00,3
297,Mindy Medina,thuffman@example.com,26,Female,Microsoft Xbox Controller,2021-04-02,Billing inquiry,Installation support,Closed,Medium,Social media,11:27:00,08:26:00,5
298,Amy Byrd,zacharyjohnson@example.net,24,Male,Apple AirPods,2020-09-12,Cancellation request,Cancellation request,Closed,Critical,Phone,04:14:00,17:40:00,2
300,Kristine Bennett,sarah08@example.org,68,Female,Canon DSLR Camera,2021-10-06,Cancellation request,Product recommendation,Pending Customer Response,Medium,Phone,02:55:00,,
303,Tara Stevenson,tevans@example.org,44,Male,Amazon Kindle,2020-01-22,Product inquiry,Peripheral compatibility,Closed,Medium,Phone,00:49:00,01:53:00,1
304,Emily Combs,john57@example.com,28,Female,Bose SoundLink Speaker,2021-07-26,Cancellation request,Peripheral compatibility,Pending Customer Response,Medium,Social media,10:19:00,,
305,Ryan Barnes,brianjones@example.com,53,Female,Amazon Kindle,2021-03-06,Cancellation request,Software bug,Closed,Medium,Chat,12:24:00,21:20:00,5
307,Nathan Benson,henryelizabeth@example.net,32,Female,GoPro Action Camera,2021-07-05,Refund request,Peripheral compatibility,Closed,Low,Social media,17:07:00,20:10:00,2
308,Lynn Miller,kevinmoody@example.org,21,Female,LG OLED,2020-05-05,Technical issue,Product compatibility,Pending Customer Response,Critical,Social media,08:11:00,,
445,Dr. Lindsay Hernandez,jasonroman@example.com,56,Female,Google Nest,2020-11-24,Technical issue,Display issue,Closed,Medium,Phone,17:19:00,14:40:00,1
311,Raymond Hernandez,woodwardabigail@example.net,53,Male,Nintendo Switch Pro Controller,2020-09-06,Technical issue,Peripheral compatibility,Closed,High,Social media,13:51:00,04:49:00,2
312,Bradley Jimenez,dvalentine@example.com,46,Female,Bose QuietComfort,2020-07-18,Refund request,Product setup,Closed,Critical,Chat,07:18:00,09:18:00,2
313,Tara Foster,daniel23@example.net,46,Female,Microsoft Xbox Controller,2020-06-26,Technical issue,Battery life,Closed,Medium,Email,00:13:00,01:29:00,1
315,Mrs. Katherine Butler,james32@example.com,30,Female,GoPro Hero,2021-01-15,Cancellation request,Payment issue,Closed,High,Email,05:58:00,05:41:00,2
316,Daniel Robles,lisa39@example.com,33,Other,Fitbit Versa Smartwatch,2020-09-02,Cancellation request,Hardware issue,Pending Customer Response,Critical,Chat,22:01:00,,
318,Tamara Olson,ashley51@example.com,18,Male,Apple AirPods,2020-05-03,Technical issue,Cancellation request,Closed,Low,Chat,07:32:00,23:53:00,4
319,Mitchell Kidd,emily89@example.com,28,Female,Nintendo Switch,2021-09-10,Billing inquiry,Refund request,Pending Customer Response,Medium,Email,18:51:00,,
321,James Galvan,james76@example.com,27,Other,Nest Thermostat,2021-08-09,Cancellation request,Software bug,Closed,Medium,Email,12:49:00,05:11:00,4
323,Cindy Hale,nicole58@example.com,70,Male,Canon DSLR Camera,2021-11-24,Refund request,Battery life,Closed,Critical,Social media,06:48:00,23:56:00,3
325,Helen Holloway,olee@example.org,66,Other,LG Washing Machine,2020-03-11,Product inquiry,Battery life,Pending Customer Response,Low,Phone,06:35:00,,
326,Karen Cook,mfoster@example.net,52,Female,Microsoft Surface,2020-01-27,Refund request,Hardware issue,Closed,Low,Phone,00:41:00,11:28:00,4
327,Charles Brooks,hannah12@example.org,69,Male,GoPro Action Camera,2020-07-14,Product inquiry,Account access,Pending Customer Response,Critical,Email,04:58:00,,
330,Marie Cobb,rosalessarah@example.net,45,Female,GoPro Hero,2021-10-21,Refund request,Product recommendation,Closed,Medium,Chat,04:28:00,09:59:00,5
332,James Price,alecleonard@example.net,49,Male,Canon EOS,2020-07-09,Cancellation request,Account access,Pending Customer Response,Medium,Phone,00:05:00,,
333,Cindy Black,jeffersonsteven@example.org,21,Male,Fitbit Versa Smartwatch,2020-04-18,Technical issue,Delivery problem,Closed,Medium,Social media,18:11:00,19:56:00,2
334,Shannon Hill,goodrachel@example.org,41,Other,Nintendo Switch Pro Controller,2021-02-06,Technical issue,Installation support,Closed,Medium,Phone,10:39:00,23:46:00,2
335,Tammy Stevenson,christopherconley@example.net,63,Female,Xbox,2021-04-20,Product inquiry,Product recommendation,Pending Customer Response,High,Email,18:51:00,,
337,Jason Nicholson,frank35@example.org,33,Male,Amazon Echo,2020-10-16,Technical issue,Product compatibility,Pending Customer Response,Critical,Phone,19:18:00,,
339,Edward Thompson,orowe@example.org,45,Male,iPhone,2021-02-07,Technical issue,Product compatibility,Closed,Critical,Social media,08:44:00,16:42:00,3
340,Bradley Nelson,qmiller@example.com,33,Male,Roomba Robot Vacuum,2020-02-25,Product inquiry,Data loss,Closed,Low,Email,15:40:00,11:02:00,1
342,Todd Garrett,lopezannette@example.com,20,Female,Amazon Kindle,2021-11-25,Cancellation request,Product compatibility,Pending Customer Response,Critical,Email,21:26:00,,
343,Joshua Glover,buckrebecca@example.net,21,Male,Sony PlayStation,2021-01-20,Cancellation request,Cancellation request,Closed,Low,Chat,15:44:00,21:15:00,5
345,Leslie Gomez,maciascynthia@example.net,52,Other,HP Pavilion,2021-05-16,Technical issue,Network problem,Closed,High,Phone,05:24:00,17:25:00,3
346,Hannah Gibbs,desiree63@example.com,54,Male,Garmin Forerunner,2021-04-12,Technical issue,Payment issue,Closed,High,Social media,15:56:00,07:13:00,5
349,Mark Castro,aprilclayton@example.net,52,Male,Autodesk AutoCAD,2021-10-13,Technical issue,Battery life,Pending Customer Response,Medium,Email,18:27:00,,
350,Matthew Richardson,michelle98@example.com,28,Female,LG OLED,2020-07-15,Billing inquiry,Battery life,Closed,Critical,Email,23:30:00,17:25:00,3
351,Ryan Murillo,coopermaria@example.org,70,Other,Garmin Forerunner,2021-10-27,Cancellation request,Product compatibility,Closed,Critical,Social media,07:33:00,17:15:00,2
352,Ryan Reed,darlene10@example.com,51,Female,Google Nest,2021-12-19,Cancellation request,Account access,Pending Customer Response,Medium,Phone,01:32:00,,
353,Lisa Smith,hayeskyle@example.net,47,Male,Bose SoundLink Speaker,2020-12-14,Refund request,Installation support,Closed,High,Email,16:10:00,10:42:00,2
354,Shannon Brooks,ryanbowman@example.com,52,Male,Nest Thermostat,2021-12-29,Cancellation request,Refund request,Closed,Critical,Chat,19:19:00,04:54:00,4
355,Joan Smith,jessicaruiz@example.com,51,Male,PlayStation,2020-07-11,Billing inquiry,Product recommendation,Pending Customer Response,Medium,Phone,23:23:00,,
356,Jenna Allen,pyoung@example.com,18,Other,LG Washing Machine,2020-01-06,Billing inquiry,Product compatibility,Pending Customer Response,High,Social media,02:07:00,,
357,Kimberly Davenport,jacqueline15@example.net,38,Male,iPhone,2021-10-14,Technical issue,Cancellation request,Closed,High,Chat,01:05:00,20:42:00,2
359,James Lewis,curtis49@example.com,58,Male,Google Nest,2021-01-03,Billing inquiry,Battery life,Pending Customer Response,Low,Social media,07:13:00,,
361,Andrea Cruz,sydneymoss@example.org,42,Male,Nintendo Switch Pro Controller,2020-02-05,Cancellation request,Network problem,Closed,Medium,Email,06:19:00,08:39:00,5
362,Denise Taylor,bailey77@example.com,50,Other,Bose QuietComfort,2020-12-05,Product inquiry,Product compatibility,Closed,Medium,Chat,12:47:00,14:54:00,4
365,Cindy Garza,nsmith@example.com,33,Male,GoPro Action Camera,2021-09-25,Cancellation request,Payment issue,Closed,High,Chat,15:03:00,20:10:00,1
366,Alison Carroll,julia73@example.net,22,Male,Bose QuietComfort,2020-02-02,Billing inquiry,Peripheral compatibility,Closed,Medium,Social media,11:34:00,07:18:00,3
369,Theresa Duran,danielbennett@example.net,29,Other,Amazon Kindle,2020-09-19,Cancellation request,Account access,Pending Customer Response,Low,Chat,08:29:00,,
370,Lisa Stanton,nwelch@example.org,62,Male,LG OLED,2021-11-17,Product inquiry,Software bug,Pending Customer Response,Low,Chat,01:26:00,,
371,Brandon Mathews,teresa96@example.com,24,Male,Roomba Robot Vacuum,2020-10-31,Refund request,Account access,Closed,Medium,Email,14:12:00,23:26:00,2
372,Daniel Lowe,wmassey@example.org,39,Other,Amazon Kindle,2021-02-21,Cancellation request,Battery life,Closed,Medium,Email,22:20:00,22:59:00,1
373,Travis Harris,melissa61@example.org,32,Male,GoPro Action Camera,2021-11-04,Refund request,Battery life,Closed,Medium,Social media,14:52:00,21:08:00,5
374,Lisa Mcdowell,carterstephanie@example.org,24,Other,GoPro Hero,2021-06-01,Technical issue,Cancellation request,Closed,Critical,Phone,10:52:00,11:42:00,1
375,Kenneth Esparza,rodriguezmonique@example.org,63,Male,LG Washing Machine,2020-02-21,Product inquiry,Installation support,Pending Customer Response,Low,Email,04:34:00,,
376,Cynthia Ramos MD,robert41@example.com,30,Female,Lenovo ThinkPad,2021-08-12,Product inquiry,Refund request,Closed,Low,Phone,19:50:00,20:11:00,1
377,Eric Harris,davisashley@example.net,28,Male,GoPro Action Camera,2021-05-10,Refund request,Hardware issue,Pending Customer Response,Low,Email,20:07:00,,
379,Thomas Garcia,jack76@example.org,42,Other,Nintendo Switch,2020-07-19,Refund request,Data loss,Closed,Medium,Email,18:31:00,22:18:00,4
381,Tracy Guerrero,wandadavis@example.net,37,Female,GoPro Hero,2020-05-03,Product inquiry,Peripheral compatibility,Closed,Low,Email,07:09:00,13:10:00,5
382,Christopher Jones,matthewking@example.net,62,Male,Sony PlayStation,2021-09-07,Product inquiry,Refund request,Closed,High,Email,01:57:00,23:14:00,4
384,Antonio Herrera,ydean@example.com,37,Other,Sony 4K HDR TV,2020-12-16,Refund request,Display issue,Closed,High,Social media,08:19:00,13:00:00,3
386,Rachel Ballard,kimberlystevens@example.org,49,Female,Google Nest,2020-10-25,Technical issue,Software bug,Closed,Medium,Chat,15:49:00,11:32:00,4
387,Michael Mitchell,richardssteven@example.com,52,Male,iPhone,2021-07-17,Cancellation request,Hardware issue,Closed,Critical,Email,17:25:00,23:21:00,2
388,David Zimmerman,jack82@example.net,22,Female,Adobe Photoshop,2020-12-08,Billing inquiry,Data loss,Closed,High,Chat,16:17:00,17:28:00,4
389,Stanley Smith,mallen@example.net,33,Female,Nikon D,2020-08-09,Refund request,Hardware issue,Pending Customer Response,Medium,Chat,17:36:00,,
390,Rodney Shields,khernandez@example.com,40,Other,Canon EOS,2021-09-12,Billing inquiry,Delivery problem,Pending Customer Response,Medium,Email,19:37:00,,
391,Aaron Reed,stacey08@example.org,19,Other,Bose SoundLink Speaker,2021-07-09,Technical issue,Display issue,Closed,High,Phone,05:20:00,17:47:00,4
392,Steven Fox,jolson@example.org,60,Other,iPhone,2020-05-29,Refund request,Display issue,Pending Customer Response,High,Phone,05:28:00,,
393,Roger Shelton,oparks@example.com,20,Female,Amazon Kindle,2021-01-21,Billing inquiry,Battery life,Pending Customer Response,Critical,Phone,14:26:00,,
394,Kimberly May,idrake@example.org,26,Female,Asus ROG,2021-08-27,Billing inquiry,Delivery problem,Pending Customer Response,High,Chat,15:51:00,,
395,April Wolf,smithrichard@example.com,43,Female,Microsoft Surface,2020-02-26,Product inquiry,Refund request,Closed,Critical,Chat,16:18:00,12:07:00,1
396,Devon Bauer,beasleygerald@example.org,21,Female,GoPro Action Camera,2020-12-26,Technical issue,Delivery problem,Closed,Low,Phone,21:55:00,08:31:00,2
397,William Allen,jturner@example.org,49,Other,Roomba Robot Vacuum,2021-02-23,Refund request,Refund request,Pending Customer Response,Low,Chat,06:03:00,,
399,Richard Jordan,turnerbarbara@example.net,41,Female,iPhone,2021-04-02,Billing inquiry,Product recommendation,Pending Customer Response,Critical,Phone,06:14:00,,
400,Heather Jacobs,racheladams@example.net,26,Male,Fitbit Versa Smartwatch,2020-04-18,Product inquiry,Account access,Pending Customer Response,High,Chat,05:46:00,,
402,Rhonda Welch,pharper@example.com,59,Other,Xbox,2021-12-14,Billing inquiry,Display issue,Pending Customer Response,Medium,Email,03:47:00,,
403,Julie Burns,nicole55@example.com,51,Female,Sony 4K HDR TV,2021-06-01,Cancellation request,Cancellation request,Closed,Medium,Social media,10:23:00,08:51:00,3
404,Ryan Taylor,kvasquez@example.com,67,Other,Google Nest,2021-11-11,Billing inquiry,Installation support,Closed,Low,Phone,02:42:00,22:34:00,1
405,Tony Marsh,wmorris@example.org,69,Male,Asus ROG,2021-08-30,Cancellation request,Battery life,Closed,Critical,Social media,08:45:00,13:11:00,2
409,Renee Castro,samuelgreer@example.net,49,Female,Dyson Vacuum Cleaner,2020-03-20,Product inquiry,Product compatibility,Closed,Critical,Email,16:44:00,02:29:00,2
411,Debra Ramirez,robertsonjohn@example.net,33,Female,Lenovo ThinkPad,2020-08-12,Cancellation request,Product recommendation,Pending Customer Response,Low,Chat,19:28:00,,
412,Jaime Harvey,zhansen@example.com,19,Male,Amazon Kindle,2021-05-16,Refund request,Hardware issue,Closed,Low,Phone,05:07:00,06:59:00,4
413,Daniel Ramsey,tonimacias@example.com,49,Female,Sony Xperia,2021-03-22,Refund request,Battery life,Pending Customer Response,Medium,Email,01:27:00,,
419,Kara Wright PhD,dawnmartinez@example.net,47,Female,Garmin Forerunner,2020-06-17,Technical issue,Software bug,Closed,Low,Chat,22:20:00,20:41:00,2
421,Brandon Guerrero,parkerjames@example.com,22,Other,Amazon Echo,2020-03-14,Billing inquiry,Software bug,Pending Customer Response,Critical,Phone,20:33:00,,
422,Katherine Montgomery,jimenezkimberly@example.com,43,Female,Adobe Photoshop,2021-08-11,Cancellation request,Refund request,Pending Customer Response,Medium,Email,12:08:00,,
423,Anna Dickerson,nicholas56@example.com,68,Male,Sony Xperia,2021-10-14,Cancellation request,Data loss,Pending Customer Response,Low,Email,19:30:00,,
424,Ricky Rangel,nstanley@example.org,49,Male,Nintendo Switch,2020-04-19,Product inquiry,Display issue,Pending Customer Response,High,Phone,01:27:00,,
425,Brittany Hernandez,mcclureangela@example.org,68,Female,Samsung Galaxy,2020-05-28,Product inquiry,Hardware issue,Pending Customer Response,High,Chat,20:57:00,,
427,Melissa Anderson,perezrobert@example.com,66,Male,Amazon Echo,2021-05-30,Billing inquiry,Installation support,Pending Customer Response,High,Email,02:39:00,,
429,Jenna Ellis,kevinbrennan@example.net,35,Male,Philips Hue Lights,2020-04-21,Refund request,Hardware issue,Closed,High,Phone,17:08:00,06:23:00,3
430,Gina Cherry,leslie80@example.com,64,Male,Sony 4K HDR TV,2021-02-12,Refund request,Data loss,Closed,Low,Chat,15:09:00,16:26:00,1
431,Danielle Richardson,collin34@example.net,54,Other,Garmin Forerunner,2020-09-23,Cancellation request,Software bug,Pending Customer Response,Low,Phone,05:28:00,,
432,Matthew Peters,lawrencestephen@example.net,34,Other,Garmin Forerunner,2020-05-03,Billing inquiry,Product recommendation,Pending Customer Response,Low,Email,22:03:00,,
433,Richard Jennings,richardsnancy@example.net,21,Male,Nintendo Switch Pro Controller,2020-07-26,Product inquiry,Battery life,Pending Customer Response,Medium,Email,14:34:00,,
436,Rebecca Gilmore,ocannon@example.org,68,Female,Lenovo ThinkPad,2021-01-12,Billing inquiry,Refund request,Pending Customer Response,Critical,Social media,12:43:00,,
438,Timothy Holder,vrichardson@example.net,69,Female,Canon EOS,2021-04-25,Cancellation request,Product setup,Closed,Critical,Social media,10:05:00,16:12:00,4
439,Taylor Burnett,newmaneric@example.org,57,Other,MacBook Pro,2021-05-22,Product inquiry,Delivery problem,Closed,Medium,Social media,02:04:00,01:54:00,2
440,Dr. Shane Day,marymcdaniel@example.com,55,Other,LG OLED,2021-10-29,Cancellation request,Network problem,Closed,Low,Email,20:32:00,20:08:00,2
442,Suzanne Miller,stephenperry@example.com,39,Male,Amazon Kindle,2020-05-27,Technical issue,Data loss,Closed,Medium,Chat,17:31:00,04:43:00,2
443,Carlos Ochoa,hcarter@example.com,66,Other,Bose QuietComfort,2020-03-26,Refund request,Software bug,Pending Customer Response,Low,Chat,00:58:00,,
444,Veronica White,turnerandrew@example.org,36,Male,Canon DSLR Camera,2021-04-22,Refund request,Delivery problem,Closed,Medium,Phone,05:17:00,12:06:00,3
447,Mason Wilson,tharmon@example.net,57,Male,Nintendo Switch Pro Controller,2020-11-17,Cancellation request,Delivery problem,Pending Customer Response,Medium,Chat,23:33:00,,
448,Matthew Hayes,erikasanchez@example.com,59,Other,Amazon Echo,2021-09-11,Billing inquiry,Delivery problem,Pending Customer Response,High,Phone,16:26:00,,
449,Christopher Smith,ogarcia@example.org,48,Male,GoPro Action Camera,2020-11-04,Cancellation request,Battery life,Pending Customer Response,Medium,Phone,17:20:00,,
450,Walter Young,jasminekennedy@example.org,47,Other,Canon DSLR Camera,2020-02-04,Refund request,Software bug,Closed,Critical,Chat,21:08:00,05:56:00,1
451,Katherine Stone,thomashoover@example.net,54,Male,Apple AirPods,2021-08-12,Refund request,Product recommendation,Pending Customer Response,Critical,Email,13:33:00,,
452,Hannah Norton,david91@example.net,46,Male,Canon EOS,2020-04-24,Product inquiry,Display issue,Pending Customer Response,Low,Phone,15:34:00,,
454,Tamara Ferguson DVM,yangmichelle@example.com,21,Female,Nikon D,2021-04-01,Billing inquiry,Account access,Closed,High,Social media,15:48:00,23:53:00,1
455,Jerry Good,russellsharon@example.net,61,Female,Microsoft Office,2021-01-06,Billing inquiry,Network problem,Pending Customer Response,Critical,Social media,10:35:00,,
456,Denise Huang,amanda00@example.org,28,Male,Fitbit Versa Smartwatch,2021-03-14,Refund request,Cancellation request,Closed,Low,Social media,04:01:00,06:25:00,5
458,Marissa Davis,adkinsdaniel@example.net,67,Other,Microsoft Office,2021-01-02,Refund request,Software bug,Pending Customer Response,Critical,Chat,01:58:00,,
459,Dana Flowers,baileyjohn@example.net,58,Male,Amazon Echo,2020-07-13,Refund request,Delivery problem,Closed,Low,Email,21:18:00,11:28:00,5
460,Denise Jones,michaelbell@example.net,40,Female,PlayStation,2021-02-20,Product inquiry,Payment issue,Closed,Low,Email,12:21:00,11:52:00,1
462,Marissa Johnston,richardsyvonne@example.com,52,Other,Google Nest,2020-09-22,Billing inquiry,Delivery problem,Closed,Critical,Email,23:15:00,13:29:00,3
463,Ryan Palmer,odixon@example.org,20,Other,LG Smart TV,2020-12-22,Product inquiry,Account access,Pending Customer Response,Medium,Social media,21:01:00,,
464,Michael Miller,douglasvilla@example.com,51,Other,Canon EOS,2020-07-17,Product inquiry,Cancellation request,Closed,Medium,Social media,05:55:00,08:26:00,2
465,Dustin Smith,phillipnorton@example.com,32,Other,LG Smart TV,2021-10-17,Cancellation request,Cancellation request,Pending Customer Response,Critical,Email,20:49:00,,
466,Scott Bennett,ybradshaw@example.net,58,Other,Samsung Galaxy,2020-02-27,Product inquiry,Product recommendation,Pending Customer Response,High,Chat,10:12:00,,
468,Dean Jones,jonathan30@example.net,19,Female,Microsoft Xbox Controller,2020-04-26,Billing inquiry,Delivery problem,Closed,Critical,Chat,13:09:00,07:01:00,5
469,Edward Scott,mmelton@example.net,38,Female,GoPro Action Camera,2020-09-16,Cancellation request,Network problem,Closed,Low,Email,04:59:00,23:16:00,2
471,Michael Hammond,austinmichele@example.com,65,Other,Nintendo Switch,2021-04-26,Refund request,Data loss,Closed,Critical,Phone,19:40:00,12:24:00,3
472,Samantha Ryan,emanning@example.org,38,Female,Asus ROG,2020-11-27,Product inquiry,Product compatibility,Pending Customer Response,High,Social media,02:01:00,,
473,Amanda Davis,lisamorales@example.net,42,Female,Samsung Soundbar,2021-06-04,Cancellation request,Refund request,Closed,Medium,Phone,13:13:00,10:51:00,4
475,Holly Simon,oconnoremma@example.net,60,Other,Canon DSLR Camera,2021-12-02,Product inquiry,Account access,Closed,Low,Social media,11:53:00,02:25:00,1
479,James David,james81@example.org,38,Female,Lenovo ThinkPad,2021-10-11,Billing inquiry,Software bug,Pending Customer Response,Low,Social media,07:29:00,,
482,Arthur Massey,castillotheodore@example.org,21,Male,Nintendo Switch Pro Controller,2020-01-10,Cancellation request,Refund request,Pending Customer Response,High,Chat,10:23:00,,
484,Brandi Torres,janetfox@example.com,37,Other,Amazon Kindle,2020-09-24,Technical issue,Product setup,Closed,Low,Phone,21:39:00,00:26:00,5
485,Carrie Wise,coopergloria@example.net,70,Female,Canon DSLR Camera,2021-07-25,Technical issue,Data loss,Closed,Critical,Chat,18:13:00,07:18:00,5
486,Karen Torres,gabriellamcdonald@example.org,33,Female,Dyson Vacuum Cleaner,2021-06-20,Product inquiry,Product compatibility,Closed,Medium,Phone,00:38:00,12:23:00,5
487,Seth Johnson,stevenmiller@example.net,39,Other,Dell XPS,2021-11-15,Refund request,Cancellation request,Pending Customer Response,High,Email,03:39:00,,
491,William Nelson,andre05@example.net,46,Male,Microsoft Office,2021-08-03,Billing inquiry,Display issue,Pending Customer Response,Low,Social media,15:26:00,,
493,Susan Green MD,smithjames@example.com,66,Male,Autodesk AutoCAD,2020-03-16,Billing inquiry,Account access,Closed,Critical,Chat,16:51:00,06:56:00,4
496,Kenneth Larson,walexander@example.com,33,Other,Fitbit Charge,2021-12-04,Technical issue,Account access,Closed,Low,Social media,05:41:00,21:03:00,1
497,Michael Morgan,angelakelley@example.com,66,Other,Sony PlayStation,2020-11-06,Technical issue,Installation support,Closed,Medium,Phone,05:25:00,11:38:00,1
501,Scott Turner,sheila90@example.com,66,Other,Garmin Forerunner,2020-08-22,Cancellation request,Product compatibility,Closed,High,Chat,07:59:00,16:30:00,5
502,April Rogers,shelley50@example.org,59,Female,Canon DSLR Camera,2021-05-29,Billing inquiry,Hardware issue,Closed,Critical,Phone,17:38:00,17:52:00,2
504,William Lane,igonzales@example.org,43,Female,Sony Xperia,2021-08-20,Technical issue,Cancellation request,Closed,Medium,Phone,13:38:00,17:04:00,3
505,Jillian Lawson,brownbradley@example.com,39,Female,Sony PlayStation,2020-10-14,Product inquiry,Account access,Pending Customer Response,Low,Email,07:39:00,,
506,Justin Park,sheltongary@example.org,33,Male,Philips Hue Lights,2021-04-09,Billing inquiry,Peripheral compatibility,Pending Customer Response,Critical,Social media,03:26:00,,
507,Jose Bradley,bettyhenderson@example.com,36,Male,PlayStation,2020-05-20,Cancellation request,Data loss,Pending Customer Response,Critical,Chat,23:47:00,,
508,Kelly Hernandez,robert48@example.com,60,Male,LG Washing Machine,2020-02-05,Cancellation request,Payment issue,Pending Customer Response,Critical,Email,13:11:00,,
510,Sean Tucker,franciselizabeth@example.com,40,Male,Asus ROG,2021-12-15,Product inquiry,Product compatibility,Closed,High,Chat,09:28:00,16:42:00,5
511,Michael Odonnell,zobrien@example.net,68,Female,Amazon Kindle,2020-07-10,Refund request,Product setup,Pending Customer Response,Low,Phone,23:01:00,,
512,Steven Pham,ewilson@example.com,43,Other,Canon EOS,2021-09-16,Product inquiry,Battery life,Closed,Low,Phone,03:19:00,08:45:00,2
513,Leah Riley,lisapena@example.net,18,Other,LG OLED,2021-10-18,Refund request,Peripheral compatibility,Pending Customer Response,Low,Chat,20:25:00,,
514,William Garcia,webbbrian@example.net,39,Female,Microsoft Xbox Controller,2021-06-26,Product inquiry,Refund request,Pending Customer Response,Critical,Phone,16:19:00,,
515,Robert Duffy,murphytara@example.org,62,Other,Amazon Echo,2021-02-12,Technical issue,Delivery problem,Closed,Critical,Chat,16:15:00,13:23:00,1
516,Steven Henry,miranda59@example.com,54,Male,GoPro Hero,2021-04-01,Technical issue,Product recommendation,Closed,Medium,Phone,02:01:00,23:55:00,2
517,Richard Elliott,wrightmichael@example.org,55,Male,Dyson Vacuum Cleaner,2020-03-03,Billing inquiry,Software bug,Closed,Critical,Phone,03:20:00,12:48:00,4
519,Andrew Smith,zjones@example.com,21,Female,Nest Thermostat,2021-01-07,Product inquiry,Account access,Closed,Critical,Chat,11:17:00,18:17:00,3
521,Ashley Rojas,tiffanyzuniga@example.com,52,Male,LG Smart TV,2021-08-20,Cancellation request,Software bug,Pending Customer Response,Critical,Email,17:08:00,,
522,Gina Hull,catherineduarte@example.com,25,Other,Fitbit Charge,2020-02-05,Product inquiry,Product compatibility,Pending Customer Response,Low,Phone,17:13:00,,
525,Heather Dawson,xkelly@example.com,38,Other,Nikon D,2020-10-21,Refund request,Battery life,Closed,Low,Email,14:37:00,04:39:00,3
526,Cody Bailey,lori66@example.com,30,Male,Microsoft Office,2020-12-19,Refund request,Product setup,Closed,Medium,Chat,21:44:00,07:55:00,1
527,Roger Pitts,annacarey@example.org,52,Female,Bose QuietComfort,2021-06-05,Refund request,Display issue,Closed,Critical,Social media,02:32:00,21:18:00,1
528,George Reed,briandaniels@example.org,47,Female,Microsoft Surface,2021-06-28,Refund request,Delivery problem,Pending Customer Response,Critical,Email,06:00:00,,
529,Sandra Nixon,heathshannon@example.net,54,Other,Roomba Robot Vacuum,2021-06-12,Product inquiry,Product compatibility,Pending Customer Response,Low,Social media,04:56:00,,
530,Michael Bryant,kingcharles@example.org,45,Other,Nintendo Switch,2020-02-24,Cancellation request,Hardware issue,Pending Customer Response,Medium,Phone,16:17:00,,
534,Joseph Nguyen,bdavis@example.com,23,Other,LG Smart TV,2021-06-11,Product inquiry,Product compatibility,Pending Customer Response,Medium,Chat,22:05:00,,
535,Holly Perez,martinangela@example.com,48,Other,Sony 4K HDR TV,2020-11-29,Technical issue,Account access,Closed,Medium,Phone,14:32:00,09:59:00,2
537,Rebecca Wood,roberta54@example.com,32,Female,Microsoft Xbox Controller,2021-09-13,Technical issue,Peripheral compatibility,Closed,Medium,Phone,14:14:00,18:18:00,3
538,Mr. James Norman,zthomas@example.org,49,Other,Apple AirPods,2020-10-06,Technical issue,Battery life,Pending Customer Response,High,Email,03:40:00,,
540,Barbara Barnes,gfowler@example.org,27,Other,Adobe Photoshop,2021-04-04,Cancellation request,Cancellation request,Closed,Medium,Chat,06:21:00,16:47:00,3
541,Melissa Turner,lwilliams@example.com,19,Female,Dell XPS,2021-03-06,Product inquiry,Software bug,Pending Customer Response,Critical,Email,22:20:00,,
544,Amanda Robertson,howard95@example.com,18,Male,PlayStation,2021-08-06,Refund request,Display issue,Closed,Low,Email,23:07:00,17:51:00,2
546,Charles Hernandez,thill@example.net,65,Other,Canon DSLR Camera,2021-06-08,Cancellation request,Software bug,Pending Customer Response,Medium,Email,01:27:00,,
549,Erika Villanueva,traci82@example.org,69,Other,Sony 4K HDR TV,2021-02-18,Refund request,Refund request,Pending Customer Response,Low,Chat,17:19:00,,
552,Denise Gould,tracy10@example.com,45,Female,Google Pixel,2020-06-17,Technical issue,Display issue,Pending Customer Response,Critical,Phone,03:42:00,,
553,Sylvia Russell,stephanieglenn@example.org,53,Male,Asus ROG,2021-08-04,Technical issue,Cancellation request,Pending Customer Response,Critical,Chat,00:11:00,,
554,Kathryn Hunter,lbutler@example.org,45,Female,Microsoft Surface,2021-06-05,Billing inquiry,Product setup,Pending Customer Response,High,Phone,23:47:00,,
556,Jenny Flynn,richardsonsavannah@example.net,44,Male,Google Pixel,2021-10-14,Billing inquiry,Installation support,Closed,Critical,Email,21:38:00,12:57:00,5
559,Anna White,scott07@example.com,42,Male,Nikon D,2020-07-02,Product inquiry,Peripheral compatibility,Closed,Critical,Chat,17:14:00,20:09:00,3
561,Anthony Wells,iflores@example.org,42,Other,Google Pixel,2020-05-31,Technical issue,Display issue,Pending Customer Response,Critical,Phone,19:38:00,,
562,Angela Hall,andersonmario@example.org,44,Male,LG OLED,2020-05-17,Technical issue,Network problem,Closed,Medium,Phone,03:59:00,11:54:00,3
563,Kimberly Cunningham,xoliver@example.org,64,Male,Samsung Galaxy,2020-10-11,Technical issue,Delivery problem,Pending Customer Response,Medium,Social media,16:18:00,,
564,Tara Pratt,graysandra@example.com,51,Male,Garmin Forerunner,2020-05-13,Billing inquiry,Battery life,Pending Customer Response,Low,Social media,13:26:00,,
565,Brianna Evans,ihall@example.com,20,Female,Sony Xperia,2020-10-24,Cancellation request,Cancellation request,Closed,High,Phone,04:54:00,01:22:00,5
567,Melissa Weiss,cooperkerri@example.net,36,Male,MacBook Pro,2021-02-22,Product inquiry,Installation support,Pending Customer Response,Low,Chat,18:48:00,,
568,Taylor Alvarez,alyssa74@example.org,46,Female,Canon EOS,2021-09-30,Billing inquiry,Peripheral compatibility,Closed,High,Phone,17:56:00,06:54:00,1
569,Teresa Jimenez,jsilva@example.org,44,Female,Samsung Galaxy,2020-12-24,Product inquiry,Network problem,Closed,Low,Social media,05:21:00,17:33:00,4
571,Levi Valencia,guzmanlindsey@example.com,70,Female,Asus ROG,2021-05-18,Product inquiry,Refund request,Pending Customer Response,Low,Chat,04:25:00,,
572,Charles Wells,ecopeland@example.org,20,Female,Bose QuietComfort,2020-04-21,Billing inquiry,Network problem,Pending Customer Response,Low,Phone,06:01:00,,
574,Jennifer Ramsey,smontgomery@example.net,54,Other,Asus ROG,2020-05-28,Cancellation request,Network problem,Pending Customer Response,Critical,Chat,08:49:00,,
575,Michael Fields,mcbrideelizabeth@example.net,25,Female,Adobe Photoshop,2021-05-07,Billing inquiry,Network problem,Closed,Medium,Chat,15:13:00,10:19:00,2
576,Becky Evans,steven73@example.org,32,Female,Sony 4K HDR TV,2021-05-25,Billing inquiry,Data loss,Closed,Low,Email,16:53:00,06:47:00,4
577,Jeffrey Pratt,jennifer23@example.org,66,Other,Apple AirPods,2020-12-11,Product inquiry,Account access,Closed,Low,Social media,20:39:00,02:51:00,1
579,Timothy Gomez,nathan33@example.org,29,Other,Apple AirPods,2020-01-18,Technical issue,Product compatibility,Pending Customer Response,Medium,Chat,20:48:00,,
581,Rebekah Price,ocarter@example.org,27,Other,Samsung Galaxy,2020-09-07,Cancellation request,Software bug,Closed,Critical,Social media,03:37:00,06:13:00,2
582,Briana Taylor,smithjustin@example.net,50,Male,GoPro Action Camera,2021-05-04,Refund request,Installation support,Pending Customer Response,Low,Social media,13:13:00,,
584,Jacob Howard,michael40@example.net,69,Female,LG OLED,2021-06-01,Cancellation request,Display issue,Pending Customer Response,High,Social media,19:38:00,,
586,Patricia Jones,andrew63@example.org,24,Male,Microsoft Office,2020-04-03,Refund request,Product setup,Closed,Critical,Chat,14:43:00,06:39:00,2
588,Lisa Morgan,craig54@example.com,52,Male,LG OLED,2020-01-24,Refund request,Product recommendation,Closed,Medium,Phone,05:25:00,15:48:00,2
589,Matthew Martinez,heather15@example.net,54,Other,Fitbit Charge,2021-04-14,Billing inquiry,Peripheral compatibility,Pending Customer Response,Critical,Social media,19:06:00,,
590,Jason Serrano,haleykenneth@example.net,44,Female,PlayStation,2020-02-23,Technical issue,Data loss,Closed,High,Phone,02:53:00,04:04:00,5
591,Mark Woodward,dawn75@example.com,39,Male,Google Pixel,2020-02-12,Refund request,Refund request,Pending Customer Response,Low,Phone,20:40:00,,
596,Jennifer Anderson,skennedy@example.org,60,Other,Samsung Soundbar,2021-02-11,Cancellation request,Payment issue,Pending Customer Response,Low,Chat,11:52:00,,
597,Mr. Victor Nguyen,ruizkeith@example.net,68,Male,LG Smart TV,2020-02-09,Cancellation request,Data loss,Closed,Critical,Phone,14:02:00,12:27:00,3
598,Matthew Tran,qmeyer@example.net,37,Male,Garmin Forerunner,2020-02-07,Technical issue,Cancellation request,Closed,High,Phone,00:32:00,14:19:00,4
599,Michelle Harris,katherineestrada@example.com,45,Male,GoPro Action Camera,2021-07-21,Technical issue,Account access,Closed,Critical,Social media,09:54:00,19:12:00,2
600,Candace Taylor,richardspencer@example.net,69,Other,LG OLED,2021-04-05,Technical issue,Product setup,Pending Customer Response,High,Social media,22:05:00,,
601,Terrance Turner,lopezdavid@example.net,64,Other,Canon DSLR Camera,2021-04-20,Billing inquiry,Installation support,Closed,Low,Email,06:35:00,14:52:00,4
602,Gary Wilkerson,carolvalencia@example.com,43,Other,Fitbit Charge,2020-05-05,Technical issue,Account access,Pending Customer Response,High,Email,17:25:00,,
603,Jamie Nelson,cody03@example.org,41,Male,Nintendo Switch Pro Controller,2021-02-13,Billing inquiry,Delivery problem,Pending Customer Response,Critical,Phone,17:24:00,,
604,Sharon Fuller,melissaperez@example.com,48,Other,Lenovo ThinkPad,2020-04-11,Refund request,Refund request,Closed,Critical,Email,07:22:00,02:05:00,5
605,Samuel Delgado II,wjackson@example.com,27,Other,Google Pixel,2021-11-01,Product inquiry,Installation support,Closed,Critical,Social media,05:10:00,14:00:00,3
610,James Russell,lindahensley@example.com,65,Other,GoPro Action Camera,2021-03-13,Refund request,Data loss,Pending Customer Response,Medium,Social media,13:26:00,,
611,John Mendoza,daviesandrew@example.org,52,Other,Dyson Vacuum Cleaner,2021-03-22,Cancellation request,Delivery problem,Pending Customer Response,Low,Chat,14:27:00,,
612,Phillip Roman,nicolepowell@example.com,19,Female,MacBook Pro,2021-12-02,Product inquiry,Network problem,Closed,Medium,Phone,19:30:00,16:04:00,4
613,Denise Allen,reeseashley@example.org,34,Female,Dyson Vacuum Cleaner,2021-10-16,Refund request,Cancellation request,Pending Customer Response,Medium,Email,06:54:00,,
614,Jose Hunter,abbottmackenzie@example.org,18,Male,Apple AirPods,2020-03-24,Refund request,Network problem,Pending Customer Response,Low,Chat,04:04:00,,
615,Jenny Robinson,tmorrow@example.com,48,Other,Samsung Galaxy,2020-05-25,Technical issue,Software bug,Pending Customer Response,Medium,Email,15:43:00,,
616,Stefanie Guzman,richardsmichelle@example.net,39,Other,Fitbit Versa Smartwatch,2020-01-24,Cancellation request,Account access,Pending Customer Response,Low,Email,06:48:00,,
619,Frank Shannon,taylorstephanie@example.net,55,Female,Bose SoundLink Speaker,2021-09-04,Product inquiry,Account access,Pending Customer Response,High,Social media,15:08:00,,
620,Karen Hernandez,vwhite@example.net,59,Female,Amazon Kindle,2021-05-17,Technical issue,Refund request,Closed,Low,Email,06:35:00,04:00:00,4
621,Andrew Riley,kelseylopez@example.org,46,Female,Canon EOS,2020-01-21,Billing inquiry,Hardware issue,Closed,Low,Email,21:02:00,01:32:00,5
622,Mary Gallagher,john87@example.com,39,Other,Sony 4K HDR TV,2020-11-16,Product inquiry,Account access,Closed,Medium,Chat,15:57:00,16:08:00,2
623,Juan Hayes,mmckee@example.org,70,Male,Philips Hue Lights,2021-06-17,Cancellation request,Payment issue,Pending Customer Response,High,Phone,01:59:00,,
624,Nathaniel Clark,kennethbailey@example.net,34,Male,Fitbit Versa Smartwatch,2020-05-04,Technical issue,Software bug,Pending Customer Response,Critical,Phone,06:00:00,,
625,Dr. Marc Leonard,xstone@example.org,62,Female,Canon DSLR Camera,2021-01-03,Billing inquiry,Account access,Pending Customer Response,Medium,Chat,07:47:00,,
626,Kimberly Tucker,stacyhill@example.net,29,Other,Samsung Soundbar,2021-02-08,Billing inquiry,Product recommendation,Pending Customer Response,Low,Social media,17:56:00,,
628,Tiffany Perkins,brandoncastillo@example.org,19,Other,Canon EOS,2021-06-13,Billing inquiry,Hardware issue,Closed,High,Email,18:42:00,05:38:00,2
629,Walter Frazier,tracybarr@example.org,32,Male,Google Pixel,2021-10-12,Billing inquiry,Hardware issue,Pending Customer Response,High,Email,08:21:00,,
632,Elizabeth Williamson,upope@example.net,64,Male,Fitbit Charge,2020-06-03,Cancellation request,Product recommendation,Pending Customer Response,Low,Social media,02:58:00,,
633,Bailey Black,lauren07@example.com,66,Other,Canon DSLR Camera,2021-03-24,Cancellation request,Battery life,Pending Customer Response,Critical,Social media,22:47:00,,
634,Jonathon Copeland,shannonroberts@example.org,68,Female,Asus ROG,2020-07-29,Product inquiry,Account access,Pending Customer Response,Low,Social media,13:03:00,,
635,Gregory Love,ashleyjohnathan@example.com,28,Female,Fitbit Charge,2020-01-21,Cancellation request,Data loss,Pending Customer Response,Medium,Social media,04:19:00,,
636,Reginald Trevino,knappjessica@example.net,53,Male,Canon DSLR Camera,2021-08-31,Cancellation request,Data loss,Closed,Medium,Chat,08:35:00,11:51:00,3
638,Melanie George,allenbrandon@example.net,32,Female,Dyson Vacuum Cleaner,2021-11-03,Product inquiry,Hardware issue,Pending Customer Response,Low,Chat,01:11:00,,
639,Yvonne Reynolds,lori37@example.net,26,Other,Samsung Soundbar,2020-08-22,Product inquiry,Delivery problem,Pending Customer Response,Critical,Email,19:58:00,,
641,Helen Garza,hromero@example.org,67,Male,LG Smart TV,2021-04-29,Technical issue,Hardware issue,Closed,Low,Email,15:54:00,00:49:00,1
642,Lori Davis,herbertpeters@example.org,37,Other,GoPro Hero,2020-11-02,Billing inquiry,Peripheral compatibility,Pending Customer Response,Critical,Chat,17:46:00,,
643,Samantha Howard,robinsonmichael@example.net,31,Male,Samsung Galaxy,2021-03-30,Billing inquiry,Display issue,Closed,High,Phone,20:15:00,03:59:00,2
644,Christina Brown,bcampbell@example.com,53,Female,Microsoft Surface,2020-07-23,Cancellation request,Network problem,Closed,Critical,Email,02:08:00,18:39:00,5
645,Jenna Gomez,williamhayden@example.org,67,Male,MacBook Pro,2020-03-04,Refund request,Refund request,Closed,Medium,Social media,22:37:00,12:33:00,1
646,Michael Fox,wilsonmichael@example.net,48,Other,Samsung Soundbar,2020-04-30,Refund request,Refund request,Pending Customer Response,Low,Email,02:44:00,,
649,Joann Fisher,thomashoffman@example.org,52,Female,PlayStation,2020-03-13,Refund request,Cancellation request,Closed,Medium,Phone,05:07:00,17:14:00,3
651,Brooke Weber,johnguerrero@example.org,66,Other,Lenovo ThinkPad,2021-06-18,Technical issue,Installation support,Pending Customer Response,High,Social media,06:53:00,,
653,Adam Martin,pruittjohn@example.net,32,Other,Nintendo Switch Pro Controller,2020-11-13,Cancellation request,Installation support,Pending Customer Response,Low,Chat,19:00:00,,
654,William Harding,johnsonaudrey@example.com,32,Male,LG OLED,2020-08-06,Billing inquiry,Display issue,Pending Customer Response,Critical,Social media,17:04:00,,
655,Angela Willis,rothjacob@example.net,43,Other,Nest Thermostat,2020-12-29,Refund request,Software bug,Closed,High,Email,01:48:00,08:20:00,1
657,Mr. Gregory Hanson,bowenronald@example.org,55,Female,Sony PlayStation,2021-04-16,Refund request,Product recommendation,Closed,Critical,Email,22:21:00,16:44:00,1
658,Scott Zimmerman,jamiegarcia@example.net,57,Other,Nintendo Switch Pro Controller,2021-07-01,Technical issue,Cancellation request,Closed,High,Social media,00:01:00,15:32:00,2
659,Dr. Gary Vega MD,vanessagriffin@example.org,53,Male,LG OLED,2021-02-14,Product inquiry,Refund request,Pending Customer Response,Low,Email,20:59:00,,
661,Robert Martinez,dianataylor@example.org,57,Other,Xbox,2020-03-28,Product inquiry,Data loss,Pending Customer Response,Medium,Phone,16:46:00,,
663,Jason Garcia,ndennis@example.net,26,Female,Amazon Echo,2021-12-26,Billing inquiry,Data loss,Closed,High,Social media,22:49:00,00:39:00,4
665,Frank Jones,jeremy76@example.org,39,Female,Sony Xperia,2020-09-05,Product inquiry,Product setup,Closed,Low,Social media,20:22:00,09:05:00,3
666,Alexander Perez,natasha82@example.org,64,Female,Xbox,2020-10-03,Cancellation request,Installation support,Closed,Medium,Social media,06:41:00,22:55:00,2
668,Kathleen Miller,hhess@example.com,34,Female,Google Nest,2020-01-28,Refund request,Account access,Pending Customer Response,Critical,Email,21:17:00,,
671,David Campbell,kennedyblake@example.net,63,Other,Sony Xperia,2020-09-24,Product inquiry,Delivery problem,Closed,Medium,Phone,10:44:00,01:36:00,5
672,David Hernandez,nataliejohnson@example.com,41,Female,Sony 4K HDR TV,2020-08-24,Technical issue,Product setup,Pending Customer Response,Low,Chat,16:32:00,,
674,Chelsea Baker,toddshelton@example.org,28,Female,Nintendo Switch,2021-08-29,Product inquiry,Software bug,Closed,Medium,Email,03:33:00,16:47:00,1
678,Rebecca Phillips,angie93@example.com,58,Other,Roomba Robot Vacuum,2020-07-31,Technical issue,Hardware issue,Pending Customer Response,High,Email,06:13:00,,
679,Mrs. Krista Jordan,adamslee@example.com,20,Other,Garmin Forerunner,2021-12-25,Cancellation request,Refund request,Closed,Medium,Social media,11:40:00,02:43:00,3
680,Benjamin Harris,thompsonsavannah@example.org,53,Male,Nikon D,2021-01-04,Technical issue,Display issue,Closed,Critical,Phone,01:21:00,08:07:00,5
684,Isaiah Marquez,npayne@example.org,68,Other,Sony PlayStation,2020-01-08,Product inquiry,Product setup,Closed,Critical,Email,16:57:00,04:23:00,3
685,Beth Wells,markkelly@example.org,39,Other,Canon EOS,2020-05-17,Technical issue,Data loss,Closed,Critical,Chat,04:10:00,05:17:00,3
686,Matthew Boyer,oneillkimberly@example.org,61,Other,Sony PlayStation,2021-03-24,Billing inquiry,Product compatibility,Pending Customer Response,High,Phone,11:37:00,,
687,Joseph Turner,boydjennifer@example.com,67,Male,Sony Xperia,2020-01-16,Refund request,Display issue,Pending Customer Response,Medium,Social media,09:21:00,,
689,Gina Zimmerman,ksanders@example.com,28,Female,Sony 4K HDR TV,2021-01-05,Product inquiry,Peripheral compatibility,Closed,Medium,Phone,06:03:00,23:45:00,2
690,Richard Fleming,paige97@example.org,50,Other,Canon EOS,2020-12-19,Product inquiry,Hardware issue,Pending Customer Response,Medium,Email,09:44:00,,
691,Brian Jones,ybrock@example.org,68,Other,Canon DSLR Camera,2020-01-02,Billing inquiry,Display issue,Closed,Medium,Email,20:34:00,00:40:00,4
692,Jacqueline Hanson,corey90@example.net,41,Other,Canon EOS,2020-11-19,Product inquiry,Software bug,Closed,High,Social media,11:38:00,03:12:00,1
693,Rose Watson,esnow@example.com,40,Other,Google Nest,2021-03-09,Cancellation request,Hardware issue,Pending Customer Response,Critical,Chat,23:15:00,,
695,Dana Harrington,moranclayton@example.com,33,Other,Roomba Robot Vacuum,2020-02-02,Refund request,Payment issue,Pending Customer Response,Medium,Email,00:00:00,,
697,Larry Smith DVM,msampson@example.com,18,Female,LG Smart TV,2021-06-25,Cancellation request,Product compatibility,Pending Customer Response,High,Social media,02:49:00,,
698,Isaac Collier,brandon23@example.org,22,Male,Bose QuietComfort,2020-04-26,Billing inquiry,Refund request,Closed,Critical,Social media,10:34:00,01:21:00,5
699,Rebecca Green,eric96@example.org,28,Female,Amazon Echo,2021-02-08,Refund request,Delivery problem,Pending Customer Response,Low,Chat,11:22:00,,
700,Maurice Savage,bthompson@example.com,22,Female,Autodesk AutoCAD,2020-03-25,Cancellation request,Peripheral compatibility,Closed,Medium,Email,18:28:00,22:39:00,1
702,Julie Larsen,myersmatthew@example.com,63,Other,Sony Xperia,2021-07-01,Technical issue,Delivery problem,Closed,Critical,Chat,02:22:00,00:53:00,5
703,Erica Henderson,frankcook@example.com,39,Female,Dell XPS,2021-11-19,Product inquiry,Cancellation request,Pending Customer Response,High,Phone,15:49:00,,
704,Cheryl Smith,pyoung@example.com,37,Other,Fitbit Charge,2020-10-27,Product inquiry,Refund request,Closed,High,Chat,13:27:00,22:42:00,2
705,Edward Gomez,cunninghamkevin@example.net,69,Male,Dell XPS,2020-04-06,Refund request,Hardware issue,Closed,High,Chat,09:47:00,21:42:00,3
707,Matthew Villanueva,kylehawkins@example.com,53,Other,Nest Thermostat,2021-07-10,Technical issue,Payment issue,Pending Customer Response,High,Email,01:25:00,,
708,Erika Wilkins,sara25@example.org,58,Male,Nest Thermostat,2021-10-28,Cancellation request,Payment issue,Closed,Critical,Email,01:16:00,00:04:00,5
710,Ashlee Rosales,bperez@example.org,54,Other,iPhone,2020-12-14,Billing inquiry,Hardware issue,Pending Customer Response,Critical,Email,21:26:00,,
711,Anthony Boyd,melanie86@example.net,58,Female,Nest Thermostat,2021-12-12,Refund request,Software bug,Pending Customer Response,Critical,Email,02:05:00,,
712,Jordan Lynch,lauren80@example.com,26,Other,Fitbit Versa Smartwatch,2020-12-28,Technical issue,Delivery problem,Closed,High,Phone,23:52:00,18:25:00,2
713,Dawn Jones,tkemp@example.org,70,Other,LG Washing Machine,2021-09-27,Product inquiry,Product recommendation,Closed,High,Email,05:35:00,13:36:00,1
715,Stacey Gonzalez,qking@example.org,37,Female,MacBook Pro,2021-05-11,Refund request,Data loss,Closed,Critical,Chat,11:04:00,00:41:00,5
718,Dawn Roman,jeffrey51@example.com,30,Female,Nintendo Switch Pro Controller,2020-11-04,Technical issue,Peripheral compatibility,Closed,Low,Phone,08:20:00,23:31:00,2
721,Adam Booth,contrerasadam@example.com,68,Other,Adobe Photoshop,2020-12-15,Billing inquiry,Installation support,Closed,Critical,Phone,10:25:00,12:26:00,1
722,Beth Watson,umorris@example.com,70,Male,Bose QuietComfort,2020-06-07,Billing inquiry,Product setup,Pending Customer Response,Low,Chat,15:10:00,,
723,Cody Horne,johnavery@example.com,50,Male,Dell XPS,2020-09-08,Technical issue,Battery life,Closed,Medium,Email,23:50:00,18:13:00,1
727,Ashley Gardner,yjones@example.com,33,Male,Amazon Echo,2020-06-03,Refund request,Data loss,Pending Customer Response,Medium,Phone,22:20:00,,
729,Deborah Snow,elizabethtorres@example.net,29,Other,LG Washing Machine,2021-03-09,Cancellation request,Delivery problem,Closed,High,Social media,23:15:00,13:25:00,2
730,Jacob Williams,ajohnson@example.org,50,Female,GoPro Action Camera,2020-05-14,Technical issue,Hardware issue,Closed,Low,Chat,16:18:00,18:48:00,4
732,David Anderson,sanderskatie@example.com,70,Other,Autodesk AutoCAD,2020-02-03,Cancellation request,Network problem,Pending Customer Response,Low,Chat,08:14:00,,
733,Lisa Blake,rodriguezmelissa@example.org,58,Female,Fitbit Versa Smartwatch,2021-07-20,Refund request,Hardware issue,Pending Customer Response,Critical,Social media,09:32:00,,
734,Christopher Williams,rking@example.org,49,Other,Nintendo Switch Pro Controller,2021-07-10,Cancellation request,Peripheral compatibility,Closed,Medium,Chat,02:06:00,07:13:00,4
735,Alexis Dodson,yangemily@example.org,62,Female,Bose QuietComfort,2020-02-07,Technical issue,Product recommendation,Closed,Critical,Chat,21:25:00,15:00:00,2
736,Zachary Medina,donnaespinoza@example.com,36,Male,Google Nest,2020-02-26,Cancellation request,Hardware issue,Closed,High,Chat,21:35:00,13:07:00,1
738,Elizabeth Hudson,vward@example.com,46,Female,Google Pixel,2021-08-30,Product inquiry,Display issue,Pending Customer Response,Low,Email,18:35:00,,
740,Jeffrey Sanchez,wendy55@example.com,32,Female,Sony 4K HDR TV,2020-04-26,Billing inquiry,Product recommendation,Pending Customer Response,Medium,Social media,05:37:00,,
741,Hunter Irwin,esmith@example.com,45,Male,Sony Xperia,2020-06-11,Technical issue,Peripheral compatibility,Closed,Critical,Email,00:37:00,02:52:00,1
744,Amy Garcia,lkent@example.com,67,Male,Google Nest,2020-08-03,Cancellation request,Refund request,Closed,Critical,Email,16:44:00,20:40:00,4
745,Johnny Hernandez,margaret51@example.org,24,Female,Dyson Vacuum Cleaner,2020-02-07,Refund request,Installation support,Pending Customer Response,Low,Social media,22:03:00,,
746,Terrance Whitehead,youngashley@example.net,32,Female,Microsoft Surface,2021-04-19,Cancellation request,Account access,Pending Customer Response,Medium,Phone,18:45:00,,
747,Joshua Garcia,rodneyharris@example.org,37,Male,Nintendo Switch Pro Controller,2020-02-03,Technical issue,Peripheral compatibility,Closed,High,Phone,12:41:00,01:00:00,3
748,Joseph Jackson,johnsoncynthia@example.org,33,Male,Sony Xperia,2021-05-26,Billing inquiry,Product setup,Pending Customer Response,Low,Social media,05:35:00,,
749,Mr. Miguel Brown,christinashaw@example.net,47,Other,Microsoft Xbox Controller,2021-02-04,Technical issue,Network problem,Closed,Critical,Email,01:27:00,19:22:00,2
751,Gina Downs,cbailey@example.org,48,Other,Microsoft Surface,2020-06-25,Technical issue,Delivery problem,Pending Customer Response,Critical,Social media,23:13:00,,
753,Ariana Gordon,ricemichael@example.org,51,Other,Xbox,2021-06-15,Cancellation request,Product compatibility,Closed,Critical,Phone,21:01:00,06:25:00,5
755,Samantha Sloan,sramos@example.com,37,Female,Roomba Robot Vacuum,2020-06-19,Product inquiry,Payment issue,Closed,Medium,Phone,09:51:00,19:36:00,4
756,Holly Thomas,jennifer65@example.net,26,Other,Philips Hue Lights,2020-10-06,Refund request,Installation support,Closed,High,Chat,23:58:00,20:38:00,2
758,Amber Conley,qjackson@example.com,51,Male,Amazon Kindle,2021-06-06,Cancellation request,Battery life,Pending Customer Response,Medium,Phone,10:54:00,,
760,Jill Hayes,thomas78@example.org,20,Female,Autodesk AutoCAD,2021-07-06,Refund request,Hardware issue,Pending Customer Response,Low,Social media,23:13:00,,
761,Arthur Norman,shellytaylor@example.net,47,Female,Samsung Soundbar,2021-07-09,Technical issue,Product setup,Closed,Critical,Social media,20:41:00,16:39:00,1
762,Richard Webster,bwright@example.com,26,Female,Amazon Echo,2020-02-01,Refund request,Hardware issue,Pending Customer Response,High,Social media,11:48:00,,
763,Dana Thompson,tlove@example.com,27,Other,Amazon Echo,2020-08-31,Cancellation request,Delivery problem,Pending Customer Response,Medium,Chat,04:05:00,,
764,Joshua Schmidt,michaelferrell@example.net,25,Female,Sony PlayStation,2020-05-19,Product inquiry,Cancellation request,Closed,Medium,Social media,22:56:00,00:30:00,5
765,Laurie Rodriguez,vbarnes@example.net,37,Female,LG Smart TV,2021-08-24,Billing inquiry,Product recommendation,Closed,Medium,Email,08:15:00,16:05:00,1
766,Erika Banks,joseph25@example.net,22,Other,iPhone,2020-09-07,Refund request,Payment issue,Closed,Critical,Chat,22:06:00,08:24:00,5
768,Charles Ruiz,destinyreed@example.org,34,Female,Philips Hue Lights,2020-01-04,Cancellation request,Refund request,Pending Customer Response,Low,Phone,17:53:00,,
770,Amy Rodriguez,larryparker@example.com,29,Female,Dell XPS,2020-07-31,Product inquiry,Hardware issue,Closed,High,Chat,01:14:00,11:36:00,4
771,Kelly Dillon,emma03@example.org,68,Male,MacBook Pro,2020-05-30,Technical issue,Account access,Pending Customer Response,Low,Chat,05:53:00,,
772,Melissa Avery,dadams@example.net,48,Other,Apple AirPods,2020-03-03,Billing inquiry,Delivery problem,Pending Customer Response,Medium,Phone,20:38:00,,
773,Jessica Hodge,roberthudson@example.com,49,Male,iPhone,2020-06-19,Cancellation request,Account access,Closed,Medium,Chat,00:19:00,06:52:00,5
777,Timothy Newman,qkelly@example.org,27,Female,Canon DSLR Camera,2020-06-11,Cancellation request,Product compatibility,Closed,Critical,Chat,01:53:00,18:27:00,5
781,William Henderson,mitchellmary@example.net,19,Female,Sony PlayStation,2020-09-06,Refund request,Display issue,Closed,Low,Phone,02:58:00,17:56:00,4
784,Karen Wheeler,ortegachristopher@example.net,35,Female,Sony Xperia,2020-08-18,Refund request,Network problem,Pending Customer Response,Critical,Social media,10:19:00,,
785,Jeffrey Green,sellerstara@example.com,43,Male,Garmin Forerunner,2021-09-26,Technical issue,Product compatibility,Pending Customer Response,Low,Social media,14:46:00,,
786,Lisa Wise,gthompson@example.com,65,Male,Adobe Photoshop,2021-08-26,Billing inquiry,Account access,Pending Customer Response,Critical,Chat,02:22:00,,
787,Gregory Hamilton,johnolson@example.org,35,Other,Bose SoundLink Speaker,2020-08-08,Refund request,Product recommendation,Closed,Critical,Phone,07:14:00,07:32:00,1
788,Todd Walsh,katherine92@example.org,41,Male,Nintendo Switch,2021-08-16,Product inquiry,Product compatibility,Pending Customer Response,Critical,Email,03:11:00,,
791,Casey Oconnor,tylerswanson@example.org,30,Other,LG OLED,2021-01-14,Product inquiry,Product recommendation,Closed,High,Phone,11:01:00,02:18:00,4
792,Stuart Spears,kingkendra@example.org,21,Female,Fitbit Versa Smartwatch,2020-04-09,Cancellation request,Software bug,Closed,Critical,Email,06:07:00,19:18:00,3
793,Donna Campbell,jacksonjohnson@example.com,40,Female,Fitbit Versa Smartwatch,2020-08-30,Technical issue,Product compatibility,Pending Customer Response,Critical,Email,22:37:00,,
794,Teresa Glover,stacymccann@example.net,37,Male,LG Washing Machine,2021-06-10,Product inquiry,Peripheral compatibility,Pending Customer Response,Critical,Social media,19:26:00,,
796,Ryan Schwartz,davidfleming@example.com,46,Male,Roomba Robot Vacuum,2021-09-04,Refund request,Product recommendation,Closed,Critical,Chat,08:55:00,09:44:00,1
797,David Ramirez,mezachristina@example.org,59,Other,Xbox,2021-11-04,Technical issue,Cancellation request,Pending Customer Response,High,Email,07:15:00,,
798,Ashley Gould,roger90@example.org,63,Female,Nest Thermostat,2020-03-13,Refund request,Account access,Pending Customer Response,Critical,Chat,05:51:00,,
799,Mary Ortiz,qcarr@example.org,57,Male,Google Pixel,2021-09-18,Product inquiry,Peripheral compatibility,Closed,High,Social media,11:56:00,07:41:00,3
800,Jamie Mcgee,richjeffrey@example.org,36,Female,MacBook Pro,2021-02-06,Refund request,Account access,Pending Customer Response,Low,Email,04:05:00,,
802,Anthony Davis,gabriel60@example.net,56,Female,Dell XPS,2021-10-09,Technical issue,Software bug,Pending Customer Response,Critical,Email,11:06:00,,
803,Julian Pope,brianlawson@example.net,48,Female,Sony Xperia,2020-06-25,Product inquiry,Refund request,Pending Customer Response,Medium,Chat,07:59:00,,
805,Robert Wilkins,randallmills@example.net,57,Other,Microsoft Xbox Controller,2020-06-17,Billing inquiry,Product compatibility,Pending Customer Response,Medium,Email,05:05:00,,
807,Kayla Harmon,charles39@example.org,28,Female,Sony 4K HDR TV,2020-02-01,Technical issue,Peripheral compatibility,Closed,High,Email,06:14:00,21:46:00,2
808,John Norton,scantrell@example.org,45,Other,LG Smart TV,2020-06-23,Refund request,Peripheral compatibility,Pending Customer Response,Medium,Email,21:28:00,,
809,Andrew Peterson,ericperez@example.org,63,Female,Canon DSLR Camera,2020-07-17,Technical issue,Hardware issue,Pending Customer Response,Low,Email,15:11:00,,
810,Justin Lee,joshualove@example.org,41,Female,Nikon D,2020-02-29,Refund request,Product setup,Closed,Medium,Social media,06:36:00,19:47:00,4
811,Stacy Robinson,thomasward@example.org,28,Other,Sony 4K HDR TV,2020-08-05,Cancellation request,Peripheral compatibility,Pending Customer Response,Medium,Email,02:53:00,,
816,Dr. Sarah Gardner,nicholasclements@example.net,27,Other,Nintendo Switch Pro Controller,2021-04-11,Product inquiry,Hardware issue,Closed,Low,Social media,00:42:00,21:50:00,4
818,Casey Thompson,vbrown@example.org,51,Female,Nikon D,2020-04-18,Cancellation request,Data loss,Pending Customer Response,Low,Phone,21:33:00,,
819,Kevin Mitchell,anthony37@example.com,23,Female,LG Smart TV,2020-12-07,Refund request,Product recommendation,Closed,High,Phone,04:01:00,19:55:00,3
822,James Johnston,marie76@example.com,29,Female,Lenovo ThinkPad,2021-07-19,Cancellation request,Hardware issue,Closed,Critical,Social media,14:57:00,16:42:00,3
823,Jessica Reed,robert80@example.com,33,Other,Nest Thermostat,2021-04-02,Billing inquiry,Product recommendation,Pending Customer Response,Medium,Phone,22:51:00,,
825,David Nunez,kathleen75@example.net,67,Other,Nikon D,2020-02-21,Billing inquiry,Data loss,Pending Customer Response,Low,Email,02:20:00,,
827,Gabriel Bell,charlesgarcia@example.com,57,Female,Sony 4K HDR TV,2020-04-14,Refund request,Delivery problem,Pending Customer Response,Medium,Chat,18:55:00,,
828,Yolanda Gutierrez,kgarcia@example.com,19,Female,Garmin Forerunner,2021-04-11,Product inquiry,Software bug,Closed,Low,Email,17:01:00,00:05:00,4
829,Alexandria Mendoza,jordankatelyn@example.com,47,Male,Google Nest,2021-07-01,Billing inquiry,Data loss,Pending Customer Response,High,Chat,18:29:00,,
830,Cindy Cervantes,robertchavez@example.net,24,Female,Xbox,2020-02-01,Refund request,Cancellation request,Pending Customer Response,Critical,Email,00:45:00,,
831,Sarah Mills,sherri72@example.org,38,Male,Amazon Echo,2021-10-24,Billing inquiry,Display issue,Pending Customer Response,Critical,Chat,11:03:00,,
835,Alicia Bell,lmorales@example.com,21,Male,GoPro Hero,2021-02-26,Refund request,Hardware issue,Closed,Critical,Chat,21:06:00,11:26:00,4
838,Keith Barker,uavery@example.net,43,Male,Amazon Echo,2021-05-10,Billing inquiry,Installation support,Pending Customer Response,Critical,Phone,19:38:00,,
839,Daniel Maldonado,cassandracook@example.net,27,Female,Canon DSLR Camera,2021-05-12,Cancellation request,Network problem,Closed,Medium,Phone,20:53:00,14:55:00,3
841,Jennifer Foley,zsolis@example.net,70,Other,Nintendo Switch Pro Controller,2021-02-01,Product inquiry,Product compatibility,Closed,Critical,Phone,12:16:00,13:07:00,5
843,Brandon Jenkins,eric63@example.com,27,Female,Nest Thermostat,2021-12-27,Billing inquiry,Hardware issue,Pending Customer Response,Low,Email,06:52:00,,
846,Patricia Wilson,badams@example.com,69,Female,Xbox,2021-03-12,Cancellation request,Network problem,Pending Customer Response,Low,Social media,01:48:00,,
847,Mathew Russo,ericadennis@example.org,49,Female,Autodesk AutoCAD,2020-01-22,Billing inquiry,Product compatibility,Closed,High,Phone,01:21:00,04:15:00,4
848,Gregory Lee,fmoreno@example.net,52,Other,Fitbit Versa Smartwatch,2021-08-29,Technical issue,Product recommendation,Pending Customer Response,Low,Chat,14:56:00,,
849,Gloria Peck,usolis@example.com,61,Other,iPhone,2020-07-26,Product inquiry,Peripheral compatibility,Pending Customer Response,Medium,Chat,19:14:00,,
851,Deborah Tanner,ccoleman@example.net,53,Female,Fitbit Versa Smartwatch,2020-01-18,Refund request,Display issue,Closed,Low,Email,14:08:00,16:40:00,1
852,Martha Lozano,lopezerica@example.com,22,Male,Philips Hue Lights,2020-09-18,Cancellation request,Software bug,Pending Customer Response,Low,Email,23:26:00,,
853,Luis Barton,dstrickland@example.org,29,Female,Sony 4K HDR TV,2021-10-03,Refund request,Display issue,Closed,Medium,Email,04:03:00,07:17:00,5
854,Jennifer Herring,danielfoster@example.com,64,Female,Canon EOS,2020-07-05,Cancellation request,Product compatibility,Pending Customer Response,Medium,Social media,03:42:00,,
855,Anna Miller,michelle37@example.net,69,Female,Nest Thermostat,2020-11-09,Billing inquiry,Battery life,Closed,High,Social media,20:14:00,02:55:00,3
856,Michael Jones,ulawson@example.net,67,Female,iPhone,2021-11-10,Billing inquiry,Installation support,Closed,High,Social media,17:07:00,19:38:00,2
857,Lori Torres,ylarsen@example.com,55,Female,Sony PlayStation,2020-06-04,Billing inquiry,Display issue,Pending Customer Response,High,Phone,21:58:00,,
858,Robert Oneal,andrew67@example.org,52,Other,Roomba Robot Vacuum,2020-09-02,Product inquiry,Payment issue,Closed,Medium,Phone,13:01:00,05:25:00,5
860,Phillip Good,jeremy47@example.org,34,Female,Google Pixel,2020-11-25,Cancellation request,Hardware issue,Pending Customer Response,Medium,Email,00:55:00,,
861,Anna Robertson,jacqueline99@example.com,43,Other,Bose QuietComfort,2021-02-21,Billing inquiry,Data loss,Pending Customer Response,High,Chat,09:08:00,,
862,Ricky Green,clarence80@example.net,25,Other,GoPro Hero,2020-01-10,Refund request,Display issue,Closed,Medium,Social media,04:14:00,13:07:00,3
863,Sandra Charles,cynthiahunter@example.net,23,Other,Nest Thermostat,2021-01-18,Refund request,Account access,Closed,Low,Email,03:23:00,14:43:00,2
864,Emily Smith,fnguyen@example.org,26,Female,Canon EOS,2021-10-24,Technical issue,Product compatibility,Closed,Medium,Chat,21:49:00,04:12:00,1
866,Nathan Williams,ronald60@example.org,30,Female,Asus ROG,2020-03-10,Cancellation request,Refund request,Closed,High,Phone,00:03:00,12:14:00,5
867,Anna Gallegos,elizabethford@example.com,33,Male,Canon DSLR Camera,2020-05-09,Refund request,Hardware issue,Closed,Critical,Chat,00:47:00,04:34:00,3
868,Colton Carson,greentina@example.com,56,Other,Canon DSLR Camera,2020-01-20,Product inquiry,Data loss,Pending Customer Response,Low,Social media,20:38:00,,
869,Jacob James,jonathan60@example.org,65,Other,Dyson Vacuum Cleaner,2021-03-17,Cancellation request,Product compatibility,Pending Customer Response,Critical,Phone,15:58:00,,
870,Wendy Bowman MD,wandabarnes@example.org,65,Female,Dyson Vacuum Cleaner,2020-12-10,Refund request,Software bug,Pending Customer Response,Low,Chat,08:52:00,,
872,Anthony Adams,lmalone@example.com,25,Male,Amazon Echo,2020-09-10,Billing inquiry,Cancellation request,Pending Customer Response,Low,Email,12:05:00,,
873,David Osborne,ashleyallison@example.net,64,Female,Philips Hue Lights,2021-12-29,Technical issue,Peripheral compatibility,Pending Customer Response,Low,Phone,06:47:00,,
874,Tamara Mason,allengary@example.org,64,Other,HP Pavilion,2021-07-03,Technical issue,Refund request,Pending Customer Response,Medium,Email,21:45:00,,
876,Michael Howell,rotherika@example.net,48,Female,Bose QuietComfort,2021-02-14,Cancellation request,Product recommendation,Closed,Medium,Phone,15:19:00,19:26:00,3
877,Kenneth White,wjacobson@example.net,45,Other,Adobe Photoshop,2021-01-14,Technical issue,Payment issue,Closed,High,Phone,16:12:00,15:14:00,5
878,Eric Patel,megan42@example.com,42,Female,Asus ROG,2021-10-18,Technical issue,Product recommendation,Pending Customer Response,Medium,Social media,02:41:00,,
880,Emma Fox,darrentaylor@example.net,29,Female,Amazon Kindle,2021-07-09,Cancellation request,Data loss,Pending Customer Response,Medium,Social media,10:28:00,,
881,Mathew Wade,stacylewis@example.org,19,Female,Apple AirPods,2020-12-24,Billing inquiry,Data loss,Closed,High,Chat,12:05:00,23:55:00,2
882,Dustin Carter,philipblevins@example.com,30,Female,Xbox,2021-03-21,Refund request,Product compatibility,Pending Customer Response,Low,Social media,03:26:00,,
883,Larry Glass,qsexton@example.com,62,Female,Nest Thermostat,2021-11-09,Refund request,Hardware issue,Pending Customer Response,Low,Email,19:53:00,,
884,Jill Greene,ygibson@example.org,21,Male,Sony 4K HDR TV,2020-09-23,Product inquiry,Product recommendation,Closed,Critical,Email,09:44:00,11:28:00,4
886,Dustin Campbell,lmacdonald@example.com,53,Male,Microsoft Office,2021-12-10,Refund request,Cancellation request,Pending Customer Response,Low,Phone,19:16:00,,
888,Eric Graves Jr.,reginaldcarter@example.net,18,Female,Bose SoundLink Speaker,2021-11-27,Billing inquiry,Peripheral compatibility,Closed,Critical,Phone,19:04:00,11:41:00,5
890,Heather Curtis,christian99@example.com,37,Female,Sony Xperia,2021-03-01,Technical issue,Product setup,Closed,Low,Social media,10:48:00,02:09:00,2
893,Beth Steele,hannah56@example.org,33,Female,LG Washing Machine,2020-10-21,Technical issue,Software bug,Closed,Medium,Phone,00:59:00,14:49:00,4
895,Wendy Snyder,tonyaallen@example.net,35,Other,Microsoft Surface,2020-03-29,Refund request,Product setup,Closed,Critical,Phone,18:43:00,21:39:00,2
896,Shane Mata,usilva@example.com,69,Female,Sony Xperia,2020-12-12,Billing inquiry,Cancellation request,Closed,Low,Social media,18:09:00,16:23:00,5
897,Megan Thompson,johnsontyler@example.com,30,Other,Google Nest,2021-09-02,Cancellation request,Data loss,Closed,High,Chat,20:52:00,05:47:00,5
898,Karen Dudley,youngsteven@example.net,32,Male,Bose QuietComfort,2021-10-31,Technical issue,Network problem,Closed,Low,Phone,15:44:00,16:22:00,4
900,Jason Gonzalez,perezlisa@example.org,66,Other,Nest Thermostat,2021-04-30,Billing inquiry,Display issue,Pending Customer Response,Medium,Social media,03:32:00,,
903,Steven Martin,lindseypeters@example.net,51,Female,Dyson Vacuum Cleaner,2021-08-22,Cancellation request,Hardware issue,Pending Customer Response,Low,Chat,17:56:00,,
904,Lisa Barnett,davisdavid@example.com,29,Female,Nest Thermostat,2021-10-19,Billing inquiry,Account access,Closed,Critical,Chat,10:59:00,12:25:00,3
906,Kelly Kim,debra25@example.net,60,Other,Lenovo ThinkPad,2021-02-23,Technical issue,Refund request,Pending Customer Response,Critical,Email,05:28:00,,
908,Robert Kirby,ysanchez@example.com,54,Male,Bose SoundLink Speaker,2020-05-31,Cancellation request,Hardware issue,Closed,Critical,Phone,00:00:00,22:13:00,2
909,Ryan Garcia,darlene62@example.net,68,Other,PlayStation,2020-05-18,Cancellation request,Payment issue,Pending Customer Response,Low,Email,08:16:00,,
912,Scott Foster,petersonmaria@example.net,25,Female,Garmin Forerunner,2021-04-10,Refund request,Network problem,Closed,Critical,Social media,16:48:00,20:14:00,2
914,Brianna Barajas,laurapeterson@example.com,29,Other,Nest Thermostat,2020-01-16,Product inquiry,Battery life,Closed,High,Social media,11:24:00,08:38:00,4
915,Brian Hale,harrisonbarbara@example.net,52,Female,Canon DSLR Camera,2020-07-06,Refund request,Product recommendation,Pending Customer Response,Critical,Chat,22:54:00,,
916,Kristie Murphy,humphreyalfred@example.net,59,Female,Canon DSLR Camera,2020-03-22,Cancellation request,Display issue,Pending Customer Response,Critical,Phone,20:22:00,,
917,Douglas Simpson,tannerwilliams@example.net,53,Other,Microsoft Surface,2020-03-08,Technical issue,Product compatibility,Pending Customer Response,Critical,Email,04:56:00,,
918,Mark Gay,raydavid@example.net,34,Female,Garmin Forerunner,2020-11-13,Cancellation request,Display issue,Closed,Medium,Chat,06:06:00,15:49:00,2
920,Sarah Shields,cpacheco@example.net,48,Female,Asus ROG,2020-03-26,Technical issue,Peripheral compatibility,Closed,High,Email,23:42:00,04:21:00,4
922,Richard Price,iphillips@example.net,43,Other,Lenovo ThinkPad,2020-01-29,Technical issue,Product setup,Pending Customer Response,Low,Email,17:57:00,,
923,April Ramirez,smithelizabeth@example.org,43,Male,Asus ROG,2020-04-09,Product inquiry,Delivery problem,Closed,High,Social media,19:38:00,23:36:00,3
925,Paul Johnson,xparker@example.org,35,Other,Amazon Echo,2020-09-06,Technical issue,Cancellation request,Pending Customer Response,Medium,Social media,13:55:00,,
927,Richard Wright,kimberlynavarro@example.org,47,Female,Autodesk AutoCAD,2020-08-10,Billing inquiry,Payment issue,Closed,High,Chat,02:24:00,10:38:00,4
928,Jimmy Wise,katie57@example.org,45,Other,Adobe Photoshop,2020-08-16,Product inquiry,Account access,Pending Customer Response,Medium,Phone,01:33:00,,
929,Larry Villa,josephbrown@example.com,27,Other,MacBook Pro,2021-09-06,Cancellation request,Product compatibility,Pending Customer Response,High,Chat,04:31:00,,
930,Micheal Buckley,michaelmiller@example.org,46,Female,Samsung Galaxy,2020-04-02,Billing inquiry,Hardware issue,Closed,Critical,Phone,21:50:00,17:15:00,1
931,James Todd,felicia89@example.net,23,Female,Dell XPS,2020-07-20,Refund request,Refund request,Pending Customer Response,Critical,Social media,01:29:00,,
934,Theodore Rojas,obrown@example.org,60,Male,LG OLED,2021-02-17,Technical issue,Hardware issue,Closed,Medium,Phone,00:45:00,13:08:00,1
935,Jeffery Flynn,joneskathleen@example.net,35,Other,PlayStation,2020-08-27,Technical issue,Network problem,Pending Customer Response,Critical,Phone,11:54:00,,
937,Kirk Vasquez,gmitchell@example.com,23,Male,Google Nest,2021-12-14,Billing inquiry,Peripheral compatibility,Pending Customer Response,Medium,Social media,16:12:00,,
938,Paul Lopez,patrickgoodwin@example.net,58,Male,Philips Hue Lights,2020-02-14,Product inquiry,Product compatibility,Closed,High,Phone,02:25:00,23:34:00,5
939,Brenda Newman,williamsamy@example.net,53,Female,Microsoft Surface,2021-04-25,Technical issue,Peripheral compatibility,Closed,Critical,Social media,05:11:00,13:59:00,3
940,Luis Strickland,jamescole@example.org,41,Male,Google Nest,2020-12-14,Cancellation request,Delivery problem,Closed,Medium,Chat,10:45:00,00:15:00,2
942,Antonio Smith,njohnson@example.net,49,Other,Dell XPS,2020-12-24,Product inquiry,Delivery problem,Pending Customer Response,Critical,Email,18:41:00,,
944,Jessica Nguyen,diazkevin@example.com,19,Female,Autodesk AutoCAD,2021-12-26,Technical issue,Delivery problem,Pending Customer Response,Medium,Social media,14:10:00,,
945,Joshua Johnson,jon16@example.com,63,Male,Philips Hue Lights,2020-03-31,Cancellation request,Account access,Closed,Low,Email,10:48:00,14:13:00,5
947,Marcus Galloway,joan71@example.net,18,Other,Nintendo Switch Pro Controller,2021-06-01,Billing inquiry,Account access,Pending Customer Response,High,Chat,13:45:00,,
948,Brittany Foster MD,odomdoris@example.org,29,Male,Microsoft Xbox Controller,2021-05-11,Cancellation request,Payment issue,Pending Customer Response,Critical,Email,14:53:00,,
950,Diane Watson,janet06@example.com,50,Other,Nest Thermostat,2021-02-18,Technical issue,Payment issue,Closed,Medium,Email,09:36:00,23:43:00,4
951,Michael Lowe,tonirichardson@example.org,64,Other,Microsoft Surface,2021-08-13,Cancellation request,Network problem,Closed,Medium,Chat,05:37:00,13:05:00,3
954,Christopher Reynolds,seansantiago@example.org,24,Other,Adobe Photoshop,2021-03-04,Product inquiry,Display issue,Closed,Medium,Phone,12:38:00,03:46:00,5
955,Matthew Garcia,qgalvan@example.net,30,Female,LG OLED,2020-09-13,Cancellation request,Product recommendation,Closed,Low,Chat,19:25:00,08:31:00,3
956,Andrew Mosley,kellytonya@example.net,20,Female,Bose SoundLink Speaker,2020-12-30,Cancellation request,Hardware issue,Closed,Critical,Phone,11:45:00,14:53:00,5
957,Jason Page,sanchezbobby@example.org,64,Other,Sony Xperia,2021-03-16,Product inquiry,Network problem,Closed,Medium,Social media,00:22:00,07:52:00,1
960,John Roberts,jessicaclark@example.org,65,Other,Asus ROG,2020-11-26,Product inquiry,Battery life,Closed,Medium,Email,17:56:00,16:11:00,1
961,Michael Dudley,christopheryoung@example.net,48,Female,Bose SoundLink Speaker,2020-10-09,Refund request,Installation support,Pending Customer Response,High,Phone,11:29:00,,
962,Jacob Pearson,valeriebaker@example.org,60,Female,LG OLED,2021-09-12,Refund request,Battery life,Pending Customer Response,High,Phone,01:21:00,,
963,Kim Riggs,brianmorrison@example.com,24,Female,LG OLED,2020-07-07,Product inquiry,Product recommendation,Pending Customer Response,Critical,Email,23:35:00,,
964,Krista Hernandez,ehayden@example.org,33,Female,Asus ROG,2021-08-14,Cancellation request,Hardware issue,Closed,Low,Email,05:33:00,13:18:00,5
965,Jon Smith,joneskatie@example.org,36,Other,Bose SoundLink Speaker,2020-06-18,Billing inquiry,Battery life,Closed,High,Chat,11:02:00,18:29:00,5
966,Patrick Huerta,qandrade@example.com,23,Female,Microsoft Surface,2020-02-23,Product inquiry,Hardware issue,Pending Customer Response,Critical,Phone,00:05:00,,
968,Kimberly Scott,ashley94@example.net,44,Female,GoPro Action Camera,2020-06-07,Cancellation request,Product setup,Pending Customer Response,Critical,Email,09:57:00,,
972,Daniel Johnson,rsanchez@example.net,38,Other,Bose SoundLink Speaker,2021-04-22,Product inquiry,Peripheral compatibility,Pending Customer Response,High,Social media,05:27:00,,
973,David Eaton,laura19@example.com,18,Other,Sony Xperia,2020-12-09,Billing inquiry,Peripheral compatibility,Pending Customer Response,Critical,Email,15:24:00,,
974,Debbie Guzman,hudsonjulie@example.com,66,Other,iPhone,2021-04-12,Billing inquiry,Payment issue,Closed,Low,Social media,14:54:00,06:17:00,3
975,Kevin Rose,jasminetucker@example.com,60,Female,LG Smart TV,2020-07-08,Cancellation request,Delivery problem,Pending Customer Response,Low,Social media,04:19:00,,
977,Matthew White,kathryn36@example.com,64,Male,Google Pixel,2021-02-23,Cancellation request,Network problem,Pending Customer Response,Critical,Email,18:58:00,,
981,Larry Brady,steven18@example.com,36,Female,Samsung Soundbar,2020-11-18,Technical issue,Delivery problem,Closed,Medium,Email,19:10:00,09:51:00,3
982,Ashley Mcdonald,knunez@example.net,22,Female,LG OLED,2021-03-23,Technical issue,Display issue,Pending Customer Response,Medium,Email,09:48:00,,
987,Joshua Williams,martinamanda@example.org,21,Male,Microsoft Office,2021-05-18,Technical issue,Product compatibility,Closed,Critical,Social media,23:16:00,05:56:00,4
988,Thomas Garrison,uwilliams@example.net,39,Other,Nikon D,2020-01-12,Product inquiry,Refund request,Pending Customer Response,Critical,Social media,08:55:00,,
992,Melissa Becker,qdunn@example.net,67,Female,LG OLED,2021-05-16,Product inquiry,Account access,Pending Customer Response,Critical,Phone,03:00:00,,
993,Kevin Lopez,santiagotiffany@example.com,34,Male,Bose SoundLink Speaker,2021-03-27,Billing inquiry,Installation support,Pending Customer Response,Medium,Chat,03:12:00,,
994,Kathryn Williams,mark58@example.org,57,Other,iPhone,2021-05-19,Billing inquiry,Display issue,Closed,Critical,Social media,00:53:00,03:10:00,1
997,Kari Hale,jennifer89@example.net,57,Female,Samsung Soundbar,2021-11-25,Refund request,Software bug,Pending Customer Response,Medium,Social media,02:15:00,,
998,Eric Harvey,julie04@example.net,43,Male,Apple AirPods,2021-02-10,Billing inquiry,Payment issue,Closed,Medium,Phone,04:09:00,08:34:00,4
999,Thomas Wheeler,reedlacey@example.org,59,Other,Amazon Echo,2021-03-03,Cancellation request,Installation support,Pending Customer Response,Medium,Phone,22:01:00,,
1000,Bethany Krause,martinezsarah@example.com,68,Male,GoPro Action Camera,2020-05-02,Billing inquiry,Account access,Closed,High,Chat,15:37:00,20:14:00,5
1005,Christopher Wilson,vbrown@example.org,67,Other,Bose QuietComfort,2020-09-04,Refund request,Refund request,Closed,Medium,Chat,21:58:00,18:36:00,3
1006,Ashley Brooks,hholland@example.net,58,Female,LG Smart TV,2020-03-11,Technical issue,Network problem,Pending Customer Response,Critical,Email,12:14:00,,
1007,Savannah Mcneil,fcox@example.org,20,Male,Amazon Kindle,2021-01-05,Billing inquiry,Network problem,Closed,Critical,Email,02:58:00,07:26:00,4
1009,Stephen Zhang,stevensdaniel@example.net,62,Male,iPhone,2021-11-02,Refund request,Refund request,Closed,Medium,Social media,20:41:00,08:49:00,3
1010,Karla West,dstewart@example.org,51,Other,PlayStation,2020-02-04,Billing inquiry,Product compatibility,Closed,High,Social media,07:00:00,01:32:00,2
1011,Samantha Bradshaw,ryan00@example.com,38,Male,Microsoft Office,2020-07-03,Refund request,Installation support,Closed,Low,Chat,12:29:00,07:30:00,5
1012,Andrew Moore,ramossteven@example.com,47,Male,Nintendo Switch,2020-10-27,Refund request,Network problem,Pending Customer Response,Low,Social media,07:51:00,,
1013,Omar Lopez,lisa03@example.com,64,Other,Microsoft Surface,2021-07-14,Refund request,Payment issue,Closed,High,Email,03:20:00,02:17:00,4
1014,Samantha Taylor,florespamela@example.org,29,Male,Microsoft Xbox Controller,2021-06-08,Refund request,Refund request,Pending Customer Response,High,Phone,02:47:00,,
1015,Jared Chang,tyler82@example.net,21,Other,Bose SoundLink Speaker,2020-03-20,Product inquiry,Refund request,Pending Customer Response,Critical,Email,14:35:00,,
1016,Gerald Ayala,sandraholland@example.com,59,Other,Samsung Galaxy,2021-11-30,Product inquiry,Account access,Closed,Critical,Phone,02:12:00,17:59:00,1
1017,Marie Fletcher,thomasjonathon@example.net,44,Female,Amazon Echo,2020-04-04,Cancellation request,Hardware issue,Pending Customer Response,Low,Social media,22:59:00,,
1018,Diane Collins,strongraymond@example.com,48,Other,Fitbit Versa Smartwatch,2020-06-28,Cancellation request,Refund request,Closed,Medium,Chat,05:40:00,01:49:00,2
1019,Angela White,cameron64@example.com,64,Female,Sony 4K HDR TV,2020-02-16,Refund request,Software bug,Pending Customer Response,Low,Social media,05:31:00,,
1020,Veronica Black,valdezjoseph@example.org,39,Other,Bose QuietComfort,2020-09-28,Cancellation request,Hardware issue,Closed,Critical,Phone,12:34:00,19:49:00,2
1021,Thomas Contreras,brandonharper@example.com,41,Male,Nintendo Switch,2020-03-04,Cancellation request,Display issue,Pending Customer Response,Critical,Social media,01:03:00,,
1022,Veronica Maxwell,jessica38@example.org,29,Other,iPhone,2021-01-07,Product inquiry,Network problem,Closed,Critical,Phone,06:10:00,11:01:00,5
1023,Miss Natalie Rios,tamiconway@example.net,25,Other,Autodesk AutoCAD,2020-08-25,Cancellation request,Hardware issue,Pending Customer Response,High,Email,11:33:00,,
1029,Thomas Becker,monica56@example.com,52,Female,Fitbit Versa Smartwatch,2021-02-17,Refund request,Hardware issue,Pending Customer Response,Low,Chat,19:42:00,,
1030,Ashley Stevens,ckelley@example.com,60,Other,Microsoft Surface,2021-05-13,Cancellation request,Display issue,Closed,Critical,Phone,06:49:00,17:37:00,1
1031,Megan Bryan,jill33@example.com,67,Female,Sony Xperia,2020-06-26,Technical issue,Payment issue,Closed,Medium,Phone,22:44:00,16:06:00,1
1033,Jeff Wilkinson,justin88@example.com,44,Female,Sony PlayStation,2021-04-21,Refund request,Installation support,Closed,Medium,Email,04:56:00,06:17:00,5
1035,Russell Alexander DDS,aliciarichardson@example.org,31,Female,Bose SoundLink Speaker,2020-09-14,Technical issue,Software bug,Closed,Low,Phone,17:02:00,10:00:00,4
1036,Jonathan Chaney,antonio25@example.net,42,Other,Fitbit Charge,2020-06-15,Cancellation request,Display issue,Pending Customer Response,High,Phone,14:40:00,,
1038,Joshua Lee,bwaller@example.net,47,Other,Nikon D,2020-11-08,Technical issue,Delivery problem,Closed,Low,Chat,02:45:00,17:04:00,5
1040,Joseph Williams,sherri10@example.org,56,Female,Bose QuietComfort,2020-04-25,Billing inquiry,Battery life,Closed,High,Chat,02:18:00,04:50:00,2
1041,Casey Goodwin,johnsonwilliam@example.org,69,Female,GoPro Action Camera,2021-04-30,Refund request,Delivery problem,Closed,Medium,Chat,07:05:00,09:22:00,1
1043,Patrick Nelson,rwright@example.org,64,Male,LG Smart TV,2020-07-13,Product inquiry,Product recommendation,Closed,High,Chat,19:04:00,16:44:00,4
1046,Ernest Mclean,lindagomez@example.org,53,Male,Nikon D,2021-03-31,Product inquiry,Delivery problem,Closed,High,Email,18:14:00,11:51:00,2
1048,Sherri Hunt,gilldanny@example.com,42,Male,Microsoft Surface,2021-10-14,Product inquiry,Product compatibility,Closed,High,Chat,00:22:00,02:50:00,4
1049,Emily Hayes,chriswest@example.com,57,Other,MacBook Pro,2021-03-01,Refund request,Cancellation request,Closed,Critical,Social media,20:31:00,11:32:00,2
1050,Taylor Singleton,zvaughan@example.net,22,Other,Google Pixel,2021-10-22,Refund request,Product setup,Pending Customer Response,High,Social media,05:48:00,,
1051,Donna Gardner,joseph17@example.com,57,Other,Adobe Photoshop,2020-02-28,Product inquiry,Battery life,Pending Customer Response,High,Chat,10:04:00,,
1054,Alicia Stewart,adam45@example.com,29,Female,Autodesk AutoCAD,2021-12-21,Technical issue,Installation support,Pending Customer Response,Medium,Social media,22:21:00,,
1058,Dwayne Rodriguez,igreen@example.org,52,Female,Garmin Forerunner,2020-02-15,Technical issue,Payment issue,Pending Customer Response,High,Email,05:06:00,,
1060,Kelly Fernandez,desireeknight@example.net,41,Male,LG OLED,2020-02-12,Technical issue,Delivery problem,Pending Customer Response,High,Chat,19:55:00,,
1061,Samuel Whitney,stephanie86@example.net,52,Female,Microsoft Xbox Controller,2021-05-23,Product inquiry,Display issue,Closed,High,Phone,21:48:00,04:27:00,3
1062,Melissa Gonzalez,tanyadickerson@example.net,49,Female,Microsoft Office,2021-10-13,Technical issue,Refund request,Pending Customer Response,Low,Social media,19:21:00,,
1063,Samantha Kennedy,tinalowe@example.com,64,Other,Nintendo Switch,2021-10-18,Product inquiry,Network problem,Closed,Medium,Phone,09:17:00,10:20:00,4
1064,Larry Bush,thomaswagner@example.net,66,Male,Sony PlayStation,2020-04-21,Product inquiry,Network problem,Closed,Medium,Phone,17:32:00,12:09:00,2
1065,Breanna Wolf,katie83@example.com,44,Male,Microsoft Xbox Controller,2020-02-05,Product inquiry,Data loss,Pending Customer Response,Low,Phone,16:26:00,,
1066,Louis Marks,dawnsalazar@example.org,68,Other,Microsoft Xbox Controller,2020-09-27,Product inquiry,Product compatibility,Pending Customer Response,Medium,Chat,03:29:00,,
1067,Bailey Maxwell,reevesjessica@example.org,68,Male,Samsung Galaxy,2021-05-10,Refund request,Peripheral compatibility,Pending Customer Response,Low,Chat,21:36:00,,
1068,Jonathon Cardenas,ashley46@example.com,67,Female,GoPro Hero,2021-01-11,Refund request,Display issue,Closed,Low,Chat,23:54:00,14:53:00,5
1069,John Fox,lisa45@example.net,49,Male,Lenovo ThinkPad,2020-06-13,Refund request,Software bug,Closed,Low,Email,03:04:00,17:41:00,4
1070,Bobby Hawkins,kristy35@example.com,41,Female,Samsung Soundbar,2021-05-26,Cancellation request,Cancellation request,Closed,Medium,Social media,07:45:00,14:38:00,4
1072,Rebecca Gutierrez,traviswright@example.net,52,Male,Microsoft Xbox Controller,2020-11-05,Cancellation request,Product recommendation,Closed,Low,Chat,05:34:00,08:15:00,5
1073,John Thomas,keith90@example.com,34,Other,Microsoft Office,2021-12-17,Refund request,Product compatibility,Closed,Medium,Chat,05:36:00,03:57:00,1
1074,Laura Johnson,edwardlewis@example.org,20,Other,Amazon Kindle,2021-11-05,Cancellation request,Data loss,Closed,Medium,Chat,19:39:00,18:56:00,2
1076,Monica Mathews,amandacain@example.org,59,Male,Canon EOS,2020-01-24,Technical issue,Hardware issue,Pending Customer Response,Low,Phone,08:59:00,,
1078,Krista Harrison MD,erikcoleman@example.net,33,Other,Nikon D,2021-06-09,Technical issue,Product setup,Pending Customer Response,Medium,Phone,19:27:00,,
1079,Sean Anderson,micheleandrews@example.net,65,Other,Microsoft Xbox Controller,2020-08-10,Refund request,Account access,Pending Customer Response,Medium,Chat,17:20:00,,
1083,Jessica Salinas,jenna20@example.org,20,Male,HP Pavilion,2020-05-30,Cancellation request,Payment issue,Pending Customer Response,Low,Chat,09:06:00,,
1085,Melanie Stewart,tanyacarr@example.net,63,Other,HP Pavilion,2021-08-16,Refund request,Display issue,Pending Customer Response,Medium,Phone,16:07:00,,
1088,Melissa Levy,jonesmolly@example.com,22,Female,Autodesk AutoCAD,2021-10-05,Refund request,Payment issue,Pending Customer Response,Low,Social media,04:11:00,,
1089,David Williams,ijohnson@example.com,35,Male,PlayStation,2020-03-31,Product inquiry,Software bug,Pending Customer Response,High,Chat,11:51:00,,
1090,Gerald Butler,sarah21@example.net,40,Female,LG Washing Machine,2020-06-23,Billing inquiry,Display issue,Closed,Low,Social media,03:57:00,12:12:00,3
1092,Emily Riley,amberscott@example.net,44,Female,PlayStation,2020-07-31,Billing inquiry,Cancellation request,Closed,Low,Phone,17:30:00,22:44:00,3
1094,James Sosa,jenniferburns@example.org,34,Other,Canon EOS,2020-10-26,Refund request,Refund request,Pending Customer Response,Critical,Social media,11:16:00,,
1095,Dr. Karen Edwards,wilsonjonathan@example.org,37,Other,LG OLED,2021-11-27,Refund request,Peripheral compatibility,Closed,Low,Social media,16:17:00,19:27:00,2
1098,James Vargas,johnathan03@example.org,56,Other,Canon DSLR Camera,2021-06-03,Cancellation request,Delivery problem,Pending Customer Response,Critical,Email,11:23:00,,
1099,Jose Williams,tcarey@example.com,61,Other,Canon EOS,2021-08-29,Cancellation request,Delivery problem,Pending Customer Response,Low,Social media,06:44:00,,
1101,Vanessa Medina,sanchezwilliam@example.org,43,Male,Adobe Photoshop,2020-02-10,Billing inquiry,Network problem,Pending Customer Response,Low,Phone,21:17:00,,
1102,Matthew Cunningham,michaelhall@example.net,67,Female,iPhone,2021-12-16,Cancellation request,Software bug,Closed,Critical,Chat,04:38:00,08:01:00,4
1104,Christopher Spencer,garrett37@example.com,27,Female,HP Pavilion,2021-08-09,Product inquiry,Software bug,Pending Customer Response,Critical,Email,18:59:00,,
1105,Mr. Clayton Gay,jacquelinelawson@example.org,19,Other,Philips Hue Lights,2020-08-06,Product inquiry,Battery life,Closed,Critical,Social media,16:35:00,07:58:00,5
1106,David Mcbride,hbrown@example.org,47,Other,Amazon Kindle,2021-11-05,Product inquiry,Battery life,Pending Customer Response,Medium,Email,13:51:00,,
1107,Vincent Brown,erin72@example.org,57,Male,Nikon D,2020-03-25,Product inquiry,Battery life,Pending Customer Response,Low,Phone,19:28:00,,
1108,Curtis Galloway,onealstephanie@example.org,30,Male,Nintendo Switch Pro Controller,2021-10-28,Billing inquiry,Product recommendation,Pending Customer Response,High,Phone,06:12:00,,
1110,Tara Santos,lynchcody@example.net,36,Male,Nest Thermostat,2020-06-22,Cancellation request,Account access,Closed,Low,Email,01:09:00,20:03:00,1
1111,William Cook,david15@example.org,41,Other,Google Nest,2021-05-10,Product inquiry,Hardware issue,Closed,Low,Email,17:48:00,07:17:00,4
1112,Cynthia Garcia,ftaylor@example.net,32,Male,Nikon D,2021-06-12,Refund request,Cancellation request,Pending Customer Response,Low,Social media,13:44:00,,
1113,Melissa Hardy,rebeccashields@example.net,45,Other,LG Washing Machine,2021-05-12,Technical issue,Data loss,Pending Customer Response,Low,Email,00:34:00,,
1114,Alex Hill,amylogan@example.org,25,Female,Dyson Vacuum Cleaner,2020-12-08,Product inquiry,Payment issue,Closed,Critical,Social media,00:58:00,09:57:00,4
1115,Gregory Hall,strongbailey@example.net,47,Female,Samsung Galaxy,2021-11-08,Billing inquiry,Display issue,Pending Customer Response,High,Email,07:57:00,,
1118,Ryan Callahan,johnsonrobert@example.net,33,Female,Google Nest,2020-12-07,Technical issue,Refund request,Closed,Critical,Social media,22:42:00,01:43:00,5
1120,Tyler Collins,david32@example.net,26,Female,Fitbit Versa Smartwatch,2021-12-22,Product inquiry,Account access,Pending Customer Response,High,Email,04:20:00,,
1122,Christopher Fox,simmonsmark@example.org,42,Other,Dell XPS,2021-04-18,Technical issue,Product recommendation,Pending Customer Response,Critical,Social media,13:11:00,,
1123,Joshua Sanchez,jennifer41@example.net,47,Male,Bose QuietComfort,2020-03-12,Technical issue,Payment issue,Pending Customer Response,Critical,Social media,01:54:00,,
1124,Justin Johnson,meghanwu@example.net,26,Male,LG Washing Machine,2021-08-17,Technical issue,Refund request,Pending Customer Response,Critical,Phone,04:08:00,,
1125,Christopher Stephens,hernandeztimothy@example.org,21,Female,Canon DSLR Camera,2021-10-03,Refund request,Software bug,Closed,High,Social media,09:04:00,06:55:00,5
1126,Ralph Figueroa,ambermiddleton@example.net,46,Female,Samsung Galaxy,2020-07-02,Cancellation request,Product recommendation,Pending Customer Response,Low,Chat,12:46:00,,
1127,Stacey Barron,morrowroberta@example.org,23,Other,Nintendo Switch Pro Controller,2021-03-13,Technical issue,Product setup,Closed,High,Social media,19:14:00,11:16:00,4
1130,Michaela Williams,jonesjerry@example.org,62,Other,Dell XPS,2021-02-04,Refund request,Battery life,Closed,Medium,Social media,04:19:00,01:58:00,1
1131,Jesus Snyder,ashleythompson@example.com,70,Other,LG Smart TV,2020-11-19,Cancellation request,Refund request,Pending Customer Response,Medium,Chat,23:15:00,,
1133,Ashley Hahn,andrew44@example.org,25,Other,Samsung Soundbar,2021-05-12,Technical issue,Product recommendation,Pending Customer Response,Medium,Social media,13:32:00,,
1134,Maria Rose,ccollins@example.net,44,Female,Autodesk AutoCAD,2020-03-31,Refund request,Installation support,Pending Customer Response,Critical,Social media,16:11:00,,
1136,Kim Jenkins,floresmary@example.net,36,Male,LG Smart TV,2020-06-11,Technical issue,Software bug,Closed,Medium,Social media,05:57:00,03:17:00,2
1137,James Anderson,erica33@example.com,52,Female,Xbox,2021-02-14,Technical issue,Hardware issue,Pending Customer Response,Medium,Social media,07:53:00,,
1139,James Smith,chamberskristin@example.org,45,Female,Lenovo ThinkPad,2021-06-25,Billing inquiry,Network problem,Pending Customer Response,Critical,Chat,17:24:00,,
1140,Amanda Smith,tcooper@example.com,30,Female,Bose SoundLink Speaker,2021-08-16,Refund request,Product recommendation,Pending Customer Response,Low,Social media,13:01:00,,
1142,Leonard Jones,walterethan@example.com,53,Male,Nintendo Switch,2020-06-08,Product inquiry,Payment issue,Pending Customer Response,High,Phone,19:42:00,,
1143,Justin Murphy,andrewrasmussen@example.net,43,Female,Xbox,2020-04-11,Technical issue,Delivery problem,Closed,Critical,Phone,05:12:00,09:58:00,2
1144,Grant Mills,vincenthudson@example.net,25,Male,Dyson Vacuum Cleaner,2021-12-27,Billing inquiry,Refund request,Pending Customer Response,Critical,Chat,02:35:00,,
1145,Matthew Henry,gardnerrenee@example.com,32,Other,HP Pavilion,2020-01-22,Billing inquiry,Network problem,Pending Customer Response,Low,Email,12:26:00,,
1146,Kevin Lewis,ilane@example.org,43,Other,Microsoft Office,2020-12-09,Product inquiry,Payment issue,Closed,High,Social media,16:24:00,20:57:00,4
1147,Brandon Smith,griffithjames@example.com,60,Male,Nintendo Switch Pro Controller,2020-05-04,Refund request,Network problem,Pending Customer Response,High,Chat,06:48:00,,
1149,Kendra Andrews,dawn57@example.com,59,Male,MacBook Pro,2021-01-28,Technical issue,Account access,Pending Customer Response,Medium,Social media,00:03:00,,
1150,Nicole Gamble,rhonda03@example.org,45,Male,Canon EOS,2020-10-29,Billing inquiry,Product compatibility,Pending Customer Response,Critical,Email,14:40:00,,
1151,Samantha Griffin,kaitlyndominguez@example.com,49,Other,Samsung Soundbar,2021-03-01,Billing inquiry,Network problem,Closed,High,Phone,07:17:00,10:23:00,2
1152,Scott Boyd,allison50@example.net,62,Other,Samsung Soundbar,2020-05-16,Cancellation request,Network problem,Pending Customer Response,Low,Phone,15:39:00,,
1153,Oscar Rivera,jaguilar@example.com,42,Other,LG OLED,2021-07-25,Cancellation request,Installation support,Pending Customer Response,High,Chat,02:25:00,,
1154,Miss Stacey Kane,wware@example.org,21,Male,Bose SoundLink Speaker,2020-06-18,Refund request,Product setup,Closed,High,Social media,01:35:00,21:30:00,2
1155,Heidi Wilkins,lyang@example.net,46,Other,MacBook Pro,2021-07-14,Refund request,Product compatibility,Pending Customer Response,Critical,Phone,06:32:00,,
1157,Robin Hill,taylorcynthia@example.org,59,Other,Canon DSLR Camera,2020-11-26,Product inquiry,Refund request,Pending Customer Response,Low,Social media,06:53:00,,
1158,Peter Campbell,micheleknapp@example.com,21,Male,Garmin Forerunner,2021-04-15,Billing inquiry,Network problem,Closed,Low,Social media,21:16:00,15:11:00,2
1159,Jeremiah Allen,david99@example.com,57,Female,Samsung Galaxy,2021-09-10,Billing inquiry,Software bug,Pending Customer Response,Critical,Chat,02:04:00,,
1161,Jonathan Webb,gwhite@example.com,46,Male,Nikon D,2020-06-05,Cancellation request,Software bug,Pending Customer Response,Medium,Chat,18:44:00,,
1162,Heather Murray,jenglish@example.com,21,Other,Microsoft Surface,2020-01-08,Cancellation request,Installation support,Pending Customer Response,Critical,Phone,06:55:00,,
1163,Christy Guzman,davidsonaudrey@example.com,31,Female,Amazon Kindle,2020-02-15,Product inquiry,Product recommendation,Pending Customer Response,Medium,Chat,06:59:00,,
1164,Michael Humphrey,lopezroger@example.net,21,Other,Autodesk AutoCAD,2021-05-13,Billing inquiry,Peripheral compatibility,Pending Customer Response,Critical,Chat,08:56:00,,
1165,Brandon Collins,smithdavid@example.com,18,Female,Xbox,2020-05-20,Refund request,Hardware issue,Closed,Critical,Phone,10:33:00,23:12:00,5
1166,John Collier,jon73@example.com,53,Female,LG Washing Machine,2020-09-22,Technical issue,Display issue,Closed,Medium,Chat,23:15:00,08:19:00,5
1167,Antonio Vasquez,thomasstephanie@example.net,25,Other,Sony 4K HDR TV,2021-04-23,Cancellation request,Product recommendation,Closed,Medium,Phone,13:23:00,02:51:00,5
1168,David Humphrey,tammymullins@example.org,46,Female,Nintendo Switch Pro Controller,2020-11-27,Cancellation request,Product setup,Pending Customer Response,High,Phone,20:49:00,,
1169,Mrs. Leslie Wong,riveraluis@example.net,68,Female,Fitbit Versa Smartwatch,2020-04-30,Product inquiry,Data loss,Closed,Medium,Email,17:25:00,13:07:00,4
1170,Pamela Anderson,josephserrano@example.org,55,Female,Canon EOS,2020-03-03,Technical issue,Battery life,Pending Customer Response,Critical,Email,00:53:00,,
1171,Shannon Petty,wbarrett@example.org,21,Female,Samsung Galaxy,2021-05-12,Billing inquiry,Account access,Pending Customer Response,Medium,Email,18:38:00,,
1172,Lauren Schwartz,okelly@example.net,66,Female,Amazon Echo,2020-06-24,Technical issue,Network problem,Closed,High,Email,13:55:00,18:03:00,2
1173,Savannah Willis,zwalter@example.com,66,Female,Microsoft Xbox Controller,2020-05-01,Refund request,Installation support,Pending Customer Response,Critical,Phone,23:05:00,,
1175,Richard Blevins,catherine71@example.net,25,Male,GoPro Action Camera,2020-04-03,Cancellation request,Product recommendation,Closed,High,Phone,07:45:00,13:23:00,1
1178,Fernando Johnson,stephanie80@example.com,39,Male,Nintendo Switch,2020-06-19,Cancellation request,Network problem,Closed,Low,Chat,09:51:00,20:02:00,4
1180,Karen Brown,danielbarry@example.com,46,Male,LG OLED,2021-10-08,Refund request,Product setup,Pending Customer Response,High,Phone,05:33:00,,
1182,Jonathan King,ballbrianna@example.com,43,Female,Asus ROG,2021-02-07,Billing inquiry,Peripheral compatibility,Pending Customer Response,Medium,Phone,07:31:00,,
1183,Kenneth Lee,mwebb@example.com,42,Male,Sony PlayStation,2021-02-11,Billing inquiry,Product setup,Closed,Medium,Chat,19:49:00,02:05:00,2
1184,Rita Miller,bennettryan@example.org,38,Male,Microsoft Office,2021-03-08,Technical issue,Product setup,Closed,High,Chat,17:53:00,19:17:00,5
1185,Larry Mccullough,ijones@example.net,23,Female,LG OLED,2020-10-18,Technical issue,Battery life,Pending Customer Response,High,Chat,08:18:00,,
1186,Heather Martin,jodonnell@example.org,54,Female,Xbox,2021-02-23,Billing inquiry,Display issue,Closed,High,Chat,18:04:00,17:00:00,4
1188,Kenneth Smith,maddenandrea@example.net,54,Female,Sony PlayStation,2020-12-14,Technical issue,Network problem,Closed,Medium,Email,09:13:00,08:09:00,5
1189,Jack Smith,turnerteresa@example.org,21,Male,Canon EOS,2020-06-13,Refund request,Product recommendation,Closed,Critical,Email,02:13:00,00:14:00,3
1190,Jim Harris,jquinn@example.com,49,Female,Autodesk AutoCAD,2020-06-11,Cancellation request,Account access,Closed,Medium,Chat,00:14:00,06:15:00,5
1191,Joseph Reynolds,rhondawalker@example.net,38,Male,GoPro Hero,2020-12-06,Technical issue,Installation support,Closed,Low,Phone,10:52:00,20:12:00,2
1194,Morgan Gould,xvega@example.net,35,Female,iPhone,2020-08-20,Cancellation request,Payment issue,Closed,Critical,Social media,20:32:00,09:41:00,4
1199,Robert Vasquez,patrick69@example.org,54,Other,Dyson Vacuum Cleaner,2021-12-04,Refund request,Display issue,Closed,Low,Social media,21:29:00,02:44:00,5
1203,Philip Harris,debbie78@example.net,32,Male,Nintendo Switch Pro Controller,2021-02-21,Product inquiry,Refund request,Pending Customer Response,High,Chat,16:14:00,,
1204,Hayden Hernandez,edward78@example.net,61,Male,Canon DSLR Camera,2020-12-29,Technical issue,Installation support,Pending Customer Response,Critical,Chat,00:08:00,,
1205,Jeremy Smith,spencermarquez@example.net,20,Other,Microsoft Office,2020-05-11,Cancellation request,Product compatibility,Pending Customer Response,Low,Chat,02:51:00,,
1206,Jeffrey Dennis,peter55@example.com,27,Female,Fitbit Charge,2021-01-16,Refund request,Delivery problem,Closed,Low,Phone,08:26:00,18:24:00,5
1208,Nicholas Garcia,sheltonkathleen@example.org,52,Female,LG Smart TV,2020-08-24,Billing inquiry,Installation support,Closed,Medium,Email,15:07:00,16:40:00,5
1209,Kim Sullivan,lisa79@example.net,31,Other,Amazon Kindle,2020-07-02,Product inquiry,Payment issue,Closed,Medium,Phone,11:46:00,13:16:00,3
1210,John Barnes,zmartin@example.net,36,Other,Microsoft Xbox Controller,2021-12-01,Billing inquiry,Product compatibility,Pending Customer Response,Medium,Phone,16:11:00,,
1211,Angel Garcia MD,mirandagarcia@example.com,41,Female,LG Smart TV,2021-11-27,Technical issue,Display issue,Pending Customer Response,Medium,Chat,18:16:00,,
1213,Victoria Hansen,fordjennifer@example.net,65,Male,GoPro Hero,2021-09-14,Billing inquiry,Installation support,Closed,High,Chat,09:24:00,14:11:00,4
1214,Robert Brown,benjamin44@example.net,51,Male,Autodesk AutoCAD,2020-02-15,Product inquiry,Network problem,Pending Customer Response,Medium,Chat,02:55:00,,
1216,Jennifer Russell,tylerjohns@example.net,51,Female,Nikon D,2021-07-18,Product inquiry,Product recommendation,Pending Customer Response,Low,Email,02:28:00,,
1217,Mario Alvarez,ashleyscott@example.com,24,Other,LG Washing Machine,2021-03-12,Refund request,Product compatibility,Closed,Critical,Email,02:43:00,22:07:00,5
1218,Desiree Foley,kristin36@example.net,30,Female,iPhone,2020-09-16,Cancellation request,Payment issue,Closed,Medium,Chat,19:40:00,01:14:00,5
1220,Andrew Mckenzie,whitesarah@example.org,21,Male,Google Pixel,2020-06-17,Technical issue,Peripheral compatibility,Pending Customer Response,High,Chat,00:33:00,,
1222,Robert Smith,newmannancy@example.net,27,Other,Amazon Kindle,2021-09-04,Product inquiry,Data loss,Pending Customer Response,Critical,Email,10:31:00,,
1224,Ryan Romero,sara31@example.net,58,Other,Apple AirPods,2020-09-18,Billing inquiry,Software bug,Closed,Low,Email,10:05:00,04:53:00,5
1226,Ryan Chase,stephanie21@example.org,66,Other,Apple AirPods,2021-06-11,Refund request,Account access,Pending Customer Response,Low,Social media,02:56:00,,
1227,Stephanie Miller,benjaminpeters@example.net,57,Other,PlayStation,2020-02-10,Cancellation request,Installation support,Pending Customer Response,Low,Chat,10:51:00,,
1229,Leslie Terry,dennis39@example.org,58,Other,Sony 4K HDR TV,2021-07-23,Cancellation request,Hardware issue,Closed,Critical,Email,19:31:00,17:04:00,4
1230,Amy Johnson,eddie67@example.com,36,Other,Nintendo Switch,2020-01-15,Refund request,Installation support,Pending Customer Response,Low,Phone,17:40:00,,
1231,Michael Obrien,veronicaford@example.net,22,Female,Fitbit Charge,2021-04-25,Product inquiry,Refund request,Pending Customer Response,Medium,Email,11:23:00,,
1232,Kenneth Gregory,david60@example.org,66,Other,Adobe Photoshop,2020-01-11,Cancellation request,Data loss,Closed,Critical,Social media,12:03:00,03:16:00,1
1233,Emily Murray,johnsonamy@example.com,22,Female,Nest Thermostat,2020-08-13,Technical issue,Delivery problem,Pending Customer Response,Medium,Email,06:36:00,,
1239,Brandy Webb,david81@example.net,26,Male,HP Pavilion,2021-06-08,Refund request,Peripheral compatibility,Pending Customer Response,High,Phone,12:58:00,,
1240,John Solis,neilpeters@example.com,19,Other,Bose SoundLink Speaker,2020-02-25,Cancellation request,Network problem,Closed,Critical,Email,01:08:00,21:48:00,1
1241,Sheri Larson,tammy45@example.org,51,Female,PlayStation,2020-02-16,Product inquiry,Data loss,Pending Customer Response,Critical,Email,15:25:00,,
1243,Mark Grimes,perezjessica@example.com,50,Female,HP Pavilion,2020-07-17,Billing inquiry,Battery life,Closed,Low,Phone,19:36:00,05:41:00,5
1245,Joseph Gonzalez,andreawashington@example.org,26,Other,Canon EOS,2020-07-24,Product inquiry,Peripheral compatibility,Pending Customer Response,High,Social media,16:59:00,,
1248,Wayne Shaw,andersondonald@example.com,38,Female,Nintendo Switch,2021-08-14,Refund request,Data loss,Closed,High,Social media,21:10:00,00:17:00,1
1250,Justin Greer,edavidson@example.com,40,Male,LG Washing Machine,2021-02-02,Billing inquiry,Product recommendation,Closed,High,Phone,19:45:00,15:05:00,3
1251,Stephen Rivera,xthomas@example.org,58,Male,Autodesk AutoCAD,2020-09-18,Cancellation request,Data loss,Pending Customer Response,Low,Phone,05:29:00,,
1256,Paul Baldwin,mirandajohnson@example.net,38,Other,GoPro Hero,2020-10-14,Technical issue,Installation support,Closed,High,Social media,23:09:00,18:36:00,2
1257,Steven Hernandez,amorrow@example.org,56,Other,Google Pixel,2021-12-13,Refund request,Account access,Closed,Medium,Email,02:44:00,02:03:00,5
1259,Erica Chapman,jameskaren@example.org,43,Male,LG OLED,2020-12-21,Product inquiry,Delivery problem,Pending Customer Response,Low,Email,04:12:00,,
1260,Sharon Rodriguez,william55@example.com,28,Female,Nikon D,2020-04-18,Billing inquiry,Installation support,Pending Customer Response,Low,Email,10:38:00,,
1261,Sandra Macdonald,john42@example.org,35,Male,Google Pixel,2021-08-08,Refund request,Delivery problem,Pending Customer Response,High,Chat,08:51:00,,
1264,Steve Park,madams@example.org,22,Other,PlayStation,2021-09-15,Cancellation request,Battery life,Pending Customer Response,Low,Social media,14:12:00,,
1265,Lisa Bennett,holderwilliam@example.com,35,Male,Sony 4K HDR TV,2021-01-16,Technical issue,Installation support,Closed,Low,Email,12:07:00,23:43:00,5
1266,Robert Sullivan,harringtonjamie@example.org,62,Female,Microsoft Surface,2021-08-31,Billing inquiry,Network problem,Closed,Critical,Social media,16:26:00,20:38:00,5
1267,Mary Griffin,nathan55@example.net,27,Other,Dyson Vacuum Cleaner,2021-07-04,Technical issue,Network problem,Closed,Low,Chat,21:22:00,16:53:00,5
1270,Christine Williams,rebeccadaniel@example.com,62,Female,Canon EOS,2020-12-04,Billing inquiry,Cancellation request,Closed,High,Phone,06:48:00,16:40:00,4
1271,Robert Rios,kimjeremiah@example.net,43,Male,Nintendo Switch,2020-07-17,Cancellation request,Data loss,Pending Customer Response,Medium,Email,04:06:00,,
1272,Amanda Thompson,reyeswendy@example.com,47,Male,LG Washing Machine,2020-07-21,Cancellation request,Display issue,Closed,Critical,Chat,12:21:00,10:56:00,1
1273,Mary Cole,nguyenyolanda@example.com,21,Female,Amazon Kindle,2020-05-07,Billing inquiry,Refund request,Pending Customer Response,Low,Social media,11:53:00,,
1274,George Thomas,jack44@example.net,62,Male,LG Smart TV,2021-08-15,Technical issue,Display issue,Pending Customer Response,High,Chat,02:21:00,,
1275,Rebecca Gibbs,breanna52@example.org,60,Male,Roomba Robot Vacuum,2020-05-01,Refund request,Installation support,Pending Customer Response,Low,Email,03:01:00,,
1276,Jenna Walsh,kelly61@example.com,39,Other,Canon EOS,2021-04-05,Refund request,Product recommendation,Pending Customer Response,High,Phone,10:42:00,,
1277,Sara Harvey,maryroy@example.net,25,Male,Fitbit Versa Smartwatch,2020-11-07,Billing inquiry,Data loss,Closed,Critical,Social media,04:04:00,02:01:00,2
1278,Jessica Fox,vroach@example.com,29,Female,Autodesk AutoCAD,2020-11-29,Product inquiry,Delivery problem,Closed,Critical,Email,10:08:00,14:58:00,1
1279,Jack Mccall,markblackburn@example.com,48,Female,LG OLED,2021-12-15,Billing inquiry,Product compatibility,Closed,Medium,Email,02:38:00,13:09:00,4
1280,Samantha Olson,pbutler@example.org,44,Other,Dyson Vacuum Cleaner,2020-09-25,Billing inquiry,Refund request,Pending Customer Response,Low,Social media,18:07:00,,
1281,Bryan Wilson,hugheslori@example.net,53,Other,Dell XPS,2021-07-04,Refund request,Battery life,Closed,Medium,Email,04:51:00,14:27:00,1
1282,Patricia Elliott,teresaortiz@example.com,54,Male,Google Nest,2020-11-29,Cancellation request,Delivery problem,Pending Customer Response,Low,Email,15:19:00,,
1283,Donna Harris,lisa07@example.net,48,Female,Google Nest,2021-05-16,Product inquiry,Product compatibility,Closed,Critical,Phone,14:48:00,20:56:00,1
1286,Ashley Love,kristie33@example.net,40,Male,Dyson Vacuum Cleaner,2021-10-23,Product inquiry,Product setup,Pending Customer Response,High,Chat,05:13:00,,
1287,Denise Perry,esoto@example.org,21,Other,Google Pixel,2021-03-06,Technical issue,Installation support,Pending Customer Response,Medium,Chat,21:57:00,,
1288,Cristian Rodriguez,smiththomas@example.net,36,Other,LG Washing Machine,2021-12-28,Technical issue,Product recommendation,Pending Customer Response,Critical,Social media,00:23:00,,
1290,Brianna Vaughn,duartemichael@example.net,22,Other,Bose SoundLink Speaker,2021-10-07,Refund request,Data loss,Pending Customer Response,Medium,Social media,02:55:00,,
1291,Abigail Davis,rodriguezchristine@example.net,42,Female,Garmin Forerunner,2021-03-15,Product inquiry,Data loss,Pending Customer Response,Medium,Social media,04:56:00,,
1294,Cindy Yu,mthompson@example.org,50,Other,Dell XPS,2020-06-15,Cancellation request,Hardware issue,Closed,Critical,Chat,20:52:00,00:27:00,2
1295,Alex Allen,gcameron@example.net,46,Female,Garmin Forerunner,2021-08-03,Refund request,Network problem,Pending Customer Response,Medium,Social media,13:07:00,,
1296,Carla Robinson,rogerthomas@example.net,21,Male,Microsoft Office,2021-11-22,Cancellation request,Peripheral compatibility,Closed,Medium,Email,03:40:00,05:41:00,5
1297,Christopher Jones,matthewherrera@example.com,66,Male,Amazon Echo,2020-02-10,Billing inquiry,Software bug,Closed,Low,Social media,05:42:00,07:50:00,2
1298,Joanne Lynch,theresa07@example.com,33,Other,Xbox,2021-09-29,Product inquiry,Installation support,Pending Customer Response,High,Social media,02:10:00,,
1299,Alyssa Medina,jdavis@example.org,63,Female,Lenovo ThinkPad,2020-03-25,Billing inquiry,Network problem,Closed,High,Phone,05:26:00,01:53:00,4
1300,William Klein,johnathanwashington@example.com,41,Other,MacBook Pro,2021-07-01,Refund request,Cancellation request,Pending Customer Response,Low,Email,20:02:00,,
1301,Kristen Rodriguez,wrightcory@example.com,63,Male,Samsung Galaxy,2020-01-13,Refund request,Product setup,Closed,Low,Social media,07:16:00,13:44:00,2
1302,Brittany Long,ortizmaria@example.org,24,Female,Sony PlayStation,2021-05-03,Cancellation request,Hardware issue,Pending Customer Response,Low,Phone,04:28:00,,
1303,Amanda Higgins,thomas94@example.org,63,Female,GoPro Hero,2020-08-25,Technical issue,Payment issue,Pending Customer Response,Low,Email,21:49:00,,
1304,Leslie Bishop,tjones@example.com,22,Other,Garmin Forerunner,2020-04-03,Product inquiry,Software bug,Pending Customer Response,Critical,Phone,10:26:00,,
1305,Thomas Smith,ddavis@example.net,24,Male,Nintendo Switch Pro Controller,2021-07-20,Product inquiry,Product setup,Pending Customer Response,Low,Email,00:11:00,,
1306,Teresa Barnes MD,kadams@example.org,66,Female,LG OLED,2020-07-09,Cancellation request,Peripheral compatibility,Closed,High,Phone,04:08:00,08:57:00,4
1307,Julie Walsh,cdunn@example.com,63,Other,MacBook Pro,2020-01-27,Refund request,Display issue,Closed,Critical,Chat,09:19:00,03:26:00,3
1309,Natasha Lopez,blackwellangela@example.net,37,Other,Google Nest,2020-08-05,Product inquiry,Network problem,Pending Customer Response,High,Chat,10:36:00,,
1310,Victoria Smith,cgutierrez@example.net,59,Male,Microsoft Office,2021-07-17,Billing inquiry,Payment issue,Closed,Medium,Email,16:42:00,08:12:00,5
1311,Bryce Fitzgerald,ymiles@example.net,56,Other,Bose QuietComfort,2020-03-09,Product inquiry,Product recommendation,Closed,Critical,Social media,19:34:00,06:04:00,4
1312,Richard Howard,lwalters@example.org,65,Female,Samsung Soundbar,2021-02-16,Refund request,Software bug,Closed,Medium,Social media,03:05:00,05:06:00,1
1313,Randy Walker,samanthazimmerman@example.com,33,Female,Dyson Vacuum Cleaner,2020-12-25,Cancellation request,Product compatibility,Pending Customer Response,Critical,Email,06:51:00,,
1314,Mark Harrison,susanwilkinson@example.org,28,Female,Roomba Robot Vacuum,2021-10-16,Cancellation request,Software bug,Closed,Critical,Social media,20:25:00,02:36:00,3
1316,Brittany Miller,douglasjohnson@example.org,67,Male,LG Smart TV,2021-04-07,Refund request,Network problem,Closed,High,Phone,20:59:00,05:27:00,5
1317,Jeffery Brown,gvance@example.org,40,Female,Canon DSLR Camera,2020-12-30,Refund request,Data loss,Closed,Medium,Chat,02:25:00,22:49:00,1
1318,Thomas Martin,bcuevas@example.org,55,Female,Dell XPS,2020-01-24,Cancellation request,Network problem,Pending Customer Response,Low,Social media,22:12:00,,
1320,Kyle Horton,gthomas@example.org,34,Female,Nintendo Switch,2021-06-30,Technical issue,Network problem,Closed,Low,Chat,14:04:00,06:15:00,1
1322,Charlotte Ford,panderson@example.org,42,Other,Microsoft Surface,2020-04-01,Refund request,Display issue,Pending Customer Response,Critical,Chat,10:05:00,,
1324,Nicole Mitchell,rachel27@example.com,52,Male,Nintendo Switch,2020-11-14,Technical issue,Hardware issue,Pending Customer Response,High,Social media,08:25:00,,
1325,Kimberly Kelly,mitchellnathaniel@example.net,55,Female,Nikon D,2020-05-19,Cancellation request,Payment issue,Pending Customer Response,Critical,Email,03:27:00,,
1328,Kathryn Hayes,jasminewarren@example.org,68,Other,Samsung Galaxy,2021-03-05,Refund request,Battery life,Pending Customer Response,High,Chat,01:00:00,,
1329,Bill Gilmore,tracy71@example.com,55,Other,Canon DSLR Camera,2020-04-16,Technical issue,Battery life,Closed,Medium,Chat,18:52:00,16:58:00,2
1330,Ryan Lambert,jessica01@example.com,38,Female,Microsoft Xbox Controller,2020-06-24,Product inquiry,Battery life,Closed,Medium,Phone,09:13:00,08:23:00,3
1332,Jennifer Phillips,ssmith@example.com,38,Male,Autodesk AutoCAD,2020-01-01,Technical issue,Network problem,Closed,Low,Phone,11:30:00,06:07:00,3
1333,Nicholas Smith,mathewfisher@example.com,69,Female,Sony PlayStation,2021-02-05,Product inquiry,Battery life,Closed,Low,Phone,01:33:00,18:37:00,5
1334,Curtis Pearson,lopezbarbara@example.net,70,Male,Garmin Forerunner,2020-09-03,Billing inquiry,Cancellation request,Closed,High,Chat,08:52:00,22:39:00,5
1336,Sarah Buchanan,turneranthony@example.com,31,Male,iPhone,2020-02-14,Billing inquiry,Refund request,Closed,Low,Email,01:47:00,00:32:00,5
1337,Jason Simon,caleb76@example.org,33,Female,Garmin Forerunner,2021-03-12,Billing inquiry,Payment issue,Closed,Critical,Phone,05:41:00,00:23:00,5
1339,David Scott,coffeyscott@example.org,40,Female,Nest Thermostat,2020-08-02,Product inquiry,Software bug,Pending Customer Response,Low,Phone,14:24:00,,
1340,Dennis Bates,thomas05@example.com,45,Female,Microsoft Office,2020-08-29,Refund request,Data loss,Closed,Critical,Email,03:16:00,22:29:00,5
1341,Jesus Ramos,erinburns@example.org,52,Male,Bose QuietComfort,2020-01-17,Technical issue,Product setup,Pending Customer Response,Medium,Phone,08:56:00,,
1342,Heather Goodman,melissabennett@example.net,20,Male,GoPro Action Camera,2021-09-09,Product inquiry,Network problem,Closed,Low,Social media,00:54:00,10:02:00,2
1343,Sheena Guzman,reginastone@example.com,47,Female,Fitbit Charge,2020-12-14,Cancellation request,Installation support,Pending Customer Response,Critical,Email,23:18:00,,
1344,Heather Taylor,nperez@example.net,51,Female,Samsung Galaxy,2020-10-21,Billing inquiry,Network problem,Closed,Critical,Chat,14:02:00,05:32:00,2
1345,Lisa Smith,collinscarrie@example.org,44,Other,Samsung Galaxy,2020-04-08,Refund request,Account access,Pending Customer Response,Low,Chat,21:59:00,,
1346,Savannah Ayala,thomas38@example.com,19,Other,Nintendo Switch,2021-12-16,Product inquiry,Network problem,Pending Customer Response,High,Phone,16:22:00,,
1347,Heather Walters,hillmichael@example.com,64,Female,Canon EOS,2020-04-30,Refund request,Product compatibility,Closed,High,Chat,07:44:00,02:38:00,4
1348,Kelly Mckenzie,kathleenbrock@example.net,32,Other,Microsoft Surface,2021-07-30,Refund request,Payment issue,Pending Customer Response,Critical,Email,10:05:00,,
1351,Megan Johnson,isnyder@example.com,46,Female,Google Pixel,2020-01-11,Technical issue,Product setup,Closed,High,Social media,18:37:00,07:51:00,1
1352,Nancy Cooke,walterowen@example.org,18,Male,LG Smart TV,2021-02-17,Refund request,Cancellation request,Closed,Critical,Social media,17:12:00,04:03:00,4
1354,Gabriel Johnson,kwebster@example.com,69,Male,Philips Hue Lights,2021-01-19,Technical issue,Payment issue,Closed,Low,Phone,22:13:00,08:31:00,5
1355,Cole Morgan,victoria85@example.net,46,Female,iPhone,2020-02-27,Billing inquiry,Product compatibility,Closed,High,Chat,22:55:00,01:28:00,3
1356,Brenda Hansen,abaldwin@example.net,58,Other,Microsoft Office,2021-07-10,Refund request,Peripheral compatibility,Closed,High,Phone,13:04:00,20:05:00,1
1357,Colleen Patel,smithamanda@example.net,45,Male,Roomba Robot Vacuum,2020-06-27,Technical issue,Delivery problem,Closed,Low,Chat,06:58:00,22:12:00,2
1358,Michael Davidson,martintrevor@example.com,36,Male,MacBook Pro,2021-09-14,Billing inquiry,Battery life,Closed,High,Chat,23:56:00,15:25:00,3
1362,Brittany Martin,lauren97@example.net,51,Male,Adobe Photoshop,2021-07-07,Cancellation request,Product compatibility,Closed,Medium,Phone,00:55:00,06:22:00,3
1363,Johnathan Farrell,tyronehahn@example.com,52,Female,MacBook Pro,2020-09-13,Technical issue,Delivery problem,Pending Customer Response,Medium,Phone,12:49:00,,
1364,Paul Lopez,sanforddouglas@example.net,46,Female,Adobe Photoshop,2021-08-28,Billing inquiry,Data loss,Pending Customer Response,Medium,Social media,21:43:00,,
1371,Reginald Shepard,john02@example.com,46,Male,Autodesk AutoCAD,2021-06-26,Technical issue,Data loss,Closed,Critical,Social media,14:08:00,10:46:00,5
1372,Daniel Carter,darin95@example.org,23,Other,Fitbit Charge,2020-02-04,Technical issue,Product setup,Pending Customer Response,High,Social media,19:26:00,,
1373,Brenda Morris,xmanning@example.net,30,Female,Philips Hue Lights,2020-05-04,Refund request,Product compatibility,Closed,Low,Chat,20:00:00,22:46:00,1
1374,Anna Schmidt MD,robinsonkelly@example.net,46,Male,Google Nest,2020-02-19,Billing inquiry,Cancellation request,Closed,Medium,Social media,20:32:00,20:21:00,3
1375,Rachel James,meghan71@example.net,40,Female,Roomba Robot Vacuum,2020-07-05,Billing inquiry,Refund request,Pending Customer Response,Critical,Social media,14:31:00,,
1376,Mary Mclean,matthewmurphy@example.org,28,Male,Google Pixel,2021-08-09,Product inquiry,Installation support,Pending Customer Response,Low,Phone,05:55:00,,
1377,Sarah Watkins,maryholloway@example.org,52,Male,LG OLED,2020-06-10,Refund request,Cancellation request,Pending Customer Response,High,Social media,01:57:00,,
1378,Toni Callahan,craigmckenzie@example.net,36,Male,GoPro Hero,2020-05-17,Product inquiry,Payment issue,Closed,High,Email,03:32:00,15:46:00,3
1379,Renee Lynch,tammyward@example.org,49,Female,GoPro Hero,2021-04-05,Cancellation request,Display issue,Closed,High,Email,20:01:00,11:40:00,1
1383,Darren Ingram,grayerin@example.org,65,Female,Samsung Soundbar,2020-05-10,Product inquiry,Network problem,Closed,Critical,Email,10:38:00,18:56:00,5
1384,Shane James,mhoward@example.com,31,Male,Nikon D,2020-11-03,Technical issue,Account access,Closed,Low,Social media,00:34:00,01:31:00,2
1386,Lawrence Anthony,jay44@example.com,25,Male,LG OLED,2020-11-09,Refund request,Cancellation request,Pending Customer Response,Medium,Chat,15:15:00,,
1388,Eric Garcia,jonesdevin@example.com,60,Male,Fitbit Charge,2021-06-19,Cancellation request,Cancellation request,Pending Customer Response,Medium,Social media,05:19:00,,
1391,Anita Smith,jhooper@example.net,45,Other,Roomba Robot Vacuum,2020-02-03,Technical issue,Payment issue,Closed,High,Social media,23:57:00,15:25:00,1
1393,Becky Bailey,nancybrown@example.net,19,Male,MacBook Pro,2020-06-21,Refund request,Peripheral compatibility,Pending Customer Response,Medium,Email,04:34:00,,
1394,Katie Lewis,juliepeterson@example.com,20,Female,Asus ROG,2021-08-14,Refund request,Cancellation request,Pending Customer Response,Medium,Social media,09:01:00,,
1395,Tracy Bartlett,stephaniesanchez@example.com,61,Male,Lenovo ThinkPad,2021-07-24,Cancellation request,Delivery problem,Pending Customer Response,Critical,Email,23:45:00,,
1396,Mrs. Sarah Kaiser,stephanie85@example.org,36,Male,Garmin Forerunner,2020-07-05,Billing inquiry,Battery life,Closed,Low,Phone,21:46:00,22:32:00,2
1398,Donald Flores,moorelindsay@example.com,66,Male,Amazon Kindle,2020-07-06,Billing inquiry,Product compatibility,Closed,Low,Phone,05:05:00,01:21:00,4
1400,David Watson,kross@example.net,52,Female,Nikon D,2020-11-28,Refund request,Battery life,Closed,Medium,Phone,14:28:00,20:28:00,2
1402,Amanda Waters,njones@example.org,65,Other,Nintendo Switch Pro Controller,2020-05-28,Refund request,Product compatibility,Pending Customer Response,High,Email,04:24:00,,
1406,Rebecca Mcdaniel,rileydan@example.org,61,Other,Philips Hue Lights,2020-09-26,Billing inquiry,Installation support,Closed,Medium,Email,07:00:00,23:59:00,4
1408,Brent Hunt,cantrelljasmine@example.net,28,Female,iPhone,2020-11-13,Billing inquiry,Battery life,Pending Customer Response,Critical,Social media,19:38:00,,
1409,Brittney Key,martintroy@example.org,24,Male,Xbox,2021-04-11,Refund request,Account access,Pending Customer Response,High,Social media,11:05:00,,
1412,Michael Moreno,katherinewebb@example.com,32,Other,Nest Thermostat,2020-01-09,Billing inquiry,Hardware issue,Closed,Critical,Phone,16:25:00,21:49:00,5
1413,Stephanie Rodriguez,tdiaz@example.com,52,Other,LG Smart TV,2021-03-14,Cancellation request,Peripheral compatibility,Pending Customer Response,Medium,Phone,12:34:00,,
1415,Susan Maddox,karenwilson@example.net,27,Female,GoPro Hero,2021-06-25,Cancellation request,Display issue,Pending Customer Response,High,Social media,07:08:00,,
1417,David Frost,fpatterson@example.net,67,Female,Microsoft Xbox Controller,2021-12-09,Technical issue,Delivery problem,Closed,Medium,Email,18:03:00,01:07:00,1
1418,Kristopher Garcia,bradleypaul@example.net,59,Male,Microsoft Xbox Controller,2020-02-14,Cancellation request,Network problem,Closed,High,Email,09:46:00,03:07:00,5
1419,Maria Gonzalez,breanna18@example.net,63,Male,Nikon D,2021-02-17,Cancellation request,Display issue,Pending Customer Response,Medium,Social media,16:44:00,,
1421,Michelle Mills,dberger@example.org,22,Other,Asus ROG,2020-06-25,Billing inquiry,Battery life,Pending Customer Response,Low,Phone,19:16:00,,
1423,Alyssa Vazquez,davidburton@example.net,58,Other,Nikon D,2020-03-18,Product inquiry,Product compatibility,Pending Customer Response,Critical,Social media,07:28:00,,
1425,Tyler Chambers,megan12@example.net,47,Male,Bose QuietComfort,2021-01-06,Technical issue,Payment issue,Pending Customer Response,High,Social media,16:05:00,,
1427,Valerie Guerrero,priceedward@example.org,67,Other,Apple AirPods,2020-10-25,Technical issue,Hardware issue,Closed,Critical,Social media,16:40:00,07:33:00,3
1428,Mary Yates,brett23@example.org,58,Other,Philips Hue Lights,2020-12-16,Technical issue,Network problem,Closed,High,Email,09:54:00,07:54:00,5
1430,Nicole Carpenter,josephnash@example.org,51,Male,GoPro Hero,2021-09-05,Billing inquiry,Software bug,Pending Customer Response,Medium,Phone,05:07:00,,
1433,Sarah Livingston,ysmith@example.org,30,Other,iPhone,2020-04-21,Billing inquiry,Delivery problem,Closed,Low,Phone,15:28:00,12:16:00,2
1434,Anthony Murray,staceymorton@example.com,33,Other,Bose SoundLink Speaker,2020-10-19,Refund request,Product recommendation,Closed,Low,Email,12:19:00,07:23:00,1
1435,Kevin Brooks,brianmyers@example.org,46,Male,Nest Thermostat,2020-04-12,Billing inquiry,Delivery problem,Closed,Medium,Email,19:28:00,21:16:00,5
1436,Mrs. Morgan Murphy,jonmack@example.net,62,Female,Sony Xperia,2020-10-26,Refund request,Peripheral compatibility,Pending Customer Response,Medium,Email,12:51:00,,
1437,Kelli Terrell,rfowler@example.net,27,Female,LG OLED,2020-04-21,Billing inquiry,Hardware issue,Pending Customer Response,Low,Social media,06:02:00,,
1438,Jill Weeks,ashley52@example.com,63,Other,Bose SoundLink Speaker,2021-01-22,Refund request,Installation support,Pending Customer Response,Critical,Email,07:34:00,,
1443,Charlotte Doyle,ifields@example.com,19,Female,Xbox,2020-08-28,Product inquiry,Refund request,Pending Customer Response,Low,Social media,10:41:00,,
1444,Jessica Vaughn,dhaas@example.net,29,Male,Google Pixel,2020-09-16,Technical issue,Product recommendation,Closed,Critical,Chat,15:43:00,18:43:00,3
1445,Lisa Thompson,woodwardsandra@example.com,63,Male,LG Smart TV,2020-11-08,Refund request,Delivery problem,Closed,Low,Social media,07:15:00,16:09:00,3
1446,John Gray,hhamilton@example.net,25,Male,Amazon Kindle,2021-02-24,Billing inquiry,Hardware issue,Pending Customer Response,High,Social media,10:55:00,,
1449,Jack Fox,jaimematthews@example.net,64,Female,LG OLED,2021-05-20,Billing inquiry,Product setup,Pending Customer Response,Medium,Social media,05:57:00,,
1450,Jason Page,rmarshall@example.org,24,Female,Google Nest,2020-01-12,Product inquiry,Software bug,Pending Customer Response,Medium,Chat,07:01:00,,
1451,John Brown,maxwellrobinson@example.org,69,Male,Canon DSLR Camera,2021-08-03,Cancellation request,Payment issue,Closed,High,Email,15:20:00,09:38:00,2
1452,John Morgan,whiteandrea@example.net,27,Other,GoPro Action Camera,2020-08-21,Billing inquiry,Battery life,Pending Customer Response,Critical,Chat,23:15:00,,
1453,Shane Rodriguez,bergbarbara@example.org,35,Other,Dyson Vacuum Cleaner,2021-02-13,Cancellation request,Product setup,Closed,Critical,Social media,18:13:00,14:30:00,4
1455,Juan Mendoza,david36@example.com,64,Other,iPhone,2020-05-22,Refund request,Product setup,Pending Customer Response,Medium,Phone,20:30:00,,
1457,Nicholas Martinez,raycarney@example.net,34,Other,Dyson Vacuum Cleaner,2020-04-10,Billing inquiry,Installation support,Closed,High,Social media,14:25:00,20:15:00,5
1458,Robert Bradley,jesus62@example.com,29,Female,LG Smart TV,2020-09-08,Refund request,Refund request,Closed,Low,Phone,07:26:00,15:27:00,2
1459,Desiree Ramos,nguyenjerome@example.net,35,Female,GoPro Action Camera,2020-09-26,Billing inquiry,Refund request,Pending Customer Response,Critical,Phone,12:53:00,,
1461,Shirley Howard,fmiller@example.org,52,Other,Sony PlayStation,2020-03-06,Billing inquiry,Data loss,Pending Customer Response,Low,Chat,15:54:00,,
1463,Kathryn Hudson,alyssaevans@example.org,63,Other,Xbox,2021-05-02,Cancellation request,Battery life,Pending Customer Response,High,Chat,22:14:00,,
1464,Alan Krueger,renee85@example.net,39,Female,Google Pixel,2020-01-04,Product inquiry,Payment issue,Pending Customer Response,Critical,Chat,18:11:00,,
1466,Thomas Ray,kimberly17@example.org,34,Male,Google Pixel,2020-07-20,Refund request,Payment issue,Closed,Medium,Social media,00:21:00,17:00:00,5
1467,Earl Lambert,vgarcia@example.org,26,Male,GoPro Hero,2021-08-29,Refund request,Battery life,Pending Customer Response,Critical,Social media,23:20:00,,
1468,Michael Mclean,frederick35@example.com,34,Other,PlayStation,2021-08-09,Product inquiry,Payment issue,Closed,Medium,Phone,04:54:00,03:15:00,5
1469,Brian Ross,rgardner@example.com,56,Female,Bose QuietComfort,2020-12-07,Technical issue,Product setup,Closed,Critical,Social media,11:55:00,15:58:00,4
1470,Maria Murphy,ymosley@example.com,67,Female,Bose QuietComfort,2021-05-22,Refund request,Installation support,Pending Customer Response,High,Phone,15:25:00,,
1472,Brady Osborn,mitchell05@example.net,32,Male,LG OLED,2020-06-10,Cancellation request,Installation support,Pending Customer Response,Low,Email,12:48:00,,
1475,Madison Williamson,katherine06@example.net,27,Other,iPhone,2021-09-13,Refund request,Account access,Pending Customer Response,High,Social media,00:55:00,,
1476,Jeffery Boone,alijack@example.org,50,Female,Fitbit Versa Smartwatch,2020-09-07,Technical issue,Peripheral compatibility,Pending Customer Response,Critical,Chat,01:59:00,,
1477,Jessica Martin,turnereileen@example.net,21,Male,Roomba Robot Vacuum,2021-09-20,Technical issue,Installation support,Pending Customer Response,High,Chat,18:54:00,,
1479,Todd Riddle,bergcathy@example.org,61,Male,Microsoft Surface,2021-01-13,Refund request,Delivery problem,Pending Customer Response,Medium,Email,17:18:00,,
1480,William Johnson,heather30@example.net,64,Male,Garmin Forerunner,2020-10-01,Technical issue,Product recommendation,Pending Customer Response,High,Chat,00:44:00,,
1481,Jacob Moore,briddle@example.net,34,Female,Dyson Vacuum Cleaner,2020-10-02,Cancellation request,Product setup,Closed,Medium,Chat,23:42:00,08:01:00,4
1482,Rhonda Gates,joshuamunoz@example.com,28,Other,LG Smart TV,2021-04-07,Cancellation request,Installation support,Closed,Medium,Email,22:53:00,02:13:00,4
1483,Jonathan Zamora,myersjennifer@example.org,26,Male,Fitbit Charge,2020-02-21,Product inquiry,Delivery problem,Pending Customer Response,Medium,Chat,18:02:00,,
1484,Michael Stokes,tsimon@example.org,33,Female,Google Nest,2021-05-25,Refund request,Product setup,Closed,Critical,Email,23:58:00,03:22:00,2
1485,Troy Lewis,richard24@example.com,46,Male,Xbox,2021-06-06,Cancellation request,Display issue,Pending Customer Response,Low,Social media,16:05:00,,
1486,Jennifer Banks,kimberlyacosta@example.org,64,Male,GoPro Action Camera,2021-11-29,Product inquiry,Delivery problem,Pending Customer Response,Low,Email,07:43:00,,
1487,Amanda Nguyen,rwilliams@example.org,30,Male,Apple AirPods,2020-03-27,Cancellation request,Peripheral compatibility,Closed,High,Phone,13:29:00,02:27:00,3
1488,Terri Garcia,bergchristopher@example.net,50,Female,Sony PlayStation,2020-06-09,Product inquiry,Product compatibility,Closed,Low,Phone,21:25:00,14:56:00,4
1489,Lisa Johnson,sherrylove@example.net,37,Male,MacBook Pro,2021-10-25,Cancellation request,Software bug,Pending Customer Response,Medium,Chat,06:26:00,,
1490,Alyssa Moore,justin55@example.com,49,Female,Adobe Photoshop,2021-05-12,Technical issue,Product setup,Closed,Low,Chat,12:30:00,13:29:00,3
1491,Gabrielle Griffin,nalvarez@example.net,58,Female,Lenovo ThinkPad,2020-09-06,Refund request,Account access,Closed,High,Phone,04:03:00,01:27:00,1
1492,Amanda Smith,ptodd@example.com,49,Other,Philips Hue Lights,2020-01-25,Product inquiry,Product recommendation,Closed,Critical,Email,18:40:00,22:03:00,5
1493,Karen Scott,daniel14@example.net,34,Female,GoPro Hero,2020-07-03,Refund request,Delivery problem,Closed,Medium,Phone,18:42:00,20:57:00,3
1494,Aaron Powell,jfitzgerald@example.com,55,Other,Dell XPS,2020-02-21,Billing inquiry,Product setup,Closed,Low,Social media,04:50:00,14:18:00,4
1495,Jonathan Estrada,brian34@example.org,37,Male,iPhone,2020-07-28,Cancellation request,Delivery problem,Pending Customer Response,High,Social media,22:39:00,,
1496,Willie Harmon,eric50@example.net,58,Other,Sony 4K HDR TV,2021-12-24,Cancellation request,Battery life,Closed,Low,Chat,19:31:00,19:24:00,5
1498,Tammy Cortez,michellegarza@example.com,63,Female,Microsoft Surface,2021-03-05,Cancellation request,Cancellation request,Pending Customer Response,Low,Chat,17:02:00,,
1499,Phillip Pruitt,hoffmanryan@example.net,59,Female,Autodesk AutoCAD,2020-10-21,Product inquiry,Product compatibility,Closed,High,Email,12:09:00,10:36:00,2
1500,Daniel Price,smithmichael@example.net,69,Female,Apple AirPods,2020-07-22,Billing inquiry,Delivery problem,Pending Customer Response,Critical,Email,17:07:00,,
1502,Julie Liu,williamwood@example.org,65,Female,Bose QuietComfort,2021-05-27,Billing inquiry,Product compatibility,Pending Customer Response,High,Phone,23:57:00,,
1503,Christopher Johnson,danderson@example.org,39,Other,Xbox,2021-10-20,Refund request,Hardware issue,Pending Customer Response,Critical,Social media,02:15:00,,
1504,Erica Harris,fnorton@example.net,57,Male,Amazon Kindle,2020-01-09,Technical issue,Delivery problem,Closed,High,Chat,16:03:00,16:13:00,2
1505,Samantha Fernandez,shawnlittle@example.com,68,Other,MacBook Pro,2020-12-05,Technical issue,Account access,Pending Customer Response,Critical,Phone,17:34:00,,
1507,April Johnson,lisahale@example.org,57,Other,PlayStation,2020-01-11,Technical issue,Product compatibility,Pending Customer Response,High,Phone,12:38:00,,
1508,Daniel Anderson,scott63@example.net,21,Other,Nikon D,2020-04-01,Cancellation request,Hardware issue,Pending Customer Response,Medium,Social media,02:12:00,,
1509,Karen Gomez,mallen@example.org,46,Male,Dell XPS,2021-12-07,Product inquiry,Installation support,Pending Customer Response,Low,Chat,00:57:00,,
1513,Mary Clements,lacey33@example.org,55,Male,Dell XPS,2020-06-09,Cancellation request,Product recommendation,Pending Customer Response,Low,Phone,21:07:00,,
1514,Michaela Rowland,tjimenez@example.net,39,Male,Canon EOS,2021-07-02,Cancellation request,Battery life,Closed,Low,Email,18:57:00,04:44:00,3
1516,Andrew Haynes,allison91@example.com,51,Male,Google Pixel,2020-09-13,Cancellation request,Delivery problem,Pending Customer Response,Critical,Phone,17:31:00,,
1518,Evan Brown,bryan24@example.net,56,Other,Philips Hue Lights,2021-04-11,Refund request,Data loss,Pending Customer Response,High,Phone,13:58:00,,
1520,Eric Myers,storres@example.org,54,Female,LG Washing Machine,2021-12-20,Cancellation request,Software bug,Pending Customer Response,High,Email,16:41:00,,
1523,Michael Hernandez,kristennelson@example.org,21,Male,Fitbit Charge,2021-09-15,Refund request,Product recommendation,Pending Customer Response,Critical,Chat,05:44:00,,
1524,Elizabeth Zavala,matthew81@example.com,26,Male,Amazon Echo,2020-10-22,Cancellation request,Hardware issue,Closed,Critical,Email,13:15:00,19:18:00,5
1525,Angela Turner,johnbrown@example.net,58,Other,Xbox,2020-08-14,Cancellation request,Product setup,Pending Customer Response,Low,Email,20:15:00,,
1526,Ian White,scottferguson@example.com,22,Other,PlayStation,2020-08-24,Technical issue,Display issue,Pending Customer Response,Critical,Phone,15:21:00,,
1527,Michele Gray,brookeli@example.net,21,Other,MacBook Pro,2020-08-04,Product inquiry,Network problem,Closed,High,Email,07:44:00,14:51:00,4
1528,John Hernandez,srobbins@example.com,23,Male,Amazon Echo,2020-07-29,Refund request,Hardware issue,Closed,Low,Social media,04:24:00,00:04:00,5
1529,Alexandra Flores,hyoung@example.org,70,Other,Sony Xperia,2021-09-07,Refund request,Software bug,Closed,High,Chat,03:06:00,18:19:00,1
1530,Jeffrey Rivera,nathansmith@example.org,36,Female,Fitbit Versa Smartwatch,2021-03-09,Technical issue,Peripheral compatibility,Closed,Low,Phone,08:05:00,18:06:00,1
1533,Travis Calderon,jacksonwillie@example.net,68,Female,Google Nest,2021-03-21,Refund request,Refund request,Closed,Low,Email,05:32:00,09:42:00,4
1534,Tracy Hughes,boyerroger@example.net,47,Female,PlayStation,2020-05-30,Product inquiry,Hardware issue,Pending Customer Response,Critical,Phone,07:57:00,,
1536,Lisa Zhang,derekdavis@example.org,66,Male,Bose QuietComfort,2021-03-16,Product inquiry,Product recommendation,Closed,Medium,Email,14:04:00,19:43:00,4
1537,Kyle Noble,nicholas37@example.com,67,Male,GoPro Action Camera,2021-02-16,Cancellation request,Installation support,Pending Customer Response,Low,Social media,16:16:00,,
1540,David Oliver,scottlozano@example.net,27,Female,Dell XPS,2020-09-08,Technical issue,Refund request,Pending Customer Response,High,Email,04:30:00,,
1541,Rachel Moore,jason13@example.net,50,Male,Amazon Kindle,2020-06-04,Technical issue,Software bug,Closed,Medium,Phone,07:41:00,07:52:00,5
1544,Jennifer Adkins,james13@example.net,18,Male,Dell XPS,2021-02-28,Cancellation request,Refund request,Pending Customer Response,Medium,Phone,21:39:00,,
1545,Kimberly Pratt,patrickclark@example.net,33,Female,Sony 4K HDR TV,2020-10-29,Technical issue,Network problem,Closed,Critical,Social media,01:26:00,15:07:00,1
1547,Joe Mckee,mirandaklein@example.org,46,Other,LG Smart TV,2020-02-16,Technical issue,Hardware issue,Closed,High,Chat,01:48:00,23:21:00,3
1548,Jill Duncan,msmith@example.com,68,Other,Bose SoundLink Speaker,2021-10-13,Cancellation request,Delivery problem,Pending Customer Response,Medium,Email,14:41:00,,
1549,Bradley Walters,megan59@example.net,54,Male,Fitbit Versa Smartwatch,2020-01-26,Product inquiry,Software bug,Closed,Critical,Social media,23:46:00,15:29:00,3
1550,Thomas Wolf,hsmith@example.org,48,Female,LG Washing Machine,2021-07-02,Product inquiry,Peripheral compatibility,Pending Customer Response,Medium,Social media,08:57:00,,
1551,Cynthia Herman,josewilliams@example.net,30,Female,Roomba Robot Vacuum,2021-06-24,Cancellation request,Display issue,Pending Customer Response,Medium,Email,19:55:00,,
1553,Timothy Ware,carol08@example.net,27,Other,Apple AirPods,2021-07-17,Product inquiry,Software bug,Pending Customer Response,Medium,Email,14:45:00,,
1554,Christine Long DDS,jonesrebecca@example.org,29,Other,Microsoft Xbox Controller,2020-11-23,Billing inquiry,Installation support,Closed,High,Email,16:08:00,01:21:00,2
1557,Laura Rhodes,mcphersonbetty@example.org,41,Male,Bose SoundLink Speaker,2021-05-21,Cancellation request,Product setup,Pending Customer Response,Critical,Social media,13:42:00,,
1558,Renee Gonzalez,susanwagner@example.org,20,Male,Asus ROG,2021-10-01,Technical issue,Payment issue,Closed,High,Chat,20:03:00,17:24:00,3
1560,Kristin Mann,whitneykaufman@example.com,25,Male,Nest Thermostat,2020-05-28,Technical issue,Software bug,Pending Customer Response,Low,Phone,00:30:00,,
1561,Jennifer Daniel,bridget33@example.net,57,Male,Amazon Kindle,2020-08-11,Product inquiry,Network problem,Pending Customer Response,High,Phone,05:33:00,,
1562,Julie Haley,nicholas58@example.org,52,Female,Samsung Soundbar,2020-02-29,Product inquiry,Product recommendation,Pending Customer Response,High,Phone,11:03:00,,
1564,Timothy Martinez,silvaadam@example.org,64,Female,Garmin Forerunner,2020-02-28,Product inquiry,Refund request,Closed,High,Social media,07:48:00,10:48:00,4
1566,Whitney Watkins,jonestaylor@example.net,24,Male,Garmin Forerunner,2021-05-26,Billing inquiry,Delivery problem,Pending Customer Response,High,Chat,18:02:00,,
1567,William Bennett,andrew86@example.net,26,Male,Xbox,2021-02-24,Billing inquiry,Display issue,Pending Customer Response,Critical,Chat,11:25:00,,
1569,Ryan Henderson,kimberlyhernandez@example.com,47,Other,GoPro Hero,2021-12-26,Technical issue,Hardware issue,Closed,Critical,Social media,17:40:00,02:42:00,1
1572,Elizabeth Hardin,nicholasquinn@example.org,19,Other,Dyson Vacuum Cleaner,2021-02-02,Cancellation request,Account access,Pending Customer Response,High,Email,17:49:00,,
1574,Russell Brown,perezkelsey@example.org,25,Male,LG Washing Machine,2020-09-30,Billing inquiry,Delivery problem,Closed,High,Social media,09:47:00,10:39:00,4
1576,Ms. Maria Wade MD,gparsons@example.net,31,Male,Garmin Forerunner,2021-12-03,Cancellation request,Network problem,Pending Customer Response,Medium,Email,01:11:00,,
1577,Thomas Buckley,youngmichele@example.net,23,Male,Canon DSLR Camera,2021-06-30,Billing inquiry,Payment issue,Pending Customer Response,Medium,Phone,14:15:00,,
1578,Rebecca Barber,jose52@example.net,38,Female,Asus ROG,2021-05-22,Technical issue,Delivery problem,Closed,Medium,Email,19:12:00,11:45:00,2
1579,Brian Crane,michaelrandall@example.com,39,Other,Sony PlayStation,2021-01-19,Refund request,Product recommendation,Pending Customer Response,Low,Chat,20:52:00,,
1581,Kyle Ritter,acostaandrew@example.org,62,Female,Bose QuietComfort,2021-07-09,Technical issue,Software bug,Closed,Medium,Chat,14:13:00,00:23:00,3
1583,William Cannon,elizabeth29@example.org,23,Other,Dyson Vacuum Cleaner,2020-06-19,Cancellation request,Product recommendation,Closed,Low,Phone,06:15:00,23:16:00,4
1584,Tanya Grant,steven58@example.net,61,Female,Adobe Photoshop,2021-04-06,Billing inquiry,Peripheral compatibility,Closed,Critical,Email,07:29:00,11:20:00,2
1585,Andrew Nguyen,jonesalexa@example.org,49,Male,Nintendo Switch Pro Controller,2020-05-16,Billing inquiry,Installation support,Pending Customer Response,Low,Social media,06:41:00,,
1586,Kari Lara,veronica67@example.org,19,Other,Microsoft Surface,2020-09-08,Refund request,Data loss,Pending Customer Response,Medium,Phone,16:21:00,,
1589,Meghan Sparks,charles12@example.org,55,Female,Sony Xperia,2021-08-26,Technical issue,Product recommendation,Closed,Low,Chat,17:01:00,14:48:00,1
1590,Melissa Garcia,mariajohnson@example.net,61,Female,Nikon D,2021-07-09,Cancellation request,Product compatibility,Closed,Low,Social media,13:48:00,11:33:00,5
1591,Kyle Black MD,zwalker@example.net,53,Male,Nintendo Switch,2020-05-08,Product inquiry,Peripheral compatibility,Closed,Low,Social media,05:38:00,23:04:00,1
1593,Marissa Thornton,krichardson@example.org,45,Other,Canon DSLR Camera,2021-05-10,Technical issue,Refund request,Pending Customer Response,Critical,Email,22:14:00,,
1594,Maria Marquez,brittanyjones@example.net,56,Male,Fitbit Versa Smartwatch,2020-04-29,Refund request,Display issue,Closed,High,Email,22:32:00,12:46:00,1
1596,Christine Daniels,frederickannette@example.com,27,Male,Bose SoundLink Speaker,2021-11-30,Product inquiry,Software bug,Closed,Medium,Chat,01:34:00,19:21:00,5
1597,Natalie Smith,donald23@example.net,31,Male,LG OLED,2021-04-13,Technical issue,Cancellation request,Closed,High,Email,07:49:00,15:16:00,4
1599,Jeremy Curtis,campbellbetty@example.org,39,Female,Canon DSLR Camera,2021-03-01,Billing inquiry,Delivery problem,Closed,High,Email,12:48:00,06:03:00,3
1601,Michael Garcia,farrellzachary@example.net,47,Female,GoPro Hero,2020-09-12,Refund request,Battery life,Pending Customer Response,Low,Social media,11:51:00,,
1602,Seth Harris,brandy40@example.com,48,Female,Apple AirPods,2020-02-10,Billing inquiry,Product recommendation,Closed,Critical,Social media,21:20:00,04:29:00,1
1603,John Hammond,nicholasdaniels@example.org,34,Male,Samsung Galaxy,2021-01-18,Technical issue,Payment issue,Closed,Critical,Social media,00:04:00,07:38:00,4
1604,Mary Munoz,daviddonovan@example.net,30,Female,Nintendo Switch,2020-11-05,Technical issue,Battery life,Closed,Low,Chat,07:07:00,08:09:00,5
1605,Taylor Montoya,maryyork@example.org,22,Female,Dell XPS,2021-06-21,Billing inquiry,Account access,Pending Customer Response,Medium,Chat,12:24:00,,
1608,Jamie Smith,zalexander@example.com,53,Male,Google Pixel,2020-09-25,Billing inquiry,Product setup,Pending Customer Response,Medium,Chat,07:33:00,,
1611,Alexandria Rivera,justin35@example.net,68,Other,Canon EOS,2021-04-03,Billing inquiry,Hardware issue,Pending Customer Response,Medium,Social media,20:20:00,,
1612,George Hale,amandapeterson@example.org,66,Other,Microsoft Xbox Controller,2021-10-04,Cancellation request,Payment issue,Closed,Medium,Social media,15:29:00,05:31:00,3
1613,Stephanie Miller,katherinemurphy@example.net,56,Female,Nintendo Switch,2021-01-28,Refund request,Account access,Closed,Medium,Social media,23:42:00,15:59:00,2
1614,Carlos Peterson,rmorales@example.com,47,Other,Amazon Kindle,2021-02-01,Cancellation request,Refund request,Closed,Critical,Phone,05:42:00,07:34:00,1
1615,Stephanie Mcgrath,candace40@example.org,60,Female,Fitbit Charge,2021-11-26,Technical issue,Battery life,Closed,Low,Social media,13:51:00,23:36:00,3
1616,Abigail Jones,brentbradshaw@example.org,41,Other,Nintendo Switch,2021-07-29,Technical issue,Product setup,Pending Customer Response,Medium,Chat,05:07:00,,
1617,Andrew Thompson,jonathanbutler@example.com,46,Other,Sony PlayStation,2020-05-05,Refund request,Cancellation request,Pending Customer Response,High,Email,05:15:00,,
1618,Wendy Townsend,brandy26@example.net,20,Female,Google Pixel,2020-10-13,Refund request,Peripheral compatibility,Closed,Critical,Phone,08:03:00,00:14:00,1
1619,Tara Chavez,mcintoshjennifer@example.net,63,Female,Dell XPS,2021-05-18,Refund request,Refund request,Closed,Critical,Chat,19:05:00,21:34:00,1
1622,Charles Dorsey,qbrewer@example.org,47,Female,Fitbit Versa Smartwatch,2021-07-04,Billing inquiry,Installation support,Pending Customer Response,High,Social media,06:11:00,,
1623,Tami Armstrong,kelli45@example.com,56,Other,Sony PlayStation,2020-06-01,Billing inquiry,Peripheral compatibility,Closed,Low,Social media,01:29:00,14:11:00,5
1624,Nicholas Gonzales,smithevan@example.com,52,Female,Garmin Forerunner,2020-02-22,Cancellation request,Product recommendation,Closed,High,Phone,10:42:00,13:07:00,4
1625,Melanie Williams,jimmarks@example.org,44,Male,Nest Thermostat,2020-03-06,Product inquiry,Hardware issue,Pending Customer Response,High,Chat,14:41:00,,
1626,Kendra Howell MD,michaela42@example.net,42,Male,Asus ROG,2021-07-30,Product inquiry,Battery life,Pending Customer Response,Medium,Chat,18:22:00,,
1628,Chelsea Jimenez,kalexander@example.org,57,Male,Sony Xperia,2020-01-05,Technical issue,Peripheral compatibility,Pending Customer Response,Medium,Social media,21:11:00,,
1629,Angel Simmons,ramoskelli@example.org,52,Male,Lenovo ThinkPad,2021-11-14,Refund request,Hardware issue,Closed,Critical,Social media,13:51:00,02:18:00,2
1630,Aaron Salazar,stephaniegarcia@example.net,51,Female,Google Pixel,2021-05-07,Cancellation request,Network problem,Closed,Critical,Social media,22:40:00,07:57:00,4
1636,Jaime Fisher,fwhite@example.com,45,Male,Philips Hue Lights,2021-07-14,Cancellation request,Hardware issue,Pending Customer Response,Medium,Chat,12:20:00,,
1637,Tiffany Gomez,tjohnson@example.com,55,Female,Microsoft Xbox Controller,2021-11-23,Technical issue,Refund request,Pending Customer Response,High,Social media,13:27:00,,
1638,Melissa Blackwell,amanda60@example.org,49,Other,Canon DSLR Camera,2020-06-13,Technical issue,Cancellation request,Pending Customer Response,Low,Social media,04:47:00,,
1641,William Stokes,alejandrajones@example.com,36,Other,LG OLED,2020-07-23,Refund request,Product compatibility,Closed,Critical,Phone,17:19:00,14:11:00,4
1642,Justin Richardson,stephen48@example.net,34,Female,Fitbit Charge,2021-01-08,Cancellation request,Data loss,Pending Customer Response,Medium,Phone,13:17:00,,
1643,Jennifer Morgan,williamandrews@example.net,32,Female,Bose QuietComfort,2021-09-05,Refund request,Battery life,Pending Customer Response,High,Phone,06:08:00,,
1644,Lisa Oconnor,johnsonjessica@example.com,24,Other,Nikon D,2021-01-12,Refund request,Payment issue,Pending Customer Response,Low,Chat,13:25:00,,
1648,Brandon Reese,zmurphy@example.net,46,Male,Canon DSLR Camera,2021-04-01,Billing inquiry,Network problem,Closed,High,Chat,12:47:00,02:38:00,1
1649,Eric Cervantes,ljones@example.com,26,Female,Nintendo Switch,2020-02-09,Billing inquiry,Software bug,Pending Customer Response,Critical,Email,16:07:00,,
1650,Fernando Diaz,fweaver@example.com,27,Male,Samsung Galaxy,2021-12-17,Refund request,Product recommendation,Closed,Critical,Chat,04:41:00,04:04:00,1
1651,Teresa Ross,pvaughn@example.org,39,Other,Microsoft Surface,2020-06-29,Cancellation request,Refund request,Pending Customer Response,High,Social media,06:16:00,,
1652,Jennifer Lucas,johnathanhughes@example.net,18,Female,LG Smart TV,2020-11-22,Technical issue,Peripheral compatibility,Closed,Low,Social media,08:02:00,12:18:00,2
1653,Jenna Ayers,troyschultz@example.net,68,Male,Dyson Vacuum Cleaner,2020-04-27,Product inquiry,Product compatibility,Closed,Low,Email,03:21:00,05:42:00,2
1654,Alison Larsen,kneal@example.net,57,Female,Google Pixel,2021-06-16,Billing inquiry,Delivery problem,Closed,Low,Social media,10:17:00,22:42:00,4
1656,Ariana Deleon,gevans@example.net,27,Female,Garmin Forerunner,2021-06-19,Refund request,Cancellation request,Closed,High,Email,09:08:00,14:02:00,4
1658,Joshua Hurst,blacksamantha@example.org,38,Male,Garmin Forerunner,2020-07-22,Product inquiry,Battery life,Pending Customer Response,Medium,Chat,17:19:00,,
1659,Jonathon Barrett,shelley64@example.com,45,Other,Sony PlayStation,2020-04-22,Technical issue,Payment issue,Pending Customer Response,High,Phone,19:40:00,,
1660,John Parker,john58@example.org,55,Female,HP Pavilion,2020-04-11,Product inquiry,Hardware issue,Closed,Critical,Email,03:48:00,22:48:00,4
1661,Wanda Mendez,hbarr@example.com,29,Male,Bose QuietComfort,2021-09-04,Billing inquiry,Delivery problem,Closed,High,Social media,00:48:00,19:08:00,5
1663,Deborah Schultz,danielgarrison@example.net,50,Female,Adobe Photoshop,2021-09-30,Technical issue,Network problem,Closed,Medium,Social media,00:57:00,12:04:00,1
1664,Anna Garza MD,eric49@example.net,54,Other,Canon EOS,2021-06-12,Cancellation request,Network problem,Pending Customer Response,Critical,Phone,10:34:00,,
1665,Amanda Garrison,elizabeth03@example.org,69,Other,LG Washing Machine,2021-10-12,Refund request,Delivery problem,Closed,Medium,Social media,07:08:00,22:36:00,5
1666,Kelly Scott,davidscott@example.org,50,Other,PlayStation,2021-09-21,Cancellation request,Cancellation request,Pending Customer Response,High,Social media,23:36:00,,
1669,Richard Leonard,carolynwhite@example.net,69,Male,iPhone,2020-12-07,Refund request,Installation support,Closed,Medium,Chat,23:25:00,03:47:00,4
1670,Darlene Shaw,kevinflynn@example.net,45,Male,Nikon D,2021-09-17,Cancellation request,Account access,Closed,High,Social media,21:36:00,21:15:00,4
1672,Matthew Knight PhD,reginarodriguez@example.com,65,Male,Canon EOS,2020-04-27,Billing inquiry,Software bug,Pending Customer Response,Low,Social media,20:19:00,,
1674,Melissa Campbell,kevin66@example.org,68,Other,Samsung Galaxy,2020-05-05,Billing inquiry,Display issue,Closed,High,Phone,03:58:00,18:28:00,5
1675,David Weaver,cesarrice@example.com,68,Female,Fitbit Charge,2021-01-07,Cancellation request,Payment issue,Closed,Low,Email,17:26:00,02:22:00,5
1676,James Franco,cpugh@example.org,38,Male,Nest Thermostat,2020-06-28,Product inquiry,Product compatibility,Pending Customer Response,Medium,Chat,12:35:00,,
1677,James Ibarra,shepherdwilliam@example.org,63,Female,Microsoft Surface,2020-05-10,Refund request,Data loss,Closed,Low,Phone,09:58:00,13:53:00,4
1678,Andrew Atkins,yolanda03@example.com,68,Male,GoPro Action Camera,2021-11-12,Technical issue,Hardware issue,Pending Customer Response,Critical,Phone,18:12:00,,
1680,Timothy Brown,corey21@example.net,18,Other,Microsoft Surface,2021-06-23,Refund request,Battery life,Closed,Critical,Social media,19:03:00,23:41:00,2
1686,Robert Luna,candaceriggs@example.com,70,Female,Amazon Echo,2020-10-22,Refund request,Product compatibility,Closed,Low,Phone,12:31:00,11:17:00,3
1687,Colin Robinson,yodonnell@example.org,27,Other,LG Smart TV,2020-12-21,Product inquiry,Product setup,Closed,Medium,Chat,14:22:00,23:12:00,2
1689,Michael Oconnor,landerson@example.com,26,Male,Fitbit Charge,2021-04-20,Cancellation request,Display issue,Pending Customer Response,Medium,Email,04:46:00,,
1690,Evelyn Garcia,lisa33@example.net,43,Other,Garmin Forerunner,2021-11-17,Refund request,Product setup,Pending Customer Response,Medium,Phone,16:39:00,,
1691,Ronald Lewis,johnsondeanna@example.com,31,Other,Google Nest,2021-11-14,Technical issue,Product compatibility,Pending Customer Response,Medium,Social media,05:11:00,,
1692,James Hoover,xcruz@example.com,42,Other,LG OLED,2021-09-11,Refund request,Refund request,Closed,High,Chat,04:35:00,21:36:00,3
1699,Jacqueline Williams,scottbethany@example.com,39,Male,Adobe Photoshop,2020-06-26,Refund request,Payment issue,Pending Customer Response,Medium,Social media,00:29:00,,
1700,Angela Rogers,krobinson@example.com,53,Female,Nintendo Switch Pro Controller,2021-03-03,Technical issue,Product setup,Closed,Low,Email,11:48:00,12:58:00,2
1701,Mrs. Molly Gutierrez,kimberlythomas@example.org,24,Male,Sony 4K HDR TV,2020-04-25,Billing inquiry,Cancellation request,Closed,Medium,Email,06:00:00,15:48:00,5
1702,Mr. Eric Pugh,davidjames@example.com,39,Male,Canon EOS,2020-07-18,Billing inquiry,Product compatibility,Pending Customer Response,High,Social media,00:19:00,,
1703,Kevin Edwards,murraybrendan@example.org,54,Female,Fitbit Versa Smartwatch,2021-10-20,Refund request,Product setup,Closed,Medium,Chat,16:24:00,20:37:00,2
1704,Kimberly Golden,erinwelch@example.org,59,Male,Apple AirPods,2021-10-02,Cancellation request,Payment issue,Closed,Medium,Chat,14:14:00,21:20:00,4
1706,Alicia Patterson,charlesortega@example.org,21,Male,LG OLED,2020-07-09,Billing inquiry,Refund request,Closed,Low,Email,12:14:00,04:35:00,2
1707,Jacob Hall,joannetrevino@example.com,54,Male,Bose SoundLink Speaker,2020-01-17,Refund request,Peripheral compatibility,Pending Customer Response,High,Email,02:45:00,,
1708,Kelly Norris,kimberly01@example.net,25,Male,MacBook Pro,2021-01-05,Billing inquiry,Display issue,Pending Customer Response,High,Chat,04:55:00,,
1709,Emily Walker,dominguezcollin@example.net,25,Male,Sony Xperia,2021-10-01,Billing inquiry,Data loss,Pending Customer Response,Low,Chat,21:49:00,,
1710,Ricky Bryan DDS,gary48@example.net,62,Male,Autodesk AutoCAD,2020-02-18,Product inquiry,Battery life,Closed,High,Email,20:18:00,06:56:00,4
1711,Megan Thompson,holly45@example.com,29,Female,Dyson Vacuum Cleaner,2021-10-22,Product inquiry,Hardware issue,Closed,High,Chat,08:18:00,23:44:00,2
1712,Vanessa Casey,allisonpeters@example.org,33,Other,Sony PlayStation,2021-01-02,Refund request,Display issue,Pending Customer Response,Critical,Email,17:07:00,,
1714,Ryan Walker MD,michellegarcia@example.org,21,Other,Sony 4K HDR TV,2021-07-07,Refund request,Installation support,Pending Customer Response,Low,Chat,18:11:00,,
1715,Katrina Matthews MD,kreid@example.com,27,Female,Sony PlayStation,2021-01-09,Refund request,Network problem,Closed,Critical,Chat,20:27:00,11:22:00,2
1716,Scott Riddle,robin05@example.com,20,Female,Microsoft Office,2020-09-13,Refund request,Peripheral compatibility,Closed,Low,Phone,18:10:00,20:51:00,1
1718,Tracy Johnston,whill@example.org,51,Male,Microsoft Office,2020-11-28,Technical issue,Product setup,Closed,Medium,Social media,19:33:00,19:12:00,3
1719,Jorge Jennings,zmccall@example.org,30,Male,Nintendo Switch Pro Controller,2021-05-10,Cancellation request,Display issue,Closed,Medium,Chat,07:18:00,10:45:00,5
1722,Kevin Haynes,richardjordan@example.org,41,Male,Dell XPS,2020-06-06,Refund request,Cancellation request,Closed,Low,Phone,12:56:00,19:38:00,1
1723,Jacqueline Jensen,rwright@example.com,31,Other,Sony Xperia,2021-01-06,Technical issue,Battery life,Closed,High,Phone,13:10:00,22:37:00,1
1725,Justin Clark,parsonsfrank@example.org,36,Female,Adobe Photoshop,2021-08-14,Refund request,Network problem,Closed,Critical,Social media,19:51:00,21:35:00,1
1727,Alison Gibson,nbarry@example.net,47,Male,Sony Xperia,2021-07-13,Cancellation request,Refund request,Closed,Critical,Chat,18:39:00,09:45:00,1
1728,Barbara Smith,ibailey@example.org,67,Female,Asus ROG,2020-01-12,Technical issue,Cancellation request,Pending Customer Response,Critical,Email,14:23:00,,
1731,James Frank,erikwheeler@example.org,28,Other,Amazon Echo,2020-09-08,Billing inquiry,Battery life,Pending Customer Response,Critical,Phone,22:49:00,,
1732,Terri Guzman,melissa00@example.org,34,Male,Samsung Soundbar,2020-01-09,Product inquiry,Refund request,Closed,High,Email,11:43:00,05:13:00,2
1733,Jeffrey Wright,amber23@example.org,39,Male,Xbox,2021-02-02,Technical issue,Installation support,Closed,Medium,Social media,13:42:00,10:44:00,2
1734,Samantha Smith,mdouglas@example.com,68,Male,Bose QuietComfort,2020-01-31,Billing inquiry,Product setup,Pending Customer Response,Medium,Social media,00:40:00,,
1735,Katie Gonzalez,gregorysawyer@example.net,25,Female,Samsung Soundbar,2021-04-19,Technical issue,Battery life,Closed,Medium,Chat,06:51:00,08:08:00,3
1736,Kimberly Mercado,juanparker@example.net,27,Male,Sony Xperia,2020-07-07,Technical issue,Battery life,Pending Customer Response,Medium,Social media,18:57:00,,
1737,Terri Johnson,rogersrenee@example.net,41,Male,Google Nest,2021-05-14,Cancellation request,Product setup,Closed,High,Social media,19:38:00,07:29:00,5
1739,Robert Taylor,jennifer91@example.com,53,Other,PlayStation,2020-01-10,Product inquiry,Battery life,Pending Customer Response,High,Phone,20:44:00,,
1742,Karen Stewart,elizabeth80@example.org,22,Other,Xbox,2021-02-26,Technical issue,Installation support,Closed,High,Chat,08:58:00,10:24:00,3
1743,Shannon Smith,laurenrodriguez@example.net,22,Male,LG Washing Machine,2021-07-29,Technical issue,Payment issue,Closed,Medium,Chat,03:15:00,06:24:00,5
1745,Linda Cortez DVM,bradley00@example.com,63,Male,Roomba Robot Vacuum,2020-07-21,Billing inquiry,Software bug,Pending Customer Response,Medium,Chat,00:57:00,,
1746,Taylor Zimmerman,smorrison@example.org,21,Other,Nest Thermostat,2020-11-14,Refund request,Peripheral compatibility,Pending Customer Response,Critical,Email,21:16:00,,
1747,Savannah Haley,anthony24@example.com,32,Male,Nintendo Switch,2021-12-26,Billing inquiry,Installation support,Pending Customer Response,High,Social media,23:27:00,,
1748,Maria Oneal,williampeterson@example.org,36,Female,Microsoft Office,2020-09-02,Product inquiry,Network problem,Closed,High,Email,14:23:00,06:14:00,1
1751,Luis Shannon,nrichardson@example.org,41,Male,Apple AirPods,2020-01-03,Technical issue,Network problem,Pending Customer Response,Critical,Phone,04:38:00,,
1753,Grace Lambert,carterpaula@example.net,69,Male,Microsoft Office,2020-05-30,Product inquiry,Data loss,Closed,Critical,Chat,14:18:00,23:49:00,5
1755,Sally Hartman,tbutler@example.net,29,Male,LG OLED,2020-05-14,Billing inquiry,Product setup,Closed,High,Social media,14:57:00,16:39:00,5
1756,Christina Lopez,michaelconley@example.net,35,Other,Canon DSLR Camera,2021-01-29,Technical issue,Display issue,Closed,Low,Chat,11:40:00,18:45:00,3
1760,Taylor Taylor,smithjames@example.net,32,Male,Roomba Robot Vacuum,2021-10-22,Cancellation request,Battery life,Pending Customer Response,Low,Chat,16:27:00,,
1762,Melinda Atkins,gmiles@example.net,50,Male,Asus ROG,2020-06-10,Product inquiry,Installation support,Closed,Medium,Social media,17:20:00,12:30:00,5
1763,Peter Flowers,amanda40@example.org,52,Male,Roomba Robot Vacuum,2021-04-15,Refund request,Hardware issue,Pending Customer Response,Medium,Social media,17:53:00,,
1764,Valerie Larsen,psimpson@example.net,28,Male,LG Washing Machine,2021-07-25,Cancellation request,Product recommendation,Pending Customer Response,Critical,Phone,11:09:00,,
1765,Erica Scott DVM,millsdenise@example.net,40,Female,Microsoft Xbox Controller,2021-02-21,Refund request,Peripheral compatibility,Closed,Low,Chat,01:26:00,22:11:00,2
1766,Amber Erickson,edward52@example.org,23,Other,Philips Hue Lights,2021-03-20,Refund request,Account access,Closed,High,Email,18:48:00,05:56:00,5
1767,Michael Wright,daviesryan@example.org,61,Other,Google Pixel,2020-07-16,Cancellation request,Network problem,Pending Customer Response,High,Social media,22:05:00,,
1768,Patricia Rodgers,janet62@example.com,57,Female,Nintendo Switch,2020-12-23,Refund request,Payment issue,Closed,Low,Chat,12:05:00,20:08:00,4
1769,Vanessa White,heather75@example.org,19,Male,Asus ROG,2021-11-23,Billing inquiry,Cancellation request,Pending Customer Response,Critical,Email,00:51:00,,
1770,Christine Perez,reyesmichael@example.org,36,Female,Samsung Soundbar,2021-04-22,Product inquiry,Product setup,Pending Customer Response,Low,Social media,10:16:00,,
1771,Matthew Jimenez,aaron89@example.com,67,Female,LG OLED,2020-09-24,Product inquiry,Refund request,Pending Customer Response,Critical,Email,23:10:00,,
1773,Elizabeth Palmer,riosjanet@example.org,48,Other,Fitbit Versa Smartwatch,2020-08-13,Product inquiry,Peripheral compatibility,Closed,Low,Phone,15:27:00,19:06:00,3
1775,Emily Wiley,wardangela@example.com,22,Female,Sony 4K HDR TV,2021-01-05,Cancellation request,Refund request,Pending Customer Response,Low,Phone,19:29:00,,
1777,David Bray,woodjustin@example.com,31,Male,Nikon D,2020-02-09,Refund request,Account access,Pending Customer Response,High,Social media,08:01:00,,
1779,Christopher Neal,stephanie49@example.net,35,Male,Roomba Robot Vacuum,2020-06-12,Technical issue,Product setup,Closed,High,Chat,00:39:00,10:09:00,3
1780,Roberta Cunningham,rodriguezeric@example.net,61,Other,Sony 4K HDR TV,2020-09-10,Technical issue,Product recommendation,Pending Customer Response,Critical,Chat,06:22:00,,
1781,Samuel Morgan,glynch@example.com,19,Female,Lenovo ThinkPad,2020-09-06,Cancellation request,Delivery problem,Pending Customer Response,Low,Email,14:58:00,,
1782,April Turner,arnoldcrystal@example.com,45,Female,Google Nest,2020-05-26,Refund request,Network problem,Closed,High,Social media,05:00:00,18:43:00,3
1783,Michael Chen,williamscheryl@example.com,66,Male,Samsung Galaxy,2021-12-11,Technical issue,Account access,Closed,Low,Phone,23:07:00,00:51:00,2
1784,Carrie Johnson,gloriaoneal@example.net,63,Male,Dell XPS,2021-08-01,Technical issue,Battery life,Closed,Critical,Email,19:57:00,16:15:00,3
1785,Alexis Allen,mooreeric@example.net,62,Male,Samsung Galaxy,2021-01-15,Refund request,Delivery problem,Closed,Medium,Chat,02:23:00,05:04:00,3
1786,Ashley Gutierrez,ebernard@example.net,56,Other,Amazon Echo,2021-08-10,Refund request,Hardware issue,Closed,Low,Email,05:04:00,15:40:00,4
1789,Russell Peterson,huffsusan@example.org,37,Other,Amazon Echo,2021-10-20,Technical issue,Network problem,Pending Customer Response,Medium,Email,19:12:00,,
1790,Robert Bullock,idiaz@example.com,28,Other,Xbox,2020-06-24,Product inquiry,Battery life,Pending Customer Response,High,Social media,07:27:00,,
1794,Andrew Hudson,larry12@example.org,21,Male,Microsoft Office,2021-01-17,Refund request,Refund request,Pending Customer Response,Critical,Email,07:46:00,,
1798,Warren Gallagher,edwinwarren@example.net,69,Male,LG OLED,2020-07-24,Technical issue,Product recommendation,Pending Customer Response,High,Email,18:18:00,,
1799,Sara Anderson,tanya98@example.net,60,Male,Apple AirPods,2020-02-09,Billing inquiry,Product setup,Pending Customer Response,Low,Social media,18:35:00,,
1800,Julie Perry,orice@example.com,24,Female,LG Washing Machine,2021-02-26,Cancellation request,Network problem,Pending Customer Response,High,Chat,04:14:00,,
1801,Stephanie Gutierrez,ronaldrichards@example.org,55,Male,PlayStation,2021-01-15,Billing inquiry,Network problem,Pending Customer Response,Low,Social media,19:36:00,,
1803,Jasmine Foley,wpham@example.com,42,Male,Adobe Photoshop,2021-08-21,Billing inquiry,Battery life,Pending Customer Response,Medium,Phone,13:18:00,,
1805,Kristie Edwards,lindaparker@example.com,43,Other,Sony 4K HDR TV,2021-12-04,Refund request,Payment issue,Closed,Critical,Social media,12:37:00,12:59:00,1
1806,Michael Mendoza,johnsonjennifer@example.org,42,Female,Sony Xperia,2021-03-28,Refund request,Delivery problem,Closed,Low,Social media,02:44:00,00:29:00,1
1807,Edward Hughes,christopherhickman@example.org,59,Female,MacBook Pro,2021-06-27,Refund request,Account access,Closed,Medium,Phone,12:57:00,11:28:00,5
1808,Melissa Bowman,jackrodriguez@example.org,48,Male,Apple AirPods,2020-02-24,Billing inquiry,Battery life,Closed,Medium,Phone,02:25:00,22:35:00,5
1809,Amber Cherry,ismith@example.net,51,Male,Microsoft Xbox Controller,2020-11-22,Refund request,Delivery problem,Pending Customer Response,Medium,Phone,15:37:00,,
1810,Darlene Thompson,arthur50@example.com,69,Male,LG Washing Machine,2021-09-15,Refund request,Installation support,Pending Customer Response,High,Social media,20:41:00,,
1813,Robert Adams,lauramacias@example.com,61,Female,Samsung Soundbar,2021-12-17,Billing inquiry,Software bug,Closed,Critical,Email,03:06:00,04:54:00,5
1814,Charles Kelly,williamstewart@example.com,69,Male,Google Pixel,2020-02-18,Billing inquiry,Payment issue,Pending Customer Response,High,Phone,22:37:00,,
1816,Heather Davis,joseph45@example.org,20,Female,Roomba Robot Vacuum,2020-04-19,Billing inquiry,Data loss,Pending Customer Response,Medium,Social media,12:25:00,,
1818,Amy Rodriguez,yhamilton@example.com,30,Other,Amazon Kindle,2020-07-18,Refund request,Product setup,Pending Customer Response,Low,Social media,19:15:00,,
1819,Sara Vaughan,ltucker@example.com,39,Male,Samsung Soundbar,2021-08-17,Technical issue,Product recommendation,Pending Customer Response,Medium,Email,07:28:00,,
1820,Eugene Frazier,shelleyjensen@example.net,34,Male,iPhone,2020-08-20,Technical issue,Battery life,Closed,High,Social media,14:16:00,16:10:00,1
1822,Cindy Carey,wallacejason@example.net,62,Male,Microsoft Office,2021-02-21,Refund request,Battery life,Pending Customer Response,Low,Social media,17:24:00,,
1825,Anna Moore,dustindouglas@example.net,66,Female,GoPro Hero,2020-01-16,Technical issue,Network problem,Closed,High,Social media,01:38:00,06:45:00,1
1826,Angela Humphrey,joshua84@example.com,55,Female,Bose SoundLink Speaker,2021-06-11,Billing inquiry,Hardware issue,Closed,High,Chat,17:06:00,06:25:00,2
1827,Regina Copeland,charlescooper@example.com,31,Other,Fitbit Charge,2020-04-14,Cancellation request,Network problem,Pending Customer Response,High,Email,05:37:00,,
1828,Lisa Stark,daviskathy@example.net,63,Other,Amazon Echo,2021-02-01,Product inquiry,Delivery problem,Closed,Critical,Social media,14:42:00,12:11:00,2
1829,Dillon Bennett,mary43@example.com,41,Male,Sony PlayStation,2020-10-13,Technical issue,Installation support,Pending Customer Response,Low,Phone,23:43:00,,
1831,Shannon Smith,lmurray@example.net,20,Male,Nikon D,2020-07-16,Technical issue,Network problem,Pending Customer Response,High,Social media,22:34:00,,
1832,Daniel Stokes,drodriguez@example.net,55,Male,Samsung Galaxy,2021-11-14,Technical issue,Battery life,Pending Customer Response,Low,Social media,16:50:00,,
1836,Kathleen Richards,richard66@example.com,51,Other,LG OLED,2021-08-22,Technical issue,Account access,Closed,Critical,Chat,23:15:00,03:38:00,4
1838,Ashley Spears,vanessa03@example.com,28,Male,Bose SoundLink Speaker,2020-01-20,Billing inquiry,Installation support,Closed,Medium,Email,16:09:00,07:45:00,5
1839,Tina Brown,mary24@example.com,18,Other,HP Pavilion,2020-08-22,Refund request,Software bug,Closed,Low,Chat,23:03:00,21:25:00,4
1846,Mike Hansen,upadilla@example.net,38,Other,Amazon Echo,2020-07-09,Product inquiry,Display issue,Closed,Low,Phone,12:11:00,02:45:00,4
1847,Jorge Willis,jenniferkoch@example.org,27,Male,Microsoft Xbox Controller,2021-12-20,Technical issue,Product setup,Closed,High,Chat,18:12:00,04:34:00,3
1851,Ana Medina,joshuafrancis@example.net,56,Male,Google Pixel,2021-01-24,Product inquiry,Hardware issue,Pending Customer Response,Medium,Email,10:57:00,,
1853,Brandon Hall,jhubbard@example.com,67,Female,Sony 4K HDR TV,2020-01-26,Technical issue,Battery life,Closed,Low,Phone,00:05:00,11:49:00,2
1854,Mr. Christopher Martinez,cowanfrank@example.net,49,Other,Nest Thermostat,2021-10-16,Technical issue,Product recommendation,Closed,High,Phone,19:57:00,13:28:00,2
1855,David George,kim10@example.com,54,Male,Microsoft Surface,2020-08-09,Technical issue,Cancellation request,Pending Customer Response,Medium,Social media,14:40:00,,
1856,Andrea Patterson,jeffreyrowland@example.com,27,Female,HP Pavilion,2020-05-16,Refund request,Cancellation request,Pending Customer Response,High,Email,04:34:00,,
1857,Patrick Smith,bradleykeith@example.net,25,Female,Bose QuietComfort,2020-04-24,Product inquiry,Cancellation request,Pending Customer Response,Critical,Phone,02:38:00,,
1858,Charlene Andrews,kreid@example.net,45,Female,Google Nest,2020-12-04,Technical issue,Product recommendation,Closed,Critical,Social media,04:23:00,19:35:00,2
1859,Emily Nunez,sbrown@example.com,34,Male,Google Nest,2020-01-27,Refund request,Payment issue,Pending Customer Response,High,Social media,05:57:00,,
1860,Frances Riley,phelpschristian@example.net,20,Female,Lenovo ThinkPad,2021-02-28,Refund request,Product compatibility,Pending Customer Response,Critical,Email,16:17:00,,
1862,Renee Carey,patricia76@example.net,38,Male,Dyson Vacuum Cleaner,2020-08-24,Product inquiry,Hardware issue,Closed,Medium,Chat,21:07:00,20:25:00,5
1865,Elizabeth Hamilton,gouldmelissa@example.net,33,Female,Sony Xperia,2020-07-17,Product inquiry,Account access,Closed,Medium,Phone,06:43:00,01:04:00,3
1866,Daniel Rodriguez,cliffordwright@example.org,36,Female,Fitbit Versa Smartwatch,2020-03-17,Technical issue,Cancellation request,Closed,Critical,Chat,13:14:00,00:20:00,4
1867,Robert Steele,gillespiedarlene@example.net,54,Other,Sony 4K HDR TV,2020-03-25,Refund request,Software bug,Closed,Low,Phone,01:06:00,01:13:00,2
1868,Adrienne Smith MD,timothygonzalez@example.org,22,Male,Nintendo Switch Pro Controller,2021-06-29,Cancellation request,Delivery problem,Pending Customer Response,High,Phone,03:43:00,,
1871,Kristen Fitzpatrick,scunningham@example.net,66,Male,Amazon Kindle,2021-11-08,Refund request,Payment issue,Pending Customer Response,Medium,Chat,07:30:00,,
1872,James Bass,jessica61@example.com,46,Other,Nest Thermostat,2020-12-18,Billing inquiry,Software bug,Pending Customer Response,Low,Phone,00:01:00,,
1873,Martha Rodriguez,haley71@example.org,67,Female,Roomba Robot Vacuum,2021-12-30,Billing inquiry,Peripheral compatibility,Pending Customer Response,Low,Email,04:30:00,,
1875,Jaclyn Holland,fadams@example.org,61,Other,LG Smart TV,2021-12-21,Product inquiry,Hardware issue,Pending Customer Response,Critical,Email,08:02:00,,
1876,Adam Lee,mwise@example.org,43,Male,Sony PlayStation,2021-01-31,Product inquiry,Hardware issue,Closed,Low,Email,14:29:00,16:30:00,4
1877,Patrick Hood,mary32@example.org,60,Other,Roomba Robot Vacuum,2021-02-11,Technical issue,Display issue,Pending Customer Response,High,Social media,23:03:00,,
1878,Dustin Martin,patrickforbes@example.net,43,Male,LG Smart TV,2020-11-27,Billing inquiry,Account access,Pending Customer Response,Medium,Email,13:49:00,,
1880,Teresa Hines,kreeves@example.org,23,Male,MacBook Pro,2020-11-23,Cancellation request,Network problem,Pending Customer Response,High,Chat,03:27:00,,
1882,Brandon Berg,ahowe@example.org,35,Female,Samsung Soundbar,2020-10-24,Billing inquiry,Delivery problem,Pending Customer Response,Low,Email,14:25:00,,
1883,Sharon Snyder,jackieclark@example.net,48,Female,Nintendo Switch Pro Controller,2021-11-29,Product inquiry,Installation support,Closed,High,Social media,03:02:00,07:14:00,2
1885,Lydia Anderson,clee@example.org,49,Male,Bose QuietComfort,2021-01-31,Refund request,Network problem,Closed,High,Email,04:20:00,11:21:00,1
1886,Jason Hamilton,tracy45@example.org,38,Other,LG OLED,2020-07-19,Refund request,Product setup,Pending Customer Response,Medium,Social media,13:31:00,,
1887,Carol Gallagher,christopher34@example.net,59,Male,MacBook Pro,2020-10-04,Cancellation request,Product compatibility,Closed,High,Chat,03:24:00,05:05:00,1
1888,Stephen Johnson,casekimberly@example.net,33,Other,Nikon D,2021-09-11,Cancellation request,Delivery problem,Closed,High,Chat,00:31:00,12:34:00,2
1889,Ricky Gibson,paul58@example.com,22,Female,Nintendo Switch Pro Controller,2021-08-15,Product inquiry,Peripheral compatibility,Pending Customer Response,Medium,Phone,22:26:00,,
1890,Jennifer Jordan,smartinez@example.org,70,Other,Asus ROG,2021-01-15,Cancellation request,Product setup,Pending Customer Response,Critical,Social media,15:22:00,,
1891,Todd Adkins,nfrench@example.org,51,Female,Nest Thermostat,2021-04-13,Refund request,Hardware issue,Pending Customer Response,Low,Email,00:03:00,,
1894,Jacqueline Johnston,jennifer77@example.com,63,Other,Amazon Echo,2021-12-01,Product inquiry,Payment issue,Pending Customer Response,Low,Phone,04:34:00,,
1896,Brittany Osborne,kjones@example.org,52,Other,LG Washing Machine,2020-09-06,Cancellation request,Installation support,Closed,Medium,Chat,22:23:00,00:18:00,3
1897,Andrew Tran,john33@example.net,22,Male,Canon DSLR Camera,2020-03-17,Product inquiry,Peripheral compatibility,Closed,Medium,Social media,16:36:00,15:05:00,3
1898,Yesenia Thompson,smoran@example.org,58,Other,Canon DSLR Camera,2021-07-23,Technical issue,Cancellation request,Closed,Medium,Email,21:27:00,06:11:00,3
1899,Samantha Anthony,justinwagner@example.org,24,Female,Roomba Robot Vacuum,2020-03-07,Billing inquiry,Peripheral compatibility,Pending Customer Response,Critical,Social media,19:23:00,,
1900,Jessica Ford,newtonbruce@example.org,22,Other,Microsoft Xbox Controller,2021-04-26,Refund request,Hardware issue,Pending Customer Response,High,Email,23:29:00,,
1901,Thomas Garner,anne82@example.com,34,Male,Roomba Robot Vacuum,2021-05-26,Cancellation request,Battery life,Pending Customer Response,Low,Social media,19:02:00,,
1902,Kathy Rodriguez,banksalexander@example.org,35,Female,Google Pixel,2021-04-09,Cancellation request,Peripheral compatibility,Closed,Low,Phone,01:57:00,08:32:00,3
1903,Stephen Williams,timothyblackwell@example.com,19,Other,Samsung Soundbar,2021-04-04,Cancellation request,Hardware issue,Closed,Medium,Email,09:47:00,17:53:00,3
1904,Dustin Brewer,othornton@example.org,18,Other,Apple AirPods,2021-08-30,Product inquiry,Product recommendation,Pending Customer Response,Low,Social media,18:32:00,,
1905,Alex Henderson,jordanheather@example.org,21,Male,Nikon D,2020-05-17,Product inquiry,Data loss,Pending Customer Response,Low,Social media,19:54:00,,
1906,Cynthia Good,randybaxter@example.net,34,Male,GoPro Hero,2021-04-15,Refund request,Product recommendation,Closed,Critical,Chat,07:23:00,07:30:00,4
1907,Allison King,millerchristine@example.net,30,Male,MacBook Pro,2021-03-23,Technical issue,Payment issue,Pending Customer Response,High,Social media,10:29:00,,
1908,Dr. Christian Morris,leslielynch@example.com,35,Other,LG Smart TV,2021-09-21,Product inquiry,Peripheral compatibility,Pending Customer Response,Low,Chat,00:23:00,,
1910,Sarah Harris,sandy98@example.org,55,Female,MacBook Pro,2021-04-05,Product inquiry,Cancellation request,Pending Customer Response,Low,Chat,20:37:00,,
1912,Alan Ford,martin46@example.org,64,Male,GoPro Hero,2021-10-03,Product inquiry,Refund request,Pending Customer Response,Low,Phone,06:29:00,,
1913,Edward Watkins,seanmiller@example.org,67,Other,Bose QuietComfort,2020-12-09,Product inquiry,Installation support,Pending Customer Response,High,Chat,07:15:00,,
1914,Matthew Morales,robertsonbryan@example.org,34,Female,Samsung Soundbar,2020-01-18,Refund request,Hardware issue,Pending Customer Response,Low,Social media,12:40:00,,
1915,Jonathan Jones,deniseyoung@example.net,45,Other,Microsoft Office,2020-09-28,Technical issue,Refund request,Pending Customer Response,High,Social media,14:44:00,,
1916,Scott Armstrong,jessica36@example.com,18,Female,Xbox,2021-05-30,Refund request,Network problem,Pending Customer Response,Low,Phone,23:39:00,,
1917,Jillian Hill,bradysusan@example.org,29,Other,Lenovo ThinkPad,2020-07-02,Cancellation request,Product setup,Closed,Medium,Phone,14:51:00,11:28:00,5
1918,Dominique Douglas,ttran@example.org,36,Male,PlayStation,2020-02-24,Product inquiry,Display issue,Closed,High,Email,19:12:00,23:42:00,3
1919,Brittany Gonzalez,susan68@example.org,28,Female,Nest Thermostat,2021-12-22,Product inquiry,Battery life,Closed,Critical,Social media,01:46:00,17:44:00,5
1920,Diane Ward,allisonpage@example.net,22,Male,Sony PlayStation,2020-12-17,Billing inquiry,Battery life,Closed,High,Chat,10:01:00,19:36:00,2
1922,Jamie Williams,jonathan42@example.com,56,Male,Fitbit Versa Smartwatch,2021-01-27,Refund request,Network problem,Closed,Critical,Social media,17:34:00,16:42:00,1
1926,Roberta Kennedy,david43@example.org,61,Other,Canon EOS,2020-04-30,Product inquiry,Payment issue,Closed,High,Chat,07:35:00,01:37:00,1
1927,Justin Garcia,sandra51@example.org,25,Female,Amazon Kindle,2020-07-25,Cancellation request,Data loss,Pending Customer Response,Low,Social media,13:37:00,,
1928,Courtney Shaw,luis92@example.org,41,Female,LG Washing Machine,2020-01-26,Technical issue,Account access,Closed,Medium,Email,10:21:00,21:18:00,5
1930,Daniel Reed,mcmillaneric@example.net,58,Male,Amazon Kindle,2020-12-15,Cancellation request,Data loss,Pending Customer Response,Low,Phone,21:27:00,,
1931,Matthew Evans,burnsadam@example.com,69,Other,Bose SoundLink Speaker,2020-02-21,Billing inquiry,Payment issue,Pending Customer Response,Critical,Email,23:19:00,,
1932,James Williams,jefferyking@example.org,38,Male,HP Pavilion,2020-05-13,Cancellation request,Product compatibility,Pending Customer Response,Medium,Email,07:40:00,,
1933,Debbie Holt,lynn02@example.com,30,Other,iPhone,2021-11-04,Product inquiry,Battery life,Closed,High,Phone,11:49:00,15:52:00,5
1934,Fernando Johnson,edwardsrobin@example.org,39,Other,Nintendo Switch,2020-01-04,Technical issue,Data loss,Pending Customer Response,Medium,Social media,03:50:00,,
1936,Ronald Moore,christina34@example.com,29,Other,LG Smart TV,2021-03-23,Refund request,Battery life,Closed,High,Chat,11:06:00,10:40:00,2
1937,Pamela Lee,wward@example.net,34,Other,Lenovo ThinkPad,2020-03-02,Refund request,Installation support,Pending Customer Response,High,Phone,05:28:00,,
1939,Tina Montgomery,maria45@example.com,37,Other,Google Nest,2020-10-10,Billing inquiry,Product compatibility,Closed,Critical,Phone,06:58:00,07:49:00,5
1940,Evan Medina,douglas54@example.com,20,Female,Canon DSLR Camera,2021-07-25,Product inquiry,Network problem,Pending Customer Response,High,Phone,22:56:00,,
1941,George Bowman,jessica97@example.net,59,Female,Fitbit Versa Smartwatch,2020-02-09,Refund request,Payment issue,Closed,High,Social media,19:21:00,04:37:00,5
1943,Brent Andrews,fmarshall@example.org,58,Other,Nintendo Switch Pro Controller,2020-05-08,Cancellation request,Payment issue,Pending Customer Response,Critical,Chat,02:49:00,,
1944,Kayla Holland,mathewhartman@example.net,69,Male,Amazon Kindle,2020-01-07,Refund request,Refund request,Pending Customer Response,Critical,Phone,22:48:00,,
1945,Katie Lucas,matthew74@example.net,43,Female,Dell XPS,2020-12-14,Refund request,Account access,Closed,High,Social media,04:11:00,23:02:00,2
1950,Jennifer Weiss,monicadiaz@example.org,43,Other,HP Pavilion,2021-09-23,Cancellation request,Software bug,Closed,High,Chat,01:41:00,23:06:00,2
1951,Mrs. Danielle Johnson,tdunn@example.net,70,Female,LG Washing Machine,2020-06-13,Cancellation request,Software bug,Closed,High,Email,18:31:00,03:57:00,1
1953,Michele Ferrell,cantuamber@example.org,54,Male,Bose SoundLink Speaker,2021-04-07,Refund request,Cancellation request,Pending Customer Response,High,Chat,17:38:00,,
1955,Mr. Anthony Booth,sthompson@example.com,61,Other,Amazon Kindle,2020-03-22,Billing inquiry,Product recommendation,Closed,Medium,Phone,22:49:00,15:32:00,5
1956,Michael Cruz,vsanders@example.org,37,Male,Samsung Galaxy,2020-08-24,Refund request,Hardware issue,Pending Customer Response,High,Chat,15:01:00,,
1957,Robert Johnson,christine65@example.org,24,Female,Canon DSLR Camera,2020-08-05,Technical issue,Software bug,Closed,Medium,Phone,05:35:00,08:45:00,1
1958,Krista Martin,david65@example.org,60,Male,Bose SoundLink Speaker,2020-03-25,Refund request,Hardware issue,Closed,Medium,Email,06:18:00,07:13:00,3
1961,Charles Anthony,nicholsjames@example.com,52,Female,Samsung Galaxy,2020-08-11,Product inquiry,Network problem,Pending Customer Response,Medium,Chat,01:29:00,,
1962,Michael King,tbutler@example.net,31,Female,Samsung Soundbar,2020-06-30,Billing inquiry,Product setup,Closed,Medium,Chat,05:29:00,13:51:00,1
1964,Matthew Roberts,rodriguezashley@example.com,35,Female,PlayStation,2020-10-09,Product inquiry,Peripheral compatibility,Pending Customer Response,Medium,Chat,08:39:00,,
1965,John Martin,boydjeffery@example.org,42,Female,Adobe Photoshop,2021-03-03,Refund request,Cancellation request,Pending Customer Response,Medium,Phone,20:47:00,,
1966,Debra Smith,brownrebecca@example.net,30,Female,Bose QuietComfort,2021-04-26,Billing inquiry,Account access,Closed,Medium,Chat,02:11:00,01:01:00,4
1968,Aaron Pope,nwilliams@example.net,19,Male,Amazon Echo,2021-10-21,Billing inquiry,Refund request,Closed,Critical,Chat,16:18:00,13:06:00,2
1969,Richard Smith,erin98@example.net,27,Other,Xbox,2020-10-30,Cancellation request,Installation support,Pending Customer Response,High,Phone,23:20:00,,
1970,Elizabeth Mckenzie,shanecharles@example.net,20,Female,Canon DSLR Camera,2021-07-11,Refund request,Hardware issue,Pending Customer Response,High,Chat,05:31:00,,
1971,Melissa Howard,mendozabryce@example.org,20,Other,Microsoft Surface,2021-12-21,Technical issue,Account access,Pending Customer Response,Critical,Phone,22:13:00,,
1972,Richard Bridges,thomasmedina@example.net,59,Other,LG OLED,2021-09-29,Billing inquiry,Software bug,Pending Customer Response,High,Email,08:17:00,,
1973,Charles Davis,martinerin@example.org,37,Female,Amazon Echo,2021-12-03,Refund request,Payment issue,Pending Customer Response,High,Social media,22:55:00,,
1975,Wendy Smith,robert82@example.net,44,Female,iPhone,2021-08-28,Product inquiry,Product setup,Pending Customer Response,High,Chat,21:02:00,,
1978,Daniel Boyle,ryan35@example.com,59,Male,LG Smart TV,2021-04-28,Refund request,Account access,Closed,High,Chat,23:54:00,17:17:00,3
1979,Tammy Sanchez,nandersen@example.com,28,Male,Adobe Photoshop,2020-02-08,Product inquiry,Network problem,Closed,Low,Email,12:37:00,05:41:00,4
1981,Charles Taylor,patrick33@example.com,63,Male,Nikon D,2020-01-14,Technical issue,Delivery problem,Closed,Low,Chat,09:04:00,21:07:00,1
1985,Timothy Hernandez,johnsondavid@example.org,39,Female,Philips Hue Lights,2020-05-30,Technical issue,Product recommendation,Closed,High,Email,00:51:00,10:07:00,3
1987,Ashley Walker,juanmurray@example.net,19,Female,Fitbit Charge,2020-08-01,Billing inquiry,Delivery problem,Pending Customer Response,Critical,Chat,11:39:00,,
1988,Jacqueline Porter,christopherwhite@example.com,57,Male,Nikon D,2021-06-28,Billing inquiry,Data loss,Pending Customer Response,Medium,Email,00:18:00,,
1990,Alyssa Lucas,william55@example.net,69,Female,Nest Thermostat,2021-02-07,Billing inquiry,Hardware issue,Pending Customer Response,High,Phone,22:27:00,,
1991,Michael Martin,dbush@example.net,37,Other,Dell XPS,2021-07-04,Billing inquiry,Product recommendation,Pending Customer Response,High,Social media,04:45:00,,
1992,Christopher Jones,amy03@example.net,30,Other,Sony PlayStation,2021-03-09,Product inquiry,Display issue,Closed,Low,Email,15:20:00,13:00:00,2
1993,Curtis Payne,jorgeburns@example.com,64,Other,Samsung Soundbar,2020-04-23,Refund request,Hardware issue,Pending Customer Response,Critical,Social media,12:45:00,,
1994,Diana Howard,tbrown@example.net,66,Male,PlayStation,2021-01-13,Billing inquiry,Delivery problem,Closed,Medium,Email,11:55:00,13:12:00,1
1995,Sarah Jones,yjones@example.com,68,Female,Bose SoundLink Speaker,2020-01-22,Refund request,Peripheral compatibility,Closed,Medium,Chat,11:36:00,20:39:00,4
1997,Mariah Barr,margaretnewton@example.net,41,Male,LG OLED,2020-02-25,Technical issue,Delivery problem,Pending Customer Response,Critical,Social media,12:53:00,,
1998,Christopher Eaton,thomas36@example.org,28,Female,Philips Hue Lights,2020-08-29,Billing inquiry,Product recommendation,Closed,Medium,Email,12:22:00,10:59:00,2
1999,Richard Hunter,briangarcia@example.org,57,Male,Garmin Forerunner,2020-11-04,Technical issue,Cancellation request,Pending Customer Response,High,Chat,19:54:00,,
2000,Misty Martinez,shanewalker@example.com,67,Other,Samsung Galaxy,2020-06-27,Billing inquiry,Payment issue,Pending Customer Response,Medium,Chat,02:10:00,,
2002,Stephen Hickman,cardenasashley@example.org,56,Other,Canon DSLR Camera,2021-12-28,Technical issue,Display issue,Pending Customer Response,Medium,Chat,19:11:00,,
2003,Philip Rivera,hernandezchristopher@example.net,25,Other,Sony PlayStation,2021-02-21,Cancellation request,Refund request,Pending Customer Response,High,Social media,16:01:00,,
2004,Shannon Cook,csmith@example.org,60,Male,Nikon D,2020-07-28,Cancellation request,Network problem,Closed,Critical,Chat,16:17:00,23:34:00,1
2005,Katie Jordan,cherylharris@example.com,47,Female,Philips Hue Lights,2020-06-04,Technical issue,Peripheral compatibility,Pending Customer Response,High,Chat,07:51:00,,
2006,Barry Shelton,annapayne@example.com,66,Female,Asus ROG,2021-07-04,Technical issue,Installation support,Pending Customer Response,Low,Chat,00:18:00,,
2008,Thomas Hall,mcdowellsamantha@example.net,55,Other,Asus ROG,2020-07-06,Refund request,Refund request,Closed,Critical,Social media,00:31:00,15:48:00,3
2012,John Miller,andre60@example.com,39,Male,LG Smart TV,2021-08-19,Cancellation request,Delivery problem,Closed,Critical,Social media,16:10:00,08:43:00,1
2016,Heather White,stephenreynolds@example.org,60,Female,Roomba Robot Vacuum,2020-09-09,Refund request,Peripheral compatibility,Pending Customer Response,Low,Phone,05:54:00,,
2017,Erin Jimenez,oneilldonald@example.net,35,Male,Bose QuietComfort,2020-06-04,Refund request,Delivery problem,Pending Customer Response,Critical,Social media,06:01:00,,
2018,Amanda Bond,jennifer47@example.com,67,Other,Nikon D,2020-04-13,Refund request,Peripheral compatibility,Pending Customer Response,High,Social media,23:31:00,,
2021,Matthew Costa,olopez@example.org,66,Other,Google Pixel,2020-10-13,Technical issue,Software bug,Pending Customer Response,Critical,Email,00:22:00,,
2022,Paul Strong,pattersonjustin@example.net,60,Female,Nest Thermostat,2021-12-05,Technical issue,Account access,Pending Customer Response,High,Email,23:41:00,,
2023,Sarah Nunez,martinezkenneth@example.org,62,Other,LG OLED,2021-02-20,Billing inquiry,Peripheral compatibility,Closed,High,Social media,13:54:00,08:10:00,4
2026,Christian Bates,carrie91@example.net,60,Male,Fitbit Charge,2021-03-27,Refund request,Installation support,Pending Customer Response,High,Phone,02:17:00,,
2027,Walter Trujillo,ljohnson@example.com,59,Female,Sony Xperia,2021-08-09,Technical issue,Cancellation request,Pending Customer Response,Low,Chat,21:01:00,,
2028,Douglas Hoover,otran@example.org,49,Male,Lenovo ThinkPad,2021-10-06,Refund request,Refund request,Pending Customer Response,Critical,Email,04:23:00,,
2029,Linda George,sarahwhite@example.net,49,Female,Samsung Galaxy,2020-02-28,Product inquiry,Installation support,Pending Customer Response,High,Chat,09:09:00,,
2031,Jeffrey Zamora,riosbrian@example.net,29,Female,Sony 4K HDR TV,2020-05-19,Product inquiry,Cancellation request,Closed,Critical,Email,06:36:00,06:40:00,4
2032,Dr. Sharon Le,robertspeter@example.com,30,Female,Samsung Soundbar,2021-10-22,Cancellation request,Product compatibility,Pending Customer Response,Medium,Social media,00:33:00,,
2034,George Frey,evanstony@example.org,70,Other,Nest Thermostat,2020-02-14,Product inquiry,Peripheral compatibility,Pending Customer Response,Medium,Phone,23:05:00,,
2036,Allison Sullivan,davidford@example.net,61,Male,Canon DSLR Camera,2021-04-17,Cancellation request,Payment issue,Closed,Medium,Email,17:38:00,21:19:00,3
2037,Stephen Johnson,jay53@example.net,48,Female,Asus ROG,2020-09-23,Billing inquiry,Delivery problem,Closed,Critical,Social media,02:06:00,06:12:00,4
2040,Edward Brown,hsmith@example.org,25,Other,Apple AirPods,2021-11-02,Technical issue,Display issue,Pending Customer Response,High,Phone,07:11:00,,
2042,Gary Miller,gfox@example.net,41,Female,PlayStation,2020-03-20,Cancellation request,Product compatibility,Pending Customer Response,Medium,Chat,02:21:00,,
2043,Charles Benson,wmoses@example.net,49,Female,Fitbit Charge,2021-10-20,Product inquiry,Software bug,Pending Customer Response,Medium,Chat,15:22:00,,
2044,Tracey Lee,dbauer@example.com,61,Male,Nest Thermostat,2020-07-02,Billing inquiry,Refund request,Pending Customer Response,Medium,Social media,02:16:00,,
2045,Judy Shaffer,knolan@example.com,18,Other,Fitbit Versa Smartwatch,2021-11-22,Billing inquiry,Software bug,Pending Customer Response,High,Email,22:31:00,,
2047,Matthew Walker,warerachel@example.org,30,Female,HP Pavilion,2020-09-11,Technical issue,Installation support,Pending Customer Response,Critical,Chat,06:44:00,,
2048,Monica Wilson,susan01@example.com,41,Female,Dyson Vacuum Cleaner,2021-02-01,Technical issue,Software bug,Pending Customer Response,Medium,Social media,21:22:00,,
2051,John Morris,rodney14@example.org,68,Other,Nintendo Switch,2021-03-09,Refund request,Refund request,Pending Customer Response,Medium,Phone,15:42:00,,
3569,Heather Williams,sharon17@example.org,59,Female,Roomba Robot Vacuum,2020-04-26,Product inquiry,Network problem,Closed,Medium,Social media,08:20:00,18:22:00,3
2054,Toni Gardner,whitealexander@example.net,21,Male,Canon DSLR Camera,2021-08-06,Technical issue,Delivery problem,Pending Customer Response,Critical,Social media,13:13:00,,
2056,Joseph Bradford,bailey06@example.com,32,Female,Nintendo Switch,2021-11-09,Cancellation request,Product compatibility,Pending Customer Response,Low,Chat,08:46:00,,
2061,Jennifer Mcfarland,pagekaren@example.net,45,Male,Xbox,2020-07-23,Technical issue,Data loss,Pending Customer Response,Critical,Email,21:52:00,,
2062,Katelyn Stark,maria01@example.org,22,Male,MacBook Pro,2020-03-24,Cancellation request,Refund request,Closed,High,Email,14:43:00,15:07:00,5
2064,Taylor Rollins,ruizdalton@example.org,64,Other,MacBook Pro,2021-01-21,Refund request,Installation support,Closed,Low,Email,05:31:00,07:48:00,4
2066,Tyler King,jennifer25@example.net,53,Other,Microsoft Surface,2021-10-19,Technical issue,Cancellation request,Closed,High,Phone,00:10:00,01:54:00,5
2067,Christina Ramirez,eparker@example.org,68,Male,Amazon Echo,2021-11-10,Refund request,Peripheral compatibility,Pending Customer Response,Medium,Social media,23:47:00,,
2068,Drew Willis,nicole59@example.net,63,Other,Amazon Echo,2021-01-28,Refund request,Refund request,Closed,High,Chat,01:50:00,10:13:00,5
2069,Susan Scott,kathy49@example.com,43,Female,Google Nest,2021-05-03,Billing inquiry,Hardware issue,Pending Customer Response,Critical,Chat,18:08:00,,
2072,Brian Mann,amanda65@example.org,46,Female,Google Nest,2020-10-04,Billing inquiry,Software bug,Closed,High,Social media,20:11:00,22:48:00,4
2073,John Patel,michael01@example.org,68,Female,Xbox,2021-03-26,Product inquiry,Delivery problem,Pending Customer Response,Medium,Chat,04:46:00,,
2075,Deborah Cook,egonzalez@example.net,21,Male,Sony PlayStation,2021-09-28,Cancellation request,Installation support,Closed,Critical,Phone,22:23:00,21:02:00,3
2076,Tracy Frye,franklinharold@example.com,48,Other,Fitbit Charge,2020-09-03,Technical issue,Payment issue,Pending Customer Response,Medium,Social media,17:51:00,,
2077,James Mccormick,jeffrey85@example.net,32,Other,Dell XPS,2021-07-07,Billing inquiry,Peripheral compatibility,Pending Customer Response,Medium,Email,09:06:00,,
2078,Maurice Clark,stephanie51@example.com,58,Other,Nikon D,2020-06-03,Technical issue,Display issue,Closed,Critical,Social media,01:31:00,23:52:00,4
2080,Barbara Davis,sosborne@example.org,63,Male,Xbox,2021-03-05,Refund request,Peripheral compatibility,Pending Customer Response,Critical,Phone,11:10:00,,
2082,Denise Kennedy,patriciaowens@example.net,41,Female,Adobe Photoshop,2020-10-11,Product inquiry,Product recommendation,Pending Customer Response,Critical,Email,14:15:00,,
2083,Christopher Lester,angela41@example.net,34,Other,iPhone,2020-03-09,Refund request,Software bug,Closed,Critical,Phone,07:05:00,22:38:00,5
2084,Michael Morales,nelsonronald@example.net,56,Female,Lenovo ThinkPad,2020-02-02,Product inquiry,Data loss,Pending Customer Response,Critical,Email,16:48:00,,
2086,Amy Lewis,benjaminterrell@example.com,33,Male,Nikon D,2020-06-24,Product inquiry,Product recommendation,Closed,High,Social media,04:11:00,21:48:00,4
2087,Jacqueline Harmon,leoncrystal@example.net,67,Female,Sony Xperia,2020-05-29,Cancellation request,Battery life,Pending Customer Response,High,Social media,15:23:00,,
2088,Ashley Collins,adam83@example.org,38,Female,Google Nest,2020-06-09,Billing inquiry,Delivery problem,Pending Customer Response,Critical,Phone,18:19:00,,
2089,Randall Nunez,rdillon@example.net,33,Female,Lenovo ThinkPad,2021-12-19,Technical issue,Account access,Pending Customer Response,Medium,Phone,04:18:00,,
2090,Yesenia Gomez,agentry@example.org,60,Other,LG Smart TV,2020-12-24,Refund request,Account access,Closed,Low,Social media,10:47:00,13:34:00,4
2091,Eric Stokes,xbradley@example.com,67,Female,Amazon Kindle,2020-04-23,Cancellation request,Account access,Pending Customer Response,Medium,Chat,05:42:00,,
2092,Eddie Little,parkscott@example.com,34,Female,Microsoft Office,2021-10-21,Cancellation request,Installation support,Closed,Medium,Email,12:43:00,12:22:00,5
2093,Stephen Franklin,bridgetmcneil@example.org,53,Female,LG Smart TV,2021-11-28,Refund request,Cancellation request,Pending Customer Response,Low,Phone,10:36:00,,
2095,Jessica Blanchard,zknight@example.org,48,Other,LG OLED,2020-03-23,Cancellation request,Display issue,Closed,High,Email,10:06:00,00:18:00,3
2096,Carlos Gonzalez,smithnicholas@example.org,26,Female,Canon DSLR Camera,2020-09-12,Product inquiry,Hardware issue,Pending Customer Response,High,Email,09:23:00,,
2097,Tamara Davis,qhernandez@example.com,45,Male,Google Nest,2020-12-19,Refund request,Refund request,Closed,Critical,Phone,12:06:00,18:31:00,3
2098,Priscilla Bowers,espinozamichael@example.com,31,Male,Xbox,2021-05-07,Product inquiry,Installation support,Closed,Medium,Phone,09:12:00,08:34:00,3
2099,Andrew Blackwell,mullinsjessica@example.net,49,Other,Microsoft Surface,2021-12-05,Technical issue,Product recommendation,Pending Customer Response,Medium,Social media,05:45:00,,
2100,Kevin Johnson,thomasrojas@example.org,23,Female,MacBook Pro,2021-03-14,Billing inquiry,Account access,Pending Customer Response,Critical,Chat,03:35:00,,
2101,Shannon Collins,onorman@example.org,66,Male,Amazon Echo,2021-11-09,Cancellation request,Refund request,Closed,Medium,Phone,22:37:00,23:04:00,5
2102,John Franklin,blakesherri@example.net,18,Female,Nintendo Switch Pro Controller,2020-08-21,Billing inquiry,Hardware issue,Closed,Critical,Email,02:24:00,09:35:00,4
2104,Michael Hamilton,kellysmith@example.com,22,Female,LG Smart TV,2021-08-29,Product inquiry,Software bug,Closed,Medium,Email,04:15:00,13:18:00,2
2105,Melissa Hardy,patricia46@example.com,27,Other,Amazon Echo,2020-02-09,Technical issue,Software bug,Closed,Medium,Phone,14:32:00,12:48:00,1
2107,Felicia Jordan,clarkjason@example.com,46,Female,Dell XPS,2021-02-15,Refund request,Refund request,Closed,Medium,Social media,07:17:00,02:13:00,1
2108,Matthew Jones,morrisonmark@example.net,54,Female,PlayStation,2021-04-01,Refund request,Delivery problem,Pending Customer Response,High,Social media,14:35:00,,
2110,Beth Durham,paul09@example.org,45,Male,Microsoft Surface,2021-07-21,Product inquiry,Product compatibility,Closed,Low,Phone,22:19:00,22:29:00,4
2112,Justin Navarro,danapena@example.net,36,Male,Nikon D,2020-07-10,Refund request,Software bug,Pending Customer Response,Critical,Social media,04:30:00,,
2113,Shannon Johnson,acostaconnie@example.com,31,Male,Google Nest,2021-04-16,Refund request,Data loss,Pending Customer Response,Medium,Email,21:05:00,,
2115,Roberto Ortiz,qjones@example.net,36,Male,Bose QuietComfort,2020-05-16,Billing inquiry,Delivery problem,Pending Customer Response,Low,Phone,20:45:00,,
2116,Mary Klein,johnscott@example.org,67,Male,Fitbit Versa Smartwatch,2020-10-28,Refund request,Peripheral compatibility,Closed,Low,Social media,04:20:00,09:41:00,3
2119,Robert Boyle,eperez@example.net,58,Male,MacBook Pro,2021-07-15,Billing inquiry,Software bug,Pending Customer Response,Low,Chat,02:26:00,,
2120,Brenda Mooney,juangordon@example.net,60,Male,Garmin Forerunner,2020-10-10,Refund request,Software bug,Pending Customer Response,Critical,Social media,05:58:00,,
2122,Kenneth Barton,trangail@example.com,22,Other,Bose QuietComfort,2021-08-12,Refund request,Refund request,Pending Customer Response,Critical,Chat,01:18:00,,
2123,Stephanie Miller,xhenry@example.org,21,Male,GoPro Action Camera,2021-06-15,Cancellation request,Display issue,Pending Customer Response,Medium,Phone,17:23:00,,
2125,Sharon Ryan,benjaminbell@example.com,38,Female,Nintendo Switch Pro Controller,2020-12-26,Technical issue,Product recommendation,Closed,High,Social media,23:28:00,03:59:00,3
2127,Luke Cochran,pmiller@example.net,21,Female,Microsoft Office,2020-12-18,Product inquiry,Product setup,Pending Customer Response,Low,Email,18:04:00,,
2128,Holly Fox,fhoward@example.com,36,Female,LG Washing Machine,2021-09-14,Refund request,Peripheral compatibility,Closed,Low,Social media,14:54:00,06:27:00,2
2129,Jennifer Chang,jmorgan@example.org,19,Other,LG Washing Machine,2021-08-23,Cancellation request,Refund request,Closed,Medium,Chat,06:27:00,20:47:00,3
2130,Angela Garcia,christinejohnson@example.com,41,Male,Dell XPS,2020-07-07,Cancellation request,Product recommendation,Closed,Critical,Social media,03:27:00,06:41:00,5
2131,Sarah Olson,chasegrant@example.com,32,Female,Amazon Kindle,2021-07-27,Technical issue,Installation support,Pending Customer Response,Low,Email,13:00:00,,
2132,Mrs. Tara Lee MD,ocohen@example.org,54,Female,GoPro Action Camera,2020-09-27,Product inquiry,Product setup,Closed,Critical,Email,08:37:00,03:11:00,1
2134,Steven Harvey,kevinkelly@example.org,44,Male,iPhone,2021-06-05,Billing inquiry,Refund request,Pending Customer Response,Critical,Email,01:43:00,,
2135,Brian Tate,sean64@example.org,28,Female,Bose QuietComfort,2021-08-23,Product inquiry,Battery life,Closed,Low,Social media,04:24:00,07:29:00,4
2138,Jim Roach,jose25@example.com,41,Female,Bose SoundLink Speaker,2020-03-19,Product inquiry,Hardware issue,Pending Customer Response,Low,Chat,03:20:00,,
2139,Charles Fitzpatrick,sbaldwin@example.org,38,Other,GoPro Action Camera,2020-01-20,Cancellation request,Software bug,Closed,Critical,Phone,08:23:00,00:03:00,3
2140,Seth Mclaughlin,vchase@example.com,65,Other,Dell XPS,2021-02-14,Billing inquiry,Software bug,Closed,Critical,Chat,15:24:00,11:26:00,2
2143,Ashley Boyd,melaniebradley@example.com,50,Female,Canon EOS,2020-05-23,Technical issue,Battery life,Closed,Critical,Chat,10:53:00,11:24:00,5
2144,Michael Howard,vaughanamy@example.org,28,Male,LG Smart TV,2020-01-03,Billing inquiry,Payment issue,Pending Customer Response,High,Chat,02:25:00,,
2145,Richard Vasquez,ystout@example.net,28,Female,Microsoft Office,2020-10-06,Product inquiry,Software bug,Closed,High,Social media,14:44:00,17:18:00,2
2150,Gina Hooper,lauriecooper@example.org,27,Male,Google Nest,2021-10-06,Billing inquiry,Network problem,Pending Customer Response,Medium,Email,01:33:00,,
2151,Shannon Morris,danielmaddox@example.net,23,Other,Sony 4K HDR TV,2020-09-26,Refund request,Peripheral compatibility,Pending Customer Response,Critical,Chat,05:13:00,,
2152,Alexandra Sanchez,nkelley@example.com,62,Other,LG Washing Machine,2020-06-04,Billing inquiry,Product setup,Pending Customer Response,Low,Phone,19:47:00,,
2153,Karen Hobbs,vperry@example.net,25,Female,GoPro Action Camera,2021-03-28,Refund request,Hardware issue,Closed,Medium,Chat,04:49:00,03:43:00,3
2154,Brittany Gray,harrellkathy@example.com,61,Female,Garmin Forerunner,2020-08-12,Refund request,Refund request,Pending Customer Response,High,Phone,18:11:00,,
2155,Kathleen Brown,umccoy@example.net,69,Female,Canon EOS,2021-07-03,Product inquiry,Payment issue,Closed,Medium,Email,05:40:00,18:42:00,5
2156,Phillip Jackson,kimberlyhughes@example.net,22,Female,LG Washing Machine,2021-05-05,Billing inquiry,Display issue,Closed,High,Chat,06:48:00,08:47:00,5
2158,Misty Owens,bonillarachael@example.com,63,Female,Dyson Vacuum Cleaner,2020-10-21,Product inquiry,Hardware issue,Pending Customer Response,Critical,Phone,21:27:00,,
2159,Adam French,danielpatrick@example.com,48,Female,Canon EOS,2020-09-08,Product inquiry,Product setup,Pending Customer Response,Critical,Email,08:59:00,,
2160,Anita Wilson,hawkinschad@example.com,58,Male,Google Pixel,2020-12-27,Product inquiry,Account access,Pending Customer Response,Low,Email,12:39:00,,
2161,Steven Edwards,daviskathleen@example.org,54,Male,Microsoft Xbox Controller,2020-09-07,Billing inquiry,Account access,Closed,Medium,Phone,15:48:00,08:03:00,4
2163,Paul Sanchez,benjamin54@example.net,44,Other,Adobe Photoshop,2021-08-07,Billing inquiry,Payment issue,Closed,Low,Email,18:15:00,20:17:00,5
2167,Andrea Jensen,ytaylor@example.org,49,Female,LG Washing Machine,2021-10-09,Product inquiry,Product recommendation,Closed,Low,Social media,17:56:00,13:26:00,5
2168,Thomas Stevens,brandigilbert@example.org,42,Female,Nikon D,2021-11-24,Cancellation request,Payment issue,Pending Customer Response,High,Phone,05:58:00,,
2171,Angela Bailey,uparsons@example.org,22,Female,PlayStation,2020-02-29,Product inquiry,Hardware issue,Pending Customer Response,Medium,Email,08:50:00,,
2172,Steven Smith,shari97@example.com,51,Other,HP Pavilion,2020-01-06,Billing inquiry,Delivery problem,Pending Customer Response,Medium,Chat,20:09:00,,
2173,Michael Washington,wmoore@example.org,56,Female,Google Pixel,2021-02-04,Refund request,Network problem,Pending Customer Response,Critical,Email,20:35:00,,
2174,Luke Guerrero,kaylasimpson@example.com,54,Male,Fitbit Charge,2021-11-01,Refund request,Product compatibility,Closed,Low,Social media,17:18:00,10:20:00,5
2175,Lisa Abbott,slogan@example.net,66,Other,Google Pixel,2020-11-30,Product inquiry,Display issue,Pending Customer Response,High,Chat,18:53:00,,
2176,Emily Adams,xwalker@example.org,63,Other,LG Washing Machine,2020-09-19,Product inquiry,Hardware issue,Pending Customer Response,Low,Phone,09:20:00,,
2178,Margaret Turner,brian64@example.com,30,Male,Google Pixel,2021-09-07,Billing inquiry,Refund request,Closed,High,Phone,22:40:00,02:47:00,2
2180,Jacqueline Reed,kevinmorgan@example.net,50,Female,Nikon D,2021-07-19,Product inquiry,Account access,Closed,High,Email,04:46:00,19:54:00,4
2183,Brittney Jones,fhall@example.net,47,Other,Nikon D,2020-08-08,Cancellation request,Battery life,Pending Customer Response,High,Social media,20:57:00,,
2185,Sherry Lewis,asmith@example.org,38,Female,Nintendo Switch,2021-01-02,Refund request,Refund request,Closed,Medium,Chat,03:23:00,06:08:00,4
2188,Sharon Rodriguez,lisa17@example.net,32,Female,Google Nest,2021-11-06,Refund request,Peripheral compatibility,Closed,Low,Phone,05:03:00,00:19:00,2
2189,Kelsey Williams,valdezsandra@example.org,28,Other,LG Smart TV,2021-12-20,Cancellation request,Cancellation request,Pending Customer Response,Medium,Chat,18:04:00,,
2192,Ryan Moyer,hannah10@example.com,48,Other,LG Washing Machine,2020-07-25,Refund request,Battery life,Pending Customer Response,Low,Chat,15:23:00,,
2193,Matthew Reyes,emily50@example.net,66,Female,Sony 4K HDR TV,2020-01-27,Product inquiry,Payment issue,Pending Customer Response,Medium,Chat,02:51:00,,
2194,Alexis Ingram,adamhenry@example.com,49,Female,Microsoft Xbox Controller,2020-08-29,Billing inquiry,Product compatibility,Closed,Medium,Email,08:51:00,18:16:00,5
2196,Lauren Michael,haileyblanchard@example.net,26,Other,Bose QuietComfort,2021-09-02,Cancellation request,Installation support,Pending Customer Response,Critical,Chat,15:24:00,,
2197,Zachary Castro,mike85@example.net,36,Other,Dyson Vacuum Cleaner,2021-08-21,Billing inquiry,Product compatibility,Pending Customer Response,Medium,Email,09:31:00,,
2198,Jessica Williams,connieali@example.com,60,Other,Asus ROG,2020-05-06,Cancellation request,Cancellation request,Closed,Low,Social media,00:27:00,06:56:00,4
2200,Juan Lowe,peter06@example.net,28,Other,Dell XPS,2021-08-27,Billing inquiry,Payment issue,Closed,Medium,Email,21:12:00,01:38:00,3
2201,Anthony Buchanan,sophiawolf@example.com,34,Male,Nest Thermostat,2020-05-03,Product inquiry,Product recommendation,Pending Customer Response,Critical,Social media,19:16:00,,
2202,Kyle Spencer,douglassmith@example.com,35,Male,Nikon D,2021-05-16,Billing inquiry,Product setup,Pending Customer Response,Low,Social media,08:55:00,,
2203,Perry King,tammy01@example.net,53,Female,Philips Hue Lights,2020-09-03,Product inquiry,Product setup,Closed,Medium,Chat,08:54:00,20:24:00,4
2206,Alexandra Jones,austin82@example.com,67,Male,Google Nest,2020-11-08,Product inquiry,Software bug,Pending Customer Response,High,Email,12:26:00,,
2207,Alvin Stephenson,msmith@example.net,21,Other,Microsoft Xbox Controller,2021-03-09,Cancellation request,Refund request,Closed,Medium,Phone,22:13:00,10:29:00,4
2208,Christopher Wolfe,ryan06@example.net,51,Female,Samsung Soundbar,2021-11-03,Technical issue,Battery life,Closed,Medium,Chat,17:46:00,13:41:00,2
2209,Aaron Chavez,jjackson@example.com,35,Female,Amazon Kindle,2020-06-15,Cancellation request,Network problem,Pending Customer Response,Low,Phone,21:59:00,,
2210,Nicole Baxter,jonathandavis@example.net,24,Other,MacBook Pro,2020-08-22,Refund request,Delivery problem,Pending Customer Response,Medium,Email,04:17:00,,
2211,Keith Stewart,ujohnson@example.org,27,Other,Fitbit Versa Smartwatch,2021-10-25,Product inquiry,Delivery problem,Pending Customer Response,Medium,Social media,10:30:00,,
2212,Kaitlyn Meyers,nicholasmorris@example.org,63,Male,Amazon Kindle,2021-09-21,Refund request,Hardware issue,Closed,High,Chat,11:29:00,17:40:00,3
2216,Keith Smith,piercedawn@example.net,29,Female,Sony 4K HDR TV,2020-12-28,Technical issue,Software bug,Closed,High,Chat,14:02:00,22:39:00,3
2217,Brent Haynes,asmith@example.com,44,Female,GoPro Hero,2020-02-05,Billing inquiry,Installation support,Closed,Critical,Social media,09:08:00,16:28:00,5
2220,Robert Trevino,bryan03@example.com,50,Female,LG Smart TV,2021-07-10,Cancellation request,Battery life,Pending Customer Response,Medium,Chat,11:14:00,,
2222,Theresa Gordon,suzannegarrett@example.com,53,Female,Sony 4K HDR TV,2020-05-26,Refund request,Display issue,Closed,High,Chat,00:33:00,17:43:00,1
2223,Katherine Montoya,john19@example.org,67,Male,Autodesk AutoCAD,2020-04-14,Billing inquiry,Product compatibility,Closed,High,Email,16:05:00,04:09:00,3
2224,Joshua Gonzales,sandra78@example.com,31,Male,Lenovo ThinkPad,2021-01-27,Refund request,Product compatibility,Pending Customer Response,Critical,Phone,17:47:00,,
2225,Thomas Nunez,gduncan@example.org,26,Female,Dyson Vacuum Cleaner,2021-02-07,Technical issue,Network problem,Pending Customer Response,Critical,Email,08:55:00,,
2226,Lynn Pruitt,kristinramirez@example.net,70,Male,Sony Xperia,2021-01-12,Cancellation request,Network problem,Closed,Critical,Phone,07:30:00,10:21:00,5
2227,Kimberly Nguyen,chris83@example.org,61,Other,Philips Hue Lights,2020-09-23,Product inquiry,Product recommendation,Closed,Low,Social media,18:53:00,11:41:00,4
2228,Joel Barron,maria70@example.net,34,Male,Amazon Echo,2020-12-21,Technical issue,Cancellation request,Pending Customer Response,Critical,Social media,18:49:00,,
2229,George White,ann20@example.net,60,Female,Sony PlayStation,2020-10-03,Technical issue,Installation support,Closed,High,Phone,05:26:00,09:00:00,3
2230,William Torres,fergusonsara@example.org,54,Other,Samsung Soundbar,2020-04-21,Refund request,Cancellation request,Closed,Medium,Email,21:09:00,07:23:00,4
2232,Ryan Gallagher,robert31@example.net,40,Female,Nikon D,2021-08-28,Technical issue,Payment issue,Closed,Medium,Email,18:46:00,12:24:00,5
2237,Erica Hall,richardlee@example.org,50,Other,Nintendo Switch,2021-11-30,Technical issue,Hardware issue,Closed,Medium,Email,05:15:00,21:03:00,3
2240,Albert Escobar,rstuart@example.com,52,Female,Nikon D,2020-12-16,Refund request,Hardware issue,Pending Customer Response,Low,Chat,22:23:00,,
2241,Lindsay Davis,brianna18@example.com,23,Female,Microsoft Office,2021-07-19,Refund request,Delivery problem,Pending Customer Response,High,Chat,05:08:00,,
2245,Ronnie Rich,rita53@example.net,54,Male,iPhone,2020-09-16,Technical issue,Peripheral compatibility,Closed,High,Chat,18:42:00,00:52:00,3
2246,Kevin Cooper,vshaw@example.org,59,Other,Amazon Kindle,2020-09-06,Product inquiry,Product compatibility,Closed,Medium,Chat,10:52:00,17:34:00,1
2247,Douglas Rice,curryjuan@example.com,42,Male,LG Smart TV,2020-09-18,Product inquiry,Battery life,Closed,Low,Chat,23:04:00,22:48:00,5
2248,Hannah Fields,cannonjoshua@example.net,61,Male,LG Washing Machine,2020-10-27,Technical issue,Data loss,Closed,Critical,Social media,19:48:00,12:30:00,2
2249,Edgar Pratt,lukecastro@example.net,32,Male,PlayStation,2021-05-27,Technical issue,Software bug,Pending Customer Response,Medium,Chat,19:26:00,,
2250,Nicole Hamilton,brittanyhaas@example.net,18,Male,Xbox,2021-07-26,Billing inquiry,Refund request,Closed,Critical,Chat,06:53:00,10:12:00,4
2252,Nicole Adams,robertmcdonald@example.org,25,Other,MacBook Pro,2020-04-24,Product inquiry,Software bug,Closed,High,Phone,15:16:00,15:21:00,3
2253,Doris Allison,myersdaniel@example.org,48,Female,Amazon Echo,2020-09-21,Cancellation request,Product setup,Closed,High,Email,15:46:00,13:42:00,3
2255,Raymond Bradley,ipeterson@example.com,54,Male,Philips Hue Lights,2021-04-09,Billing inquiry,Payment issue,Closed,High,Chat,02:34:00,17:38:00,3
2256,Cindy Rose,festrada@example.com,22,Male,Dell XPS,2021-04-22,Refund request,Network problem,Pending Customer Response,Critical,Phone,12:38:00,,
2257,Amy Hayes,stevenbarr@example.com,47,Male,Google Pixel,2021-10-18,Technical issue,Account access,Pending Customer Response,High,Social media,11:49:00,,
2258,Robin Flynn,devinpaul@example.org,59,Male,MacBook Pro,2020-09-29,Refund request,Data loss,Pending Customer Response,High,Phone,19:23:00,,
2259,Mark Lee,houstonsamantha@example.net,54,Male,Roomba Robot Vacuum,2020-09-06,Cancellation request,Product setup,Pending Customer Response,High,Phone,14:27:00,,
2262,Nicole Gonzalez,colleen89@example.net,58,Female,Samsung Soundbar,2020-02-16,Cancellation request,Delivery problem,Closed,Medium,Email,12:52:00,12:24:00,3
2263,Kathleen Lopez,hhawkins@example.net,57,Other,LG OLED,2021-11-12,Refund request,Display issue,Closed,High,Phone,22:40:00,14:00:00,2
2265,Amber Heath,imorton@example.com,24,Female,Adobe Photoshop,2020-05-29,Product inquiry,Refund request,Pending Customer Response,Low,Social media,14:06:00,,
2266,William Glover,fowlersue@example.com,32,Other,Fitbit Charge,2020-01-24,Technical issue,Delivery problem,Pending Customer Response,Medium,Email,16:52:00,,
2267,Lynn Frank,moralesandrew@example.org,59,Other,Dell XPS,2021-12-13,Product inquiry,Peripheral compatibility,Closed,Critical,Social media,06:56:00,02:18:00,1
2269,Stephanie Marshall,tracymclean@example.com,26,Female,Sony 4K HDR TV,2021-11-01,Refund request,Network problem,Pending Customer Response,Medium,Chat,01:30:00,,
2270,Jaclyn Hughes,amyjones@example.net,38,Other,Roomba Robot Vacuum,2020-08-27,Technical issue,Refund request,Closed,Critical,Email,09:34:00,20:18:00,3
2271,John Miller,woodardbrittney@example.com,32,Female,Dell XPS,2021-05-17,Billing inquiry,Software bug,Pending Customer Response,Critical,Phone,08:26:00,,
2272,Kristina Taylor,mark54@example.org,48,Male,PlayStation,2020-05-15,Billing inquiry,Product recommendation,Closed,Low,Chat,07:18:00,08:41:00,4
2273,Jessica Jackson,ncook@example.org,63,Female,LG Washing Machine,2020-05-22,Product inquiry,Hardware issue,Pending Customer Response,Low,Chat,03:27:00,,
2274,Connie Christian,jgreen@example.org,21,Male,Canon EOS,2021-07-25,Product inquiry,Product recommendation,Closed,Medium,Phone,04:10:00,07:00:00,1
2277,Denise Horne,stricklandnicholas@example.org,52,Male,Bose QuietComfort,2021-11-24,Technical issue,Peripheral compatibility,Closed,Low,Social media,15:25:00,21:35:00,1
2278,Sharon Warren,ayersvirginia@example.com,21,Other,Nikon D,2020-12-26,Refund request,Product recommendation,Pending Customer Response,Low,Chat,17:42:00,,
2280,Jennifer Allen,maria26@example.net,34,Male,Autodesk AutoCAD,2021-08-08,Cancellation request,Refund request,Pending Customer Response,Critical,Social media,10:53:00,,
2281,Nicholas Harris,gwilliams@example.org,60,Other,Dell XPS,2021-02-21,Refund request,Account access,Closed,Low,Social media,20:01:00,01:10:00,2
2282,Erin Holmes,kevin47@example.com,45,Male,Canon DSLR Camera,2021-03-14,Technical issue,Software bug,Pending Customer Response,Low,Chat,00:47:00,,
2283,Teresa Castillo,jessicaritter@example.com,37,Female,Nest Thermostat,2021-06-21,Product inquiry,Cancellation request,Pending Customer Response,Medium,Email,04:15:00,,
2284,Rachel Bullock,owensjonathan@example.net,40,Male,Sony PlayStation,2021-03-06,Refund request,Refund request,Pending Customer Response,Low,Email,05:58:00,,
2286,Tonya Heath,adamsgary@example.net,65,Female,Microsoft Xbox Controller,2020-02-16,Refund request,Product setup,Closed,Critical,Email,19:42:00,07:19:00,4
2288,Kylie Hardy,tsimpson@example.com,27,Male,Amazon Kindle,2020-10-22,Product inquiry,Payment issue,Pending Customer Response,Medium,Chat,21:53:00,,
2289,Stephanie Lee,shannon66@example.com,44,Female,Apple AirPods,2021-10-03,Cancellation request,Cancellation request,Pending Customer Response,Low,Social media,02:06:00,,
2290,Kurt Brooks,anthony06@example.com,54,Female,GoPro Hero,2020-08-08,Cancellation request,Cancellation request,Closed,Critical,Email,22:11:00,13:10:00,2
2294,Brian Serrano,hansonconnie@example.org,23,Male,Samsung Galaxy,2021-02-04,Product inquiry,Hardware issue,Pending Customer Response,Medium,Social media,15:38:00,,
2295,Joshua Singh,sarahhodges@example.org,62,Female,Nintendo Switch Pro Controller,2021-02-04,Cancellation request,Account access,Closed,High,Email,01:12:00,06:46:00,1
2297,Julia Campbell,dferguson@example.org,48,Female,Samsung Galaxy,2021-07-06,Product inquiry,Hardware issue,Pending Customer Response,Low,Social media,11:11:00,,
2298,Sarah Bell,kfox@example.com,65,Female,GoPro Action Camera,2020-07-26,Cancellation request,Battery life,Pending Customer Response,Low,Phone,18:47:00,,
2299,Marcia Morris,david30@example.com,42,Other,Dyson Vacuum Cleaner,2020-06-22,Technical issue,Account access,Pending Customer Response,Critical,Phone,01:31:00,,
2300,Seth Key,stewartlaurie@example.com,49,Other,Philips Hue Lights,2020-06-12,Refund request,Installation support,Pending Customer Response,Medium,Phone,09:06:00,,
2301,James West,sarah75@example.org,34,Male,Canon EOS,2020-06-06,Billing inquiry,Display issue,Pending Customer Response,Low,Chat,00:32:00,,
2304,Laura Monroe,katelyn81@example.net,57,Other,MacBook Pro,2021-04-18,Refund request,Product compatibility,Pending Customer Response,Critical,Chat,01:23:00,,
2306,Jodi Miller,prose@example.org,31,Female,Roomba Robot Vacuum,2020-09-09,Cancellation request,Product setup,Pending Customer Response,Medium,Social media,14:06:00,,
2307,Crystal Knight,millsjames@example.org,19,Female,Xbox,2020-02-27,Refund request,Software bug,Closed,Critical,Email,11:35:00,07:44:00,3
2310,Alex Faulkner,nmoreno@example.org,38,Female,Garmin Forerunner,2020-12-22,Billing inquiry,Product setup,Pending Customer Response,High,Phone,15:55:00,,
2311,Lisa Walker,rthompson@example.org,66,Other,Roomba Robot Vacuum,2020-07-19,Cancellation request,Data loss,Pending Customer Response,Critical,Social media,10:14:00,,
2312,Stephanie Chen,imorrow@example.net,35,Male,Nest Thermostat,2020-07-18,Refund request,Product compatibility,Closed,High,Phone,01:41:00,20:03:00,1
2313,Bryan Gilbert,zcarr@example.net,50,Other,Nest Thermostat,2020-09-05,Product inquiry,Cancellation request,Pending Customer Response,Medium,Phone,22:17:00,,
2314,Hailey Moore,halljason@example.org,49,Male,Bose QuietComfort,2021-01-05,Cancellation request,Hardware issue,Closed,High,Phone,19:00:00,23:52:00,3
2315,Mr. Brian Morales,hholmes@example.net,41,Female,Sony Xperia,2020-01-05,Technical issue,Payment issue,Closed,High,Social media,23:12:00,07:40:00,1
2316,Matthew Welch,christineadams@example.com,45,Male,Microsoft Office,2020-03-27,Refund request,Network problem,Pending Customer Response,Critical,Email,22:53:00,,
2317,Kaitlyn Craig,hallbrett@example.com,40,Female,Samsung Galaxy,2020-04-05,Billing inquiry,Account access,Pending Customer Response,Critical,Phone,12:19:00,,
2321,Thomas Torres,jeremyburgess@example.org,61,Male,Sony Xperia,2021-07-09,Technical issue,Network problem,Closed,Medium,Chat,13:04:00,17:41:00,3
2322,Walter Davis,jamesmorris@example.net,47,Male,Garmin Forerunner,2021-10-24,Technical issue,Hardware issue,Closed,Medium,Chat,03:35:00,13:02:00,1
2323,Michael Stewart,nkelley@example.org,48,Female,Nintendo Switch,2021-07-14,Product inquiry,Cancellation request,Closed,High,Social media,12:50:00,15:05:00,3
2324,Kathryn Madden,erin60@example.net,33,Female,Microsoft Office,2020-07-15,Product inquiry,Product recommendation,Closed,Low,Chat,06:44:00,21:42:00,5
2325,Sarah Mcmahon,rhondarice@example.org,22,Male,iPhone,2021-04-22,Billing inquiry,Product compatibility,Closed,Low,Phone,19:51:00,17:05:00,2
2326,Glenn Flores,leelisa@example.net,37,Male,Asus ROG,2021-09-12,Product inquiry,Battery life,Pending Customer Response,Medium,Chat,00:04:00,,
2327,Adam Lopez,jenna22@example.org,28,Male,Sony PlayStation,2020-12-05,Refund request,Data loss,Closed,Low,Email,13:46:00,02:55:00,3
2329,Brenda Kaufman,valeriebrewer@example.com,41,Female,Apple AirPods,2021-06-22,Billing inquiry,Battery life,Closed,Critical,Phone,23:48:00,17:52:00,4
2330,Nicholas Martin,richardfoster@example.com,35,Female,Dyson Vacuum Cleaner,2021-06-13,Billing inquiry,Refund request,Pending Customer Response,Critical,Social media,21:22:00,,
2331,Daniel Schultz,amanda93@example.org,67,Female,Nest Thermostat,2020-02-15,Product inquiry,Data loss,Pending Customer Response,Low,Phone,18:30:00,,
2334,Matthew Wilson,arobinson@example.com,68,Male,MacBook Pro,2021-08-02,Billing inquiry,Product setup,Pending Customer Response,Critical,Phone,16:37:00,,
2336,Anthony Shaw,darius23@example.net,47,Other,Microsoft Xbox Controller,2021-06-24,Product inquiry,Software bug,Pending Customer Response,Medium,Phone,11:16:00,,
2337,Jacob Strong,jorge18@example.com,62,Female,Autodesk AutoCAD,2021-06-27,Cancellation request,Peripheral compatibility,Pending Customer Response,Low,Phone,03:50:00,,
2338,Hannah Walls,carol86@example.net,29,Male,Amazon Kindle,2020-07-31,Technical issue,Payment issue,Closed,Critical,Chat,10:56:00,17:14:00,1
2339,Derek Watts,wendymiller@example.com,56,Female,Sony PlayStation,2021-08-20,Refund request,Product setup,Closed,Medium,Email,17:15:00,02:59:00,2
2340,Teresa Aguirre,dcarney@example.net,43,Male,GoPro Action Camera,2020-01-27,Product inquiry,Software bug,Pending Customer Response,Low,Phone,10:06:00,,
2341,Travis Hodges,steeledavid@example.net,26,Male,Sony 4K HDR TV,2020-06-30,Technical issue,Network problem,Closed,Low,Chat,04:58:00,21:29:00,3
2342,Brian Cole,austin44@example.org,48,Male,Garmin Forerunner,2021-11-04,Technical issue,Product recommendation,Closed,Medium,Email,17:05:00,03:08:00,2
2345,Raymond Oconnor,jeffrey58@example.org,68,Male,Google Nest,2021-12-04,Cancellation request,Installation support,Closed,Critical,Chat,10:10:00,10:33:00,3
2346,Lauren Evans,adamsamber@example.com,43,Male,HP Pavilion,2021-09-01,Product inquiry,Battery life,Closed,Critical,Phone,22:23:00,23:43:00,2
2347,Melissa Lewis,michaelferguson@example.net,68,Female,Autodesk AutoCAD,2021-01-22,Product inquiry,Peripheral compatibility,Closed,Low,Chat,16:09:00,14:15:00,5
2348,Shaun Meza,brandonarcher@example.com,27,Female,Bose SoundLink Speaker,2020-09-29,Product inquiry,Battery life,Pending Customer Response,High,Social media,23:55:00,,
2349,Steven Saunders,nwhite@example.org,50,Female,LG OLED,2020-07-30,Technical issue,Display issue,Pending Customer Response,Critical,Chat,00:02:00,,
2352,Gary Fox,jacqueline20@example.net,20,Female,Bose QuietComfort,2021-11-08,Billing inquiry,Product compatibility,Closed,Medium,Phone,09:32:00,15:02:00,5
2353,Jessica Dean,xmunoz@example.com,55,Female,MacBook Pro,2021-12-22,Product inquiry,Delivery problem,Pending Customer Response,Medium,Phone,09:27:00,,
2356,Joshua Edwards,fuentesjeff@example.net,49,Female,Amazon Kindle,2021-02-26,Product inquiry,Product compatibility,Pending Customer Response,Low,Email,15:08:00,,
2357,Wendy Jackson,daniel27@example.net,18,Male,Samsung Galaxy,2021-10-19,Billing inquiry,Battery life,Pending Customer Response,Low,Chat,11:58:00,,
2358,Ruth Sims,walshjoseph@example.org,44,Female,Samsung Galaxy,2021-04-19,Cancellation request,Display issue,Closed,High,Email,06:47:00,01:49:00,5
2359,Robert Smith,morrisearl@example.com,56,Male,Fitbit Charge,2021-01-26,Technical issue,Battery life,Closed,Low,Social media,02:25:00,16:32:00,1
2361,Kimberly Wilkerson,jerry18@example.net,51,Female,Asus ROG,2021-08-16,Technical issue,Software bug,Closed,Medium,Phone,00:15:00,15:12:00,1
2362,Crystal Hunter,carol36@example.com,25,Female,Garmin Forerunner,2021-11-05,Billing inquiry,Product compatibility,Closed,Medium,Social media,03:14:00,00:15:00,3
2363,Ryan Freeman,tbrennan@example.org,58,Male,Sony 4K HDR TV,2020-03-18,Billing inquiry,Delivery problem,Closed,Critical,Chat,05:13:00,14:10:00,1
2365,Omar Curtis,mariatodd@example.org,46,Other,GoPro Hero,2020-09-13,Refund request,Product compatibility,Closed,High,Social media,06:55:00,14:20:00,4
2366,Jason Martinez,millsnicole@example.org,43,Female,Fitbit Versa Smartwatch,2021-12-25,Technical issue,Peripheral compatibility,Pending Customer Response,Low,Phone,21:55:00,,
2368,Victor Franklin,richardgarrison@example.net,49,Other,Asus ROG,2020-07-14,Refund request,Product recommendation,Closed,Critical,Chat,05:23:00,08:18:00,4
2369,Jennifer Anderson,oscar85@example.net,38,Male,GoPro Hero,2021-03-05,Cancellation request,Installation support,Pending Customer Response,Low,Social media,09:58:00,,
2370,Lindsey Taylor,ijackson@example.org,29,Male,GoPro Action Camera,2021-08-11,Product inquiry,Delivery problem,Pending Customer Response,Low,Phone,21:17:00,,
2372,Dan Pratt,fweeks@example.com,42,Male,LG Smart TV,2021-09-08,Cancellation request,Installation support,Closed,Low,Phone,05:50:00,17:08:00,2
2373,Diana Wagner,jenningsjamie@example.com,60,Male,Asus ROG,2020-01-27,Technical issue,Product compatibility,Closed,Medium,Social media,19:46:00,19:44:00,1
2374,Patricia Moreno,riosjustin@example.com,67,Female,Bose SoundLink Speaker,2021-08-30,Cancellation request,Product setup,Pending Customer Response,High,Social media,15:13:00,,
2375,Justin Ho,zacharysingleton@example.net,42,Other,Sony PlayStation,2021-02-14,Billing inquiry,Battery life,Pending Customer Response,High,Social media,00:36:00,,
2378,Valerie Wells,mcgeemarilyn@example.org,45,Male,MacBook Pro,2021-03-10,Product inquiry,Cancellation request,Closed,Low,Email,02:48:00,21:56:00,2
2379,Angela Rodriguez,smithdenise@example.net,50,Other,Sony 4K HDR TV,2020-06-12,Technical issue,Software bug,Closed,Medium,Phone,08:01:00,10:32:00,2
2381,Stephen Benitez,derek66@example.net,25,Female,Nest Thermostat,2020-05-27,Refund request,Network problem,Pending Customer Response,Low,Phone,06:58:00,,
2382,Emily Sanchez,zacharyturner@example.com,35,Male,Samsung Soundbar,2021-02-23,Refund request,Network problem,Pending Customer Response,High,Email,15:27:00,,
2384,Cynthia Farley,powelljoseph@example.org,53,Male,Garmin Forerunner,2020-02-09,Billing inquiry,Battery life,Pending Customer Response,Medium,Chat,07:20:00,,
2386,Angela Kim,randybell@example.org,42,Other,Fitbit Versa Smartwatch,2021-05-18,Product inquiry,Hardware issue,Pending Customer Response,High,Email,16:44:00,,
2388,Alyssa Brown,rchoi@example.com,67,Female,Nintendo Switch,2020-03-17,Billing inquiry,Network problem,Closed,Medium,Social media,18:27:00,11:17:00,1
2391,Sandra Allen,clarkjason@example.org,30,Other,Sony 4K HDR TV,2020-04-02,Technical issue,Display issue,Closed,Critical,Phone,08:33:00,10:58:00,1
2393,James Reed,bakerjonathan@example.com,41,Other,Sony Xperia,2020-09-22,Refund request,Battery life,Closed,Medium,Phone,00:55:00,02:55:00,4
2394,Antonio Macdonald,wnelson@example.org,54,Female,Fitbit Versa Smartwatch,2020-09-15,Technical issue,Product compatibility,Pending Customer Response,High,Social media,12:26:00,,
2395,Matthew Chavez,ogreene@example.org,23,Female,iPhone,2020-10-27,Refund request,Data loss,Closed,High,Email,23:22:00,13:37:00,1
2396,Jorge Pena,justinkrause@example.net,69,Other,Dell XPS,2021-05-18,Refund request,Network problem,Pending Customer Response,High,Chat,17:58:00,,
2398,Melissa Lee,cgray@example.com,28,Male,Amazon Kindle,2021-07-04,Refund request,Cancellation request,Closed,High,Email,01:46:00,22:54:00,1
2400,Joel Clark,john97@example.com,50,Other,Fitbit Charge,2020-06-05,Technical issue,Refund request,Pending Customer Response,High,Phone,22:50:00,,
2402,Jessica Garcia,jorgealexander@example.net,29,Female,iPhone,2020-02-06,Billing inquiry,Product recommendation,Closed,Medium,Phone,15:13:00,15:34:00,2
2403,Scott Farley,gomezbeth@example.net,67,Female,Garmin Forerunner,2021-01-02,Product inquiry,Payment issue,Closed,Low,Social media,22:05:00,20:53:00,2
2404,Evan Mcdaniel,lauren56@example.org,41,Female,Asus ROG,2021-05-09,Refund request,Network problem,Closed,Low,Email,12:25:00,22:48:00,2
2405,Elizabeth Brown,esparzabrittany@example.com,34,Male,Sony Xperia,2021-06-21,Cancellation request,Product setup,Pending Customer Response,Low,Phone,19:09:00,,
2407,Crystal Ali,carla19@example.org,26,Other,LG OLED,2021-01-03,Refund request,Product setup,Pending Customer Response,Medium,Chat,04:31:00,,
2410,Kathy Parker,christinedavidson@example.org,41,Other,Autodesk AutoCAD,2020-03-03,Cancellation request,Peripheral compatibility,Closed,Low,Social media,01:21:00,19:30:00,5
2411,Scott Wilson,joannabarnes@example.org,36,Other,Dyson Vacuum Cleaner,2021-04-25,Technical issue,Software bug,Closed,Critical,Phone,23:00:00,16:07:00,5
2412,Christian Cannon,jonesrebecca@example.com,59,Male,Microsoft Surface,2020-11-30,Technical issue,Delivery problem,Closed,Medium,Phone,14:00:00,15:30:00,2
2413,Brittany Hamilton,georgegould@example.com,41,Female,Nintendo Switch Pro Controller,2021-12-24,Technical issue,Software bug,Closed,High,Chat,01:38:00,13:41:00,5
2414,Francisco Harris,lance60@example.com,26,Female,Microsoft Xbox Controller,2020-11-20,Product inquiry,Delivery problem,Closed,Critical,Chat,17:51:00,07:51:00,4
2415,Mr. Stephen Washington,sarah66@example.com,57,Other,LG Smart TV,2021-09-05,Refund request,Refund request,Pending Customer Response,Medium,Phone,22:03:00,,
2416,Jennifer Ramirez,martinezmichelle@example.net,69,Other,Xbox,2020-07-22,Technical issue,Payment issue,Closed,Low,Chat,05:42:00,19:36:00,3
2417,Mackenzie Thomas,kimberlyhamilton@example.net,66,Male,Amazon Kindle,2020-01-06,Refund request,Cancellation request,Closed,Medium,Chat,19:28:00,09:07:00,3
2420,Joseph Martin,fwilliams@example.net,52,Other,Fitbit Versa Smartwatch,2021-03-24,Refund request,Account access,Pending Customer Response,Low,Chat,05:21:00,,
2421,Briana Hood,joshua25@example.net,28,Male,Nintendo Switch,2021-11-24,Refund request,Hardware issue,Closed,Low,Email,08:44:00,08:08:00,1
2422,Jennifer Golden,afields@example.net,52,Male,Sony Xperia,2021-05-02,Cancellation request,Cancellation request,Closed,Critical,Email,01:59:00,06:24:00,3
2424,Anthony Gross,qfowler@example.com,59,Female,LG Washing Machine,2020-06-09,Billing inquiry,Product recommendation,Pending Customer Response,Low,Phone,09:37:00,,
2425,Billy Garcia,samuelbaker@example.org,34,Male,Microsoft Surface,2020-04-21,Cancellation request,Software bug,Pending Customer Response,High,Chat,21:26:00,,
2426,Samantha Tucker,gregoryrobert@example.org,65,Male,Canon DSLR Camera,2021-11-07,Product inquiry,Installation support,Closed,Critical,Email,01:12:00,03:30:00,3
2428,Randy Adams,johndixon@example.org,53,Female,Autodesk AutoCAD,2021-02-17,Technical issue,Network problem,Pending Customer Response,Critical,Chat,15:21:00,,
2431,Brandon Lawrence,linda39@example.com,61,Other,Fitbit Charge,2020-03-19,Refund request,Refund request,Closed,High,Phone,12:58:00,03:31:00,3
2434,Anna Scott,ewhite@example.net,49,Male,Microsoft Office,2020-06-19,Technical issue,Installation support,Pending Customer Response,High,Chat,17:48:00,,
2435,Sarah Jarvis,cooperchristopher@example.net,29,Other,LG Smart TV,2020-05-18,Billing inquiry,Installation support,Pending Customer Response,Medium,Social media,05:14:00,,
2437,Jose Arnold,kbond@example.org,55,Female,Microsoft Xbox Controller,2021-09-15,Billing inquiry,Installation support,Pending Customer Response,Low,Chat,06:48:00,,
2439,Joshua Morrow,ffarmer@example.net,65,Other,GoPro Hero,2021-12-21,Refund request,Product setup,Closed,High,Chat,02:10:00,17:24:00,5
2440,Devin Nguyen,vmorris@example.net,53,Other,Sony 4K HDR TV,2020-01-16,Refund request,Network problem,Pending Customer Response,Critical,Social media,20:34:00,,
2441,Christopher Grimes,jamesfarley@example.com,56,Female,Dell XPS,2021-02-03,Product inquiry,Product compatibility,Closed,Low,Email,05:03:00,01:40:00,3
2442,Randall Robertson,nicolekramer@example.com,46,Female,Garmin Forerunner,2020-11-23,Cancellation request,Software bug,Closed,High,Chat,15:46:00,10:47:00,3
2443,Judy White,jacquelineolsen@example.com,51,Other,Sony Xperia,2020-08-26,Technical issue,Display issue,Pending Customer Response,Medium,Phone,23:16:00,,
2444,Jacob Alexander,porterbobby@example.org,21,Male,Canon EOS,2021-06-18,Product inquiry,Software bug,Pending Customer Response,Critical,Social media,19:31:00,,
2445,Julia Haynes,kevinwarren@example.com,67,Male,Microsoft Surface,2020-03-28,Product inquiry,Battery life,Pending Customer Response,Medium,Email,19:57:00,,
2446,Stacy Rogers,grahamdavid@example.net,65,Male,PlayStation,2020-06-18,Cancellation request,Hardware issue,Pending Customer Response,Low,Chat,10:55:00,,
2448,Brian Garcia,bruce97@example.com,59,Other,Canon DSLR Camera,2021-08-19,Cancellation request,Account access,Pending Customer Response,Low,Social media,10:24:00,,
2450,Jason Barton,chaynes@example.net,58,Female,Canon DSLR Camera,2021-07-25,Cancellation request,Peripheral compatibility,Closed,Low,Social media,07:51:00,10:21:00,3
2452,William Johnston,shawnjohnson@example.net,47,Other,Samsung Soundbar,2021-03-15,Refund request,Product compatibility,Closed,Low,Phone,18:26:00,08:54:00,3
2453,Sarah Roberts,bakerclayton@example.org,29,Male,Amazon Kindle,2020-11-17,Product inquiry,Product recommendation,Pending Customer Response,Medium,Chat,05:02:00,,
2454,Vanessa Bell,harrisbrianna@example.org,52,Other,Apple AirPods,2021-10-24,Cancellation request,Hardware issue,Closed,High,Chat,05:34:00,02:03:00,2
2456,Erin Fletcher,josephellis@example.com,51,Female,iPhone,2020-05-30,Refund request,Delivery problem,Closed,Low,Social media,19:11:00,16:29:00,4
2459,Kenneth Norman,hardyjessica@example.net,65,Male,LG OLED,2020-03-01,Product inquiry,Refund request,Pending Customer Response,Low,Social media,04:07:00,,
2460,Laura Jones,guerreroandrew@example.org,50,Male,Autodesk AutoCAD,2020-11-05,Technical issue,Installation support,Pending Customer Response,Critical,Phone,08:05:00,,
2461,David Velez,claydonna@example.org,37,Other,LG Smart TV,2020-08-08,Technical issue,Product compatibility,Closed,Low,Email,16:35:00,23:42:00,1
2462,Dr. Kelly Walker,kenneth45@example.net,44,Male,Samsung Galaxy,2021-09-15,Product inquiry,Software bug,Pending Customer Response,Medium,Phone,00:26:00,,
2463,Kathy Fisher,kathyvega@example.org,55,Male,Dyson Vacuum Cleaner,2020-05-04,Product inquiry,Cancellation request,Pending Customer Response,Medium,Chat,15:57:00,,
2464,Sandra Harris,michaelramirez@example.com,29,Female,Sony PlayStation,2021-04-13,Technical issue,Product compatibility,Pending Customer Response,Low,Email,22:27:00,,
2465,Samantha Davis,dunlapkathy@example.org,50,Male,Microsoft Office,2020-09-26,Product inquiry,Software bug,Closed,Critical,Phone,05:04:00,13:49:00,5
2466,Sarah Gonzalez,pgarrett@example.net,21,Other,Lenovo ThinkPad,2021-07-05,Product inquiry,Product compatibility,Closed,Critical,Social media,09:18:00,04:08:00,3
2467,Suzanne Johnson,meghan62@example.net,68,Other,Xbox,2020-12-18,Billing inquiry,Installation support,Closed,Medium,Social media,04:39:00,18:26:00,1
2468,Jesus Hebert,jessica75@example.com,66,Other,Google Pixel,2020-11-27,Product inquiry,Delivery problem,Closed,Critical,Phone,03:05:00,01:02:00,3
2470,Lisa Davis,berryjack@example.org,62,Other,GoPro Action Camera,2020-01-05,Billing inquiry,Display issue,Closed,Critical,Chat,11:40:00,17:10:00,4
2471,Rebecca Choi,debra38@example.org,58,Male,LG OLED,2021-10-16,Cancellation request,Product setup,Closed,Low,Chat,04:18:00,15:43:00,1
2472,Matthew Fernandez,tanyastephens@example.org,59,Other,MacBook Pro,2020-10-17,Technical issue,Data loss,Closed,Medium,Email,23:18:00,01:25:00,3
2473,Stephanie Zamora,angelcastro@example.org,53,Female,LG Washing Machine,2021-10-19,Technical issue,Network problem,Closed,High,Social media,15:08:00,15:34:00,4
2474,Misty Bell,kayla05@example.net,53,Other,Samsung Galaxy,2021-11-29,Technical issue,Installation support,Closed,Medium,Phone,07:55:00,18:11:00,4
2475,Cynthia Lopez,wwinters@example.com,29,Female,Amazon Echo,2020-07-24,Refund request,Peripheral compatibility,Pending Customer Response,High,Social media,06:05:00,,
2477,Max Dawson,brandymorgan@example.net,54,Other,Xbox,2020-04-19,Refund request,Installation support,Closed,High,Email,04:00:00,21:56:00,2
2478,Morgan Morales,cflowers@example.net,61,Male,Sony PlayStation,2021-04-28,Technical issue,Account access,Pending Customer Response,Low,Chat,07:20:00,,
2479,Michael Hardin,gperry@example.org,21,Female,LG Smart TV,2021-05-17,Technical issue,Product compatibility,Closed,Medium,Social media,01:44:00,06:23:00,3
2480,Daniel Deleon,dana27@example.net,37,Female,Adobe Photoshop,2020-04-12,Product inquiry,Peripheral compatibility,Pending Customer Response,Low,Phone,01:02:00,,
2482,Michael Kelly,morrisjeff@example.com,56,Other,Samsung Soundbar,2021-03-07,Product inquiry,Data loss,Pending Customer Response,Critical,Phone,05:54:00,,
2483,Tracy Baldwin,tanya25@example.com,26,Other,GoPro Hero,2020-08-01,Refund request,Installation support,Pending Customer Response,Critical,Chat,08:44:00,,
2484,Marc Harvey,eric45@example.net,51,Other,Bose SoundLink Speaker,2021-12-26,Technical issue,Software bug,Pending Customer Response,Medium,Social media,11:28:00,,
2485,Monica White,lawrencecharles@example.com,28,Male,GoPro Hero,2021-07-30,Refund request,Payment issue,Pending Customer Response,Medium,Email,12:57:00,,
2486,Robert Palmer,williamsjonathan@example.com,54,Female,Dyson Vacuum Cleaner,2021-10-20,Technical issue,Payment issue,Closed,High,Social media,04:02:00,07:44:00,2
2488,Sara Thomas,carlos79@example.org,20,Female,LG Smart TV,2020-08-02,Product inquiry,Network problem,Closed,Low,Social media,17:27:00,02:30:00,4
2489,Elizabeth Fisher,justinperez@example.org,30,Female,Adobe Photoshop,2020-12-16,Cancellation request,Battery life,Closed,Critical,Email,14:01:00,01:18:00,1
2490,Kenneth Jones,sgonzalez@example.net,58,Male,LG Washing Machine,2020-01-06,Cancellation request,Peripheral compatibility,Pending Customer Response,Critical,Social media,13:45:00,,
2491,Leah Clark,jonesvalerie@example.net,19,Male,Bose QuietComfort,2020-10-29,Product inquiry,Refund request,Pending Customer Response,High,Social media,03:56:00,,
2492,Becky Ortiz,javier44@example.com,39,Female,Amazon Kindle,2020-07-15,Technical issue,Battery life,Closed,Medium,Email,17:56:00,05:50:00,1
2493,Travis Ellis,toniward@example.net,35,Female,Microsoft Office,2020-06-27,Billing inquiry,Product compatibility,Closed,Critical,Email,01:20:00,17:00:00,2
2495,David Garcia,brettgarcia@example.com,49,Male,Google Nest,2021-05-25,Cancellation request,Delivery problem,Pending Customer Response,Critical,Phone,20:19:00,,
2496,Elizabeth Lopez,rileyjordan@example.com,55,Male,GoPro Hero,2020-12-05,Refund request,Data loss,Pending Customer Response,Low,Social media,22:44:00,,
2497,Shannon Chase,whitejimmy@example.org,47,Male,Nintendo Switch,2021-04-18,Technical issue,Software bug,Pending Customer Response,Medium,Social media,12:10:00,,
2498,Jim Nunez,riveramichael@example.com,59,Other,Dell XPS,2020-07-22,Cancellation request,Hardware issue,Pending Customer Response,Low,Chat,04:28:00,,
2499,Jennifer Sanders,thompsondavid@example.org,63,Other,Sony 4K HDR TV,2020-10-25,Billing inquiry,Display issue,Pending Customer Response,Medium,Social media,13:51:00,,
2502,Peggy Clark,lisawhite@example.com,54,Female,MacBook Pro,2020-05-22,Product inquiry,Cancellation request,Pending Customer Response,Low,Email,10:18:00,,
2504,Dawn Compton,fdavis@example.net,51,Other,Garmin Forerunner,2021-05-17,Technical issue,Display issue,Pending Customer Response,Low,Email,04:21:00,,
2506,Glen Luna,joshuaturner@example.net,65,Other,Sony PlayStation,2021-01-08,Billing inquiry,Product recommendation,Pending Customer Response,High,Social media,21:16:00,,
2507,Isaac Jones,jdavis@example.org,24,Male,Apple AirPods,2021-10-28,Refund request,Network problem,Closed,High,Chat,01:53:00,20:23:00,3
2512,Summer Robinson,jpittman@example.org,68,Other,Nintendo Switch,2021-12-12,Refund request,Account access,Pending Customer Response,Low,Email,04:53:00,,
2514,Cesar Sims,markdonaldson@example.org,47,Female,Microsoft Xbox Controller,2020-05-09,Product inquiry,Product recommendation,Pending Customer Response,Medium,Phone,22:14:00,,
2515,Nancy Castro,bmartinez@example.net,40,Female,Samsung Soundbar,2020-02-15,Technical issue,Payment issue,Pending Customer Response,High,Chat,15:50:00,,
2516,Mark Chapman,sjackson@example.com,32,Other,MacBook Pro,2020-04-08,Cancellation request,Account access,Pending Customer Response,Low,Social media,09:57:00,,
2517,Michelle Bauer,stephanie90@example.com,42,Female,Amazon Kindle,2021-12-10,Technical issue,Hardware issue,Closed,Low,Phone,16:52:00,15:51:00,1
2518,Jason Mercado,kurt94@example.net,36,Male,Nest Thermostat,2021-09-04,Cancellation request,Product setup,Closed,Medium,Social media,13:24:00,05:09:00,3
2520,Linda Dixon,lindamoore@example.net,50,Male,Samsung Galaxy,2020-04-10,Technical issue,Product setup,Pending Customer Response,Critical,Phone,08:10:00,,
2521,Jocelyn Morris,michael66@example.org,41,Male,Microsoft Xbox Controller,2020-04-18,Cancellation request,Cancellation request,Pending Customer Response,Low,Phone,09:04:00,,
2522,Theodore Banks MD,obrienlaura@example.org,19,Other,PlayStation,2020-11-18,Product inquiry,Product setup,Pending Customer Response,Medium,Chat,08:31:00,,
2523,Joshua Smith,samantha74@example.org,32,Male,Nikon D,2021-12-11,Technical issue,Product setup,Closed,Low,Email,10:31:00,20:44:00,4
2524,Lauren Johnson,gibsoncarl@example.org,48,Male,Sony Xperia,2021-12-17,Product inquiry,Product compatibility,Pending Customer Response,Medium,Chat,15:36:00,,
2525,Monique Miller,jackrodriguez@example.com,40,Female,Autodesk AutoCAD,2021-10-19,Product inquiry,Delivery problem,Pending Customer Response,High,Chat,02:40:00,,
2527,Sherri Murphy,juarezrandy@example.org,65,Male,Sony PlayStation,2021-05-04,Billing inquiry,Product recommendation,Pending Customer Response,Medium,Email,15:05:00,,
2528,Thomas Harris,sarah55@example.net,27,Other,Bose QuietComfort,2021-12-06,Refund request,Delivery problem,Pending Customer Response,Low,Chat,12:59:00,,
2529,Jill Williams,tony76@example.org,36,Female,GoPro Hero,2021-12-12,Refund request,Refund request,Pending Customer Response,Medium,Chat,11:09:00,,
2530,Michelle Pratt,scottbrennan@example.com,21,Female,Google Nest,2020-01-08,Billing inquiry,Data loss,Closed,Critical,Social media,18:54:00,20:25:00,1
2532,Jessica Lee,flewis@example.org,67,Other,Philips Hue Lights,2021-04-17,Technical issue,Payment issue,Closed,Critical,Chat,02:59:00,03:27:00,5
2534,Adrian Morris,harrisjason@example.net,50,Other,Google Nest,2021-07-20,Billing inquiry,Delivery problem,Closed,Low,Social media,15:04:00,17:17:00,1
2536,Daniel Young,vaughanchristopher@example.org,38,Female,Nintendo Switch Pro Controller,2020-07-02,Cancellation request,Battery life,Closed,Critical,Phone,07:46:00,04:57:00,4
2538,Lance Chavez,hmcdonald@example.org,43,Other,PlayStation,2020-11-01,Refund request,Data loss,Pending Customer Response,High,Social media,20:18:00,,
2540,Wanda Orr,teresaevans@example.org,59,Male,Nintendo Switch Pro Controller,2020-01-13,Billing inquiry,Product compatibility,Closed,Critical,Phone,00:10:00,22:51:00,4
2541,Thomas Stone,melissa31@example.org,57,Female,Microsoft Surface,2021-01-23,Technical issue,Product compatibility,Closed,Low,Phone,05:03:00,03:04:00,4
2542,Amy Jacobs,qadams@example.net,48,Other,Google Pixel,2020-12-23,Technical issue,Refund request,Pending Customer Response,High,Social media,20:26:00,,
2543,Sheila Farrell,carterdestiny@example.net,51,Male,LG Smart TV,2021-01-06,Cancellation request,Software bug,Pending Customer Response,Medium,Email,18:04:00,,
2544,Jacob Key,steven13@example.com,66,Male,Sony 4K HDR TV,2021-01-16,Billing inquiry,Peripheral compatibility,Pending Customer Response,Medium,Phone,07:25:00,,
2545,Robin Daugherty,jessica86@example.net,63,Female,Canon EOS,2021-06-28,Product inquiry,Account access,Closed,Critical,Phone,17:13:00,06:36:00,2
2546,John Robinson,kimberlymartin@example.org,67,Other,Nintendo Switch Pro Controller,2021-05-24,Technical issue,Data loss,Pending Customer Response,Medium,Email,22:55:00,,
2548,Terri Howard,cbrown@example.net,48,Female,Adobe Photoshop,2020-05-08,Product inquiry,Display issue,Closed,High,Phone,15:04:00,13:23:00,3
2549,Jennifer Massey,ojohnson@example.com,38,Other,Samsung Galaxy,2021-12-06,Refund request,Network problem,Closed,Low,Email,01:00:00,10:09:00,5
2551,Brittany Rios,bryantjessica@example.com,53,Male,Sony 4K HDR TV,2021-07-02,Product inquiry,Product compatibility,Pending Customer Response,Low,Chat,02:42:00,,
2552,Daniel Harris,apaul@example.com,65,Other,Google Pixel,2020-10-01,Technical issue,Hardware issue,Pending Customer Response,Critical,Email,09:18:00,,
2554,Stacy Thomas,royjeanette@example.org,51,Male,GoPro Hero,2021-04-21,Refund request,Hardware issue,Pending Customer Response,Critical,Email,20:29:00,,
2555,Vicki Lopez,egross@example.org,51,Other,iPhone,2020-07-09,Billing inquiry,Installation support,Closed,Critical,Phone,21:09:00,10:20:00,5
2556,Elizabeth Schmitt,christopher42@example.net,47,Female,Microsoft Surface,2021-02-26,Product inquiry,Cancellation request,Closed,High,Chat,02:39:00,01:22:00,5
2557,Grant Shaw MD,jacksondaniel@example.com,35,Female,Roomba Robot Vacuum,2021-11-28,Technical issue,Installation support,Closed,High,Phone,16:40:00,06:34:00,3
2558,Reginald Diaz,vallen@example.com,50,Male,Sony PlayStation,2021-11-13,Billing inquiry,Delivery problem,Pending Customer Response,Critical,Phone,07:15:00,,
2560,Kyle Moss,aharmon@example.com,53,Male,Xbox,2021-08-12,Cancellation request,Battery life,Pending Customer Response,Critical,Phone,06:01:00,,
2561,Christine Cain,cmay@example.com,23,Male,Sony 4K HDR TV,2021-05-08,Product inquiry,Product recommendation,Pending Customer Response,Medium,Email,11:50:00,,
2562,Alexandria Knight,matthew99@example.org,37,Male,Adobe Photoshop,2021-12-08,Product inquiry,Payment issue,Pending Customer Response,Low,Social media,23:38:00,,
2563,Bonnie Morris,anthonywest@example.org,50,Other,Dell XPS,2021-04-30,Refund request,Product setup,Pending Customer Response,Low,Email,11:22:00,,
2566,Donna Wright,sarah55@example.org,30,Male,Nintendo Switch Pro Controller,2020-11-25,Cancellation request,Hardware issue,Pending Customer Response,Low,Chat,08:06:00,,
2568,Amy Ellis,maria50@example.net,63,Male,Nintendo Switch Pro Controller,2021-06-29,Product inquiry,Delivery problem,Closed,High,Phone,02:23:00,01:46:00,1
2570,Troy Hall,lisarocha@example.net,51,Male,Fitbit Charge,2020-04-25,Refund request,Software bug,Pending Customer Response,High,Phone,11:31:00,,
2571,Scott Dennis,nclark@example.com,41,Female,iPhone,2021-04-17,Refund request,Data loss,Pending Customer Response,High,Social media,14:06:00,,
2572,Kenneth Brown,schmidtwilliam@example.net,31,Female,Sony 4K HDR TV,2020-07-25,Cancellation request,Delivery problem,Pending Customer Response,Medium,Phone,17:37:00,,
2574,Brian Bell,hamiltonkatie@example.com,50,Female,LG OLED,2021-12-05,Refund request,Product setup,Closed,Critical,Email,02:24:00,10:16:00,1
2576,Leslie Mcfarland,smithjoan@example.com,29,Male,PlayStation,2021-11-07,Cancellation request,Network problem,Closed,High,Chat,07:01:00,05:25:00,4
2578,Eric Howell,cmiranda@example.net,32,Female,Amazon Echo,2020-06-10,Refund request,Battery life,Pending Customer Response,Low,Phone,03:50:00,,
2579,Paul Sullivan,katherine04@example.net,34,Female,Google Pixel,2021-05-09,Cancellation request,Account access,Pending Customer Response,High,Social media,18:04:00,,
2580,Christopher Chung,michellehowell@example.org,48,Other,Sony PlayStation,2021-07-15,Technical issue,Data loss,Closed,Medium,Chat,18:26:00,05:12:00,3
2581,Brett Brown,hayesfelicia@example.net,19,Male,LG Smart TV,2020-05-20,Refund request,Payment issue,Pending Customer Response,Critical,Chat,22:18:00,,
2584,Charles Johnson,shannonjohnson@example.org,63,Female,Google Nest,2021-02-19,Technical issue,Installation support,Pending Customer Response,High,Chat,19:00:00,,
2587,Michael Oliver,nfernandez@example.com,62,Male,LG Washing Machine,2020-03-18,Refund request,Product setup,Closed,Medium,Social media,11:47:00,17:34:00,5
2588,Kenneth Bryant Jr.,wsanchez@example.com,46,Female,Canon DSLR Camera,2020-09-13,Refund request,Delivery problem,Closed,Low,Chat,10:28:00,07:05:00,5
2589,Michael Cole,lopezdenise@example.net,20,Female,Sony Xperia,2020-06-13,Refund request,Software bug,Closed,Low,Chat,11:35:00,06:51:00,2
2590,Valerie Jackson,valeriemiller@example.net,40,Female,Bose SoundLink Speaker,2020-01-10,Product inquiry,Refund request,Closed,Medium,Email,02:45:00,15:31:00,4
2591,Dr. Alicia Williams,smithbrandon@example.com,36,Female,Sony Xperia,2020-05-23,Product inquiry,Product compatibility,Closed,Low,Phone,04:06:00,00:52:00,3
2592,Gregory Leon,christina33@example.org,61,Female,LG Smart TV,2021-06-07,Technical issue,Account access,Pending Customer Response,Low,Social media,04:10:00,,
2593,Chad Vazquez,bradleyjackson@example.com,38,Other,Nintendo Switch Pro Controller,2020-07-12,Refund request,Data loss,Pending Customer Response,Low,Chat,08:03:00,,
2594,Emily Townsend,johnnyyoung@example.com,20,Other,HP Pavilion,2020-12-24,Product inquiry,Installation support,Pending Customer Response,Low,Email,12:38:00,,
2596,Stacey Burns,courtneyjones@example.org,66,Other,Roomba Robot Vacuum,2021-09-03,Refund request,Peripheral compatibility,Pending Customer Response,High,Chat,02:09:00,,
2597,Dr. Katelyn Gonzalez PhD,ilee@example.net,70,Male,Bose QuietComfort,2020-07-28,Cancellation request,Network problem,Closed,Low,Email,02:02:00,08:57:00,1
2598,Susan Morrow,gmurray@example.com,25,Female,Nintendo Switch Pro Controller,2020-02-18,Billing inquiry,Display issue,Pending Customer Response,Critical,Phone,22:11:00,,
2600,Elizabeth Mcmahon,karenharris@example.com,32,Male,Nintendo Switch,2021-02-05,Billing inquiry,Payment issue,Pending Customer Response,Medium,Email,04:12:00,,
2602,Justin Barnes,floresbethany@example.net,32,Other,Nikon D,2021-11-24,Product inquiry,Peripheral compatibility,Pending Customer Response,Medium,Phone,13:07:00,,
2603,Laura Evans,rangelshelley@example.net,27,Other,PlayStation,2020-12-23,Cancellation request,Refund request,Pending Customer Response,Medium,Social media,21:07:00,,
2605,Crystal Lewis,michaelkennedy@example.com,33,Other,Adobe Photoshop,2020-02-16,Technical issue,Product compatibility,Pending Customer Response,Critical,Social media,19:30:00,,
2606,Jason Hernandez,carolyn66@example.net,42,Male,Nintendo Switch,2021-01-30,Product inquiry,Account access,Pending Customer Response,Low,Phone,03:58:00,,
2607,Dalton Forbes,shelleywalker@example.org,60,Female,Lenovo ThinkPad,2021-01-24,Cancellation request,Data loss,Pending Customer Response,Critical,Email,04:44:00,,
2608,Allison Knapp,lcarter@example.net,57,Male,Nest Thermostat,2020-03-12,Refund request,Installation support,Closed,Low,Email,10:59:00,19:53:00,3
2609,Nicholas Mccormick,joanna37@example.com,27,Male,Autodesk AutoCAD,2020-05-26,Refund request,Product recommendation,Pending Customer Response,Low,Phone,14:40:00,,
2610,John Mccullough,klove@example.org,41,Other,Dell XPS,2020-08-09,Cancellation request,Display issue,Closed,Low,Social media,04:29:00,10:15:00,4
2612,Ronnie Stewart,caleb52@example.com,64,Other,Amazon Echo,2020-04-06,Billing inquiry,Data loss,Closed,High,Chat,22:37:00,22:01:00,1
2613,Leslie Lambert,yromero@example.org,44,Other,Dyson Vacuum Cleaner,2020-04-19,Billing inquiry,Software bug,Closed,Critical,Email,04:36:00,02:47:00,2
2615,Cory Soto,michael59@example.org,54,Male,Dyson Vacuum Cleaner,2020-09-18,Product inquiry,Data loss,Pending Customer Response,High,Social media,21:37:00,,
2618,George Romero,emily67@example.org,38,Male,Amazon Echo,2021-10-20,Cancellation request,Payment issue,Pending Customer Response,Critical,Social media,17:30:00,,
2619,Michael Wilson,jennifer03@example.net,59,Other,Xbox,2020-01-19,Billing inquiry,Account access,Closed,Critical,Email,21:37:00,04:22:00,3
2620,Mary Glenn,joshuaclark@example.org,67,Female,Samsung Galaxy,2020-11-24,Billing inquiry,Product setup,Pending Customer Response,Critical,Social media,00:59:00,,
2622,Jeremy Mccoy,rogerosborn@example.com,29,Other,Nintendo Switch Pro Controller,2021-04-28,Product inquiry,Product setup,Closed,Low,Phone,19:09:00,09:01:00,5
2624,Alexis Warren,anthonyharmon@example.net,32,Female,Samsung Galaxy,2020-09-26,Cancellation request,Account access,Pending Customer Response,Low,Email,17:46:00,,
2625,Elizabeth Harris,castanedaamanda@example.org,51,Male,Nikon D,2021-06-02,Billing inquiry,Cancellation request,Pending Customer Response,Critical,Chat,18:00:00,,
2627,Thomas Mitchell,clarktoni@example.net,68,Male,Garmin Forerunner,2020-08-31,Refund request,Peripheral compatibility,Pending Customer Response,High,Email,12:45:00,,
2628,Neil Hart,jason32@example.com,51,Female,Bose QuietComfort,2021-03-02,Technical issue,Installation support,Pending Customer Response,Low,Email,09:25:00,,
2629,Brian Davis,angela74@example.org,66,Female,Garmin Forerunner,2021-11-16,Refund request,Delivery problem,Closed,High,Phone,17:57:00,01:18:00,2
2630,Teresa Baker,tmiller@example.org,69,Female,Adobe Photoshop,2020-12-08,Billing inquiry,Cancellation request,Closed,Critical,Chat,14:13:00,18:47:00,5
2631,Rodney Butler,coxaustin@example.net,45,Other,Asus ROG,2021-04-28,Product inquiry,Display issue,Closed,High,Chat,20:31:00,12:10:00,3
2632,Bryan Wells,robinsonjill@example.net,66,Female,MacBook Pro,2020-01-26,Technical issue,Account access,Pending Customer Response,High,Phone,08:53:00,,
2637,Tina Payne,justin61@example.com,64,Other,MacBook Pro,2020-12-20,Billing inquiry,Delivery problem,Closed,Medium,Social media,22:03:00,12:20:00,3
2638,Robert Tran,hernandeztravis@example.org,55,Female,Samsung Galaxy,2021-06-25,Refund request,Display issue,Closed,Low,Social media,17:22:00,15:54:00,2
2639,Brad Pollard,michaelstewart@example.com,51,Other,Amazon Echo,2020-05-16,Refund request,Installation support,Closed,Critical,Email,01:48:00,17:39:00,1
2643,Ashley Mason,anthony43@example.com,25,Other,Samsung Soundbar,2020-11-10,Product inquiry,Refund request,Pending Customer Response,Low,Chat,16:01:00,,
2644,Eric Stein,cacevedo@example.net,46,Other,Bose SoundLink Speaker,2021-08-03,Billing inquiry,Installation support,Closed,High,Chat,08:14:00,04:17:00,3
2645,Russell Solis,jason56@example.org,31,Male,Garmin Forerunner,2021-02-05,Product inquiry,Account access,Closed,Medium,Social media,18:15:00,18:45:00,1
2646,Cynthia Martin,alexandracollins@example.org,62,Male,Samsung Soundbar,2020-12-11,Product inquiry,Peripheral compatibility,Closed,Low,Social media,18:59:00,22:25:00,3
2648,Douglas Cortez,jamesrollins@example.net,65,Male,LG Smart TV,2020-01-29,Refund request,Peripheral compatibility,Pending Customer Response,Medium,Chat,10:27:00,,
2649,Lauren White,hclark@example.org,31,Female,Amazon Echo,2021-11-04,Billing inquiry,Hardware issue,Closed,Low,Social media,23:25:00,21:43:00,4
2650,Kim Wilson,imays@example.org,31,Male,Google Pixel,2021-01-03,Product inquiry,Product recommendation,Closed,High,Social media,06:59:00,19:31:00,3
2651,David Coleman,ambersanchez@example.org,32,Male,Fitbit Versa Smartwatch,2021-09-13,Refund request,Product setup,Closed,Critical,Phone,12:03:00,02:10:00,1
2652,James Burton,ibaird@example.com,36,Male,Nintendo Switch,2020-05-10,Refund request,Battery life,Closed,Critical,Email,22:20:00,18:55:00,3
2654,William Long,brettortega@example.net,36,Male,Nikon D,2020-04-14,Refund request,Peripheral compatibility,Pending Customer Response,High,Email,13:01:00,,
2656,Michael Gutierrez,michaeldavis@example.net,28,Male,Microsoft Surface,2020-01-01,Cancellation request,Battery life,Pending Customer Response,Low,Email,16:34:00,,
2657,Amber Gentry,hurleyrebecca@example.org,18,Male,Amazon Echo,2021-11-13,Refund request,Cancellation request,Closed,Medium,Email,00:28:00,02:48:00,5
2658,Katrina Crawford,dgeorge@example.com,63,Female,Microsoft Xbox Controller,2021-04-05,Billing inquiry,Payment issue,Pending Customer Response,Low,Email,22:38:00,,
2660,Rita Weiss,jacksonadam@example.com,61,Male,Nintendo Switch,2021-11-24,Product inquiry,Product recommendation,Pending Customer Response,Low,Social media,22:11:00,,
2661,Patrick Preston,dillonsteven@example.com,28,Male,Xbox,2021-04-21,Technical issue,Installation support,Closed,High,Phone,18:47:00,22:51:00,4
2662,Melissa Jordan,brandon35@example.org,51,Male,Microsoft Surface,2020-02-06,Cancellation request,Installation support,Closed,Low,Phone,09:06:00,12:34:00,3
2663,Luke Brooks MD,james29@example.com,28,Female,Fitbit Charge,2021-09-01,Technical issue,Product setup,Pending Customer Response,Low,Email,02:36:00,,
2665,Trevor Mendez,williampage@example.com,46,Female,Bose QuietComfort,2020-11-22,Technical issue,Cancellation request,Pending Customer Response,High,Social media,15:01:00,,
2666,Lori Smith,fischermark@example.org,56,Other,Sony PlayStation,2021-05-23,Cancellation request,Product compatibility,Pending Customer Response,Medium,Email,14:35:00,,
2670,Timothy James,cathybarry@example.com,50,Female,LG OLED,2020-07-21,Technical issue,Account access,Pending Customer Response,Critical,Chat,23:20:00,,
2671,Robert Williams,lschmitt@example.net,57,Male,Nintendo Switch,2021-11-03,Cancellation request,Refund request,Closed,Medium,Phone,03:23:00,01:39:00,2
2672,Christopher Compton,yvonne90@example.org,45,Other,Nest Thermostat,2021-06-03,Product inquiry,Product compatibility,Pending Customer Response,Medium,Chat,15:22:00,,
2673,Jessica Webster,bwagner@example.org,59,Female,Canon DSLR Camera,2020-04-03,Refund request,Battery life,Pending Customer Response,Low,Social media,16:50:00,,
2674,Carla Thomas,michaelrusso@example.com,62,Male,Garmin Forerunner,2020-08-13,Refund request,Product compatibility,Closed,Medium,Phone,08:32:00,01:04:00,1
2675,Eileen May,jeffreyperez@example.com,52,Other,Google Nest,2020-04-05,Technical issue,Battery life,Pending Customer Response,Critical,Chat,07:59:00,,
2679,Dominique Heath,allisonjason@example.com,69,Other,iPhone,2021-06-28,Technical issue,Product compatibility,Closed,Critical,Email,23:12:00,13:59:00,3
2680,Benjamin Silva,benjaminjim@example.org,63,Other,Nest Thermostat,2020-11-12,Product inquiry,Display issue,Closed,Low,Email,09:06:00,19:18:00,3
2682,Mike Stewart,gregory50@example.net,34,Male,LG Smart TV,2021-09-02,Product inquiry,Network problem,Pending Customer Response,Critical,Email,22:02:00,,
2683,Tracy Duncan,amandacooper@example.org,30,Male,Roomba Robot Vacuum,2020-10-03,Product inquiry,Product setup,Closed,Medium,Chat,05:54:00,09:07:00,2
2684,Donald Anderson,xcummings@example.org,34,Other,Fitbit Versa Smartwatch,2021-06-19,Billing inquiry,Hardware issue,Closed,Critical,Social media,09:19:00,03:19:00,4
2687,Timothy Hogan,joelgreen@example.net,67,Male,Bose SoundLink Speaker,2021-03-02,Billing inquiry,Delivery problem,Closed,High,Email,09:44:00,06:43:00,2
2688,Douglas Marshall,frankcopeland@example.net,32,Female,Autodesk AutoCAD,2021-05-23,Billing inquiry,Data loss,Pending Customer Response,High,Chat,18:20:00,,
2693,Jennifer Valenzuela,jennifer82@example.com,47,Male,LG Smart TV,2021-12-15,Technical issue,Battery life,Pending Customer Response,High,Phone,04:31:00,,
2694,Christina Kim,jonesmelissa@example.net,47,Female,Garmin Forerunner,2020-10-19,Cancellation request,Data loss,Pending Customer Response,Medium,Chat,23:22:00,,
2695,David Jones Jr.,robertstiffany@example.org,48,Female,Canon EOS,2020-01-17,Refund request,Battery life,Pending Customer Response,High,Email,20:02:00,,
2696,Andres Cabrera,pryan@example.net,18,Male,Microsoft Office,2020-04-12,Cancellation request,Payment issue,Closed,Medium,Email,14:48:00,17:04:00,2
2698,Troy Elliott,ccarlson@example.net,25,Female,LG OLED,2020-02-05,Product inquiry,Installation support,Pending Customer Response,Critical,Social media,06:30:00,,
2699,Tammy Orozco,harrisrichard@example.net,28,Female,Microsoft Surface,2021-02-08,Product inquiry,Battery life,Closed,Low,Phone,12:54:00,23:08:00,2
2701,Sean Lyons,scott90@example.org,63,Female,Amazon Kindle,2021-07-22,Technical issue,Delivery problem,Closed,Critical,Social media,03:02:00,13:34:00,1
2702,Erica Chambers,pearsonjanice@example.com,44,Male,PlayStation,2020-07-20,Product inquiry,Payment issue,Closed,Critical,Chat,21:23:00,05:46:00,3
2703,Leah Baker,yjackson@example.com,39,Male,Fitbit Versa Smartwatch,2020-07-01,Product inquiry,Peripheral compatibility,Closed,Critical,Phone,22:03:00,15:28:00,5
2704,Andrea Cruz,lawsonkevin@example.com,62,Male,Apple AirPods,2021-10-03,Billing inquiry,Peripheral compatibility,Pending Customer Response,High,Social media,20:32:00,,
2705,Stephen Hicks,wdunn@example.com,29,Female,iPhone,2020-10-28,Cancellation request,Display issue,Closed,Low,Phone,01:34:00,05:36:00,4
2707,Angel Porter,hebertjohnathan@example.net,61,Female,Xbox,2020-11-19,Cancellation request,Refund request,Pending Customer Response,Medium,Email,16:51:00,,
2710,Erin Coleman,mlopez@example.com,69,Male,Sony Xperia,2020-12-08,Cancellation request,Product setup,Pending Customer Response,Critical,Social media,13:16:00,,
2711,Christopher Shelton,briana26@example.net,70,Female,Nest Thermostat,2021-10-15,Technical issue,Payment issue,Pending Customer Response,High,Chat,18:27:00,,
2712,Kathryn Lowe,rbarrera@example.com,53,Other,Google Nest,2020-04-16,Billing inquiry,Product setup,Closed,Medium,Chat,18:01:00,15:39:00,3
2715,Theresa Lopez,marissawilliamson@example.com,52,Female,Garmin Forerunner,2020-02-12,Technical issue,Software bug,Pending Customer Response,Medium,Social media,14:09:00,,
2716,Joseph Brown,seanclark@example.org,27,Female,PlayStation,2020-08-01,Technical issue,Product recommendation,Closed,Low,Email,23:04:00,21:41:00,3
2717,Christopher Patrick,kennethjones@example.org,44,Male,HP Pavilion,2021-10-27,Product inquiry,Peripheral compatibility,Pending Customer Response,High,Email,00:00:00,,
2718,Kristen Lawrence,cwerner@example.com,19,Female,Philips Hue Lights,2021-07-23,Cancellation request,Battery life,Closed,Critical,Social media,03:57:00,08:19:00,5
2721,Melissa Sanchez,taylormccormick@example.com,33,Female,LG Smart TV,2021-02-11,Product inquiry,Delivery problem,Pending Customer Response,Low,Email,00:31:00,,
2723,Emma Cruz,holtdiana@example.net,41,Other,MacBook Pro,2020-02-05,Billing inquiry,Product compatibility,Pending Customer Response,Low,Phone,14:38:00,,
2726,Brandon May,careyjay@example.com,70,Other,Philips Hue Lights,2020-12-10,Technical issue,Refund request,Pending Customer Response,Medium,Chat,11:59:00,,
2727,Ashley Hall,christinahicks@example.com,20,Female,Microsoft Surface,2021-12-27,Product inquiry,Payment issue,Closed,Medium,Phone,14:36:00,00:38:00,4
2729,Robert Arnold,rosalesbarbara@example.net,19,Other,Xbox,2020-08-26,Product inquiry,Refund request,Closed,High,Chat,16:39:00,03:10:00,3
2730,Eddie Reed,whitegregory@example.com,28,Other,Bose QuietComfort,2021-01-09,Billing inquiry,Data loss,Closed,Low,Email,22:26:00,10:47:00,3
2731,Laura Hernandez,emilymiles@example.org,43,Female,Adobe Photoshop,2020-11-27,Cancellation request,Payment issue,Pending Customer Response,Critical,Phone,17:27:00,,
2732,James Evans,charleneoconnor@example.com,24,Female,Microsoft Surface,2020-06-17,Refund request,Peripheral compatibility,Pending Customer Response,Medium,Phone,22:44:00,,
2734,Brittany Gomez,andrew86@example.net,30,Male,Philips Hue Lights,2020-05-20,Billing inquiry,Cancellation request,Closed,High,Chat,07:11:00,19:42:00,1
2735,Karen Woods,wgraves@example.net,31,Male,Bose SoundLink Speaker,2020-06-07,Cancellation request,Account access,Pending Customer Response,High,Phone,01:21:00,,
2736,Jillian Fletcher,francisco96@example.net,46,Female,PlayStation,2020-06-19,Product inquiry,Software bug,Pending Customer Response,Low,Chat,03:45:00,,
2737,Tracy Stanton,ksteele@example.net,65,Other,Sony PlayStation,2020-01-21,Product inquiry,Delivery problem,Closed,Low,Email,19:51:00,19:51:00,2
2739,Kevin Hunter,joyce48@example.net,70,Female,Dyson Vacuum Cleaner,2020-07-11,Cancellation request,Delivery problem,Closed,Low,Chat,16:51:00,17:04:00,5
2740,Johnny Mitchell,cooperrobert@example.net,28,Female,Bose QuietComfort,2020-12-08,Billing inquiry,Network problem,Closed,Medium,Email,15:13:00,16:13:00,2
2742,Brenda Kelly,lmiller@example.org,62,Female,Amazon Kindle,2021-02-26,Refund request,Software bug,Closed,Critical,Phone,22:14:00,08:26:00,1
2743,Jerome Wilson,vanessamcdaniel@example.net,64,Other,Fitbit Versa Smartwatch,2020-07-30,Product inquiry,Payment issue,Pending Customer Response,Critical,Phone,11:35:00,,
2744,Robert Wise,penningtonangela@example.net,32,Female,Microsoft Xbox Controller,2021-08-29,Technical issue,Product setup,Pending Customer Response,Low,Chat,22:02:00,,
2745,Amber Shaw,denise15@example.com,26,Female,Canon DSLR Camera,2020-01-28,Billing inquiry,Cancellation request,Pending Customer Response,Medium,Email,10:31:00,,
2746,Jimmy Mayo,david66@example.org,40,Male,Roomba Robot Vacuum,2020-07-26,Product inquiry,Product compatibility,Pending Customer Response,Critical,Phone,09:54:00,,
2747,Amy Harris,alexandra41@example.com,50,Other,Canon DSLR Camera,2020-07-27,Billing inquiry,Software bug,Pending Customer Response,Medium,Chat,03:12:00,,
2749,Tracey Torres,zavalaalexis@example.org,52,Male,Canon EOS,2020-08-10,Product inquiry,Product setup,Pending Customer Response,High,Email,14:00:00,,
2750,Trevor Smith,boydchristina@example.net,37,Male,Nintendo Switch,2021-10-26,Technical issue,Product recommendation,Pending Customer Response,Low,Chat,23:45:00,,
2751,Kimberly Griffin,werickson@example.net,55,Other,Canon EOS,2021-03-20,Refund request,Battery life,Pending Customer Response,Critical,Chat,05:35:00,,
2752,Nathaniel Bradley,kaylagallagher@example.org,33,Male,Garmin Forerunner,2020-02-21,Product inquiry,Product compatibility,Closed,Low,Chat,08:46:00,20:37:00,4
2753,Christopher Ellis,pagecheryl@example.com,44,Female,Philips Hue Lights,2020-11-20,Product inquiry,Account access,Closed,Medium,Email,12:42:00,16:06:00,1
2754,Kevin Vincent,smithdaniel@example.com,39,Male,Canon EOS,2020-04-28,Cancellation request,Hardware issue,Closed,Low,Email,23:17:00,17:52:00,1
2755,Christopher Romero,fredericksalazar@example.com,23,Female,Google Nest,2020-01-27,Refund request,Data loss,Closed,Critical,Social media,15:16:00,18:03:00,1
2756,Amy Rodriguez,clifford26@example.com,53,Female,LG OLED,2020-04-15,Billing inquiry,Battery life,Closed,High,Phone,03:12:00,01:14:00,5
2757,Jamie Jones,rdean@example.com,61,Male,Lenovo ThinkPad,2020-10-05,Product inquiry,Network problem,Pending Customer Response,Critical,Chat,17:18:00,,
2758,Katherine Mills,qrobinson@example.net,66,Other,Roomba Robot Vacuum,2020-05-08,Product inquiry,Account access,Pending Customer Response,Critical,Chat,06:48:00,,
2759,David Lewis,gary67@example.com,55,Male,Amazon Kindle,2020-03-14,Cancellation request,Product setup,Pending Customer Response,Medium,Email,05:31:00,,
2760,Stephanie Robertson,raymondramirez@example.com,22,Female,Apple AirPods,2020-09-26,Product inquiry,Account access,Closed,Medium,Email,07:26:00,09:02:00,1
2761,Rebecca Lamb,nbonilla@example.net,43,Other,Fitbit Versa Smartwatch,2020-05-02,Cancellation request,Network problem,Pending Customer Response,High,Chat,19:43:00,,
2762,Katie Anderson,emay@example.net,49,Male,Google Nest,2020-05-02,Billing inquiry,Account access,Pending Customer Response,Critical,Email,16:21:00,,
2763,Michael Sullivan,carlospatel@example.net,65,Male,Lenovo ThinkPad,2021-02-19,Technical issue,Refund request,Closed,High,Email,11:16:00,22:11:00,3
2764,Amanda Munoz,allenkelsey@example.com,19,Male,Philips Hue Lights,2020-06-11,Refund request,Installation support,Pending Customer Response,Critical,Phone,08:46:00,,
2765,Adrian Glover,pwalker@example.org,19,Male,Nintendo Switch Pro Controller,2021-06-26,Technical issue,Peripheral compatibility,Pending Customer Response,Low,Email,05:39:00,,
2766,Brandon Huber,wardnathan@example.org,18,Other,Google Nest,2020-11-10,Product inquiry,Account access,Pending Customer Response,Low,Chat,04:13:00,,
2767,Richard Flynn,kkelly@example.net,31,Female,LG OLED,2020-10-20,Product inquiry,Software bug,Closed,High,Phone,08:53:00,18:06:00,5
2768,Cindy Vega,sanfordjoshua@example.org,49,Male,GoPro Action Camera,2021-11-05,Product inquiry,Product compatibility,Pending Customer Response,Medium,Social media,12:05:00,,
2771,Lynn Brooks,martinezchristopher@example.net,22,Male,iPhone,2020-10-09,Billing inquiry,Installation support,Closed,Critical,Social media,03:36:00,14:00:00,3
2773,Vincent Thompson,kimberlylawrence@example.org,69,Other,Google Pixel,2021-01-25,Technical issue,Product recommendation,Closed,Critical,Phone,08:07:00,14:20:00,5
2774,Michael Murphy,lbrooks@example.org,58,Female,Bose SoundLink Speaker,2021-04-18,Product inquiry,Software bug,Closed,Low,Social media,07:50:00,18:02:00,3
2775,Sarah Mooney,johnsonisabel@example.com,34,Male,Microsoft Office,2021-07-26,Technical issue,Product recommendation,Pending Customer Response,High,Social media,07:47:00,,
2776,John Smith,ygarza@example.com,48,Other,Nintendo Switch Pro Controller,2021-03-25,Refund request,Battery life,Pending Customer Response,Low,Social media,05:52:00,,
2777,Dawn Tucker,timothy65@example.com,61,Male,Nintendo Switch,2021-01-30,Technical issue,Delivery problem,Pending Customer Response,Low,Phone,10:52:00,,
2779,Veronica Moreno,benjamin19@example.com,34,Male,Fitbit Charge,2021-02-13,Technical issue,Payment issue,Pending Customer Response,Low,Phone,06:06:00,,
2780,Victoria Green,rossthomas@example.org,41,Male,MacBook Pro,2020-06-06,Cancellation request,Software bug,Closed,Medium,Chat,17:04:00,20:51:00,3
2781,Gail Leach,kaitlyn24@example.org,41,Female,LG OLED,2021-03-12,Refund request,Cancellation request,Closed,High,Chat,00:46:00,18:26:00,5
2782,Renee Henry,deannagibbs@example.net,35,Female,Fitbit Charge,2021-10-26,Product inquiry,Account access,Pending Customer Response,Medium,Email,19:04:00,,
2784,David Flowers,scottdixon@example.org,48,Other,Adobe Photoshop,2021-11-12,Product inquiry,Product recommendation,Closed,High,Social media,01:45:00,16:34:00,5
2785,Leah Allen,vstewart@example.org,63,Other,Nintendo Switch Pro Controller,2020-03-19,Cancellation request,Account access,Pending Customer Response,High,Chat,19:35:00,,
2787,Tracy Young,patriciaherrera@example.net,52,Male,LG Washing Machine,2020-02-26,Product inquiry,Cancellation request,Pending Customer Response,Critical,Phone,05:17:00,,
2788,Joe Edwards,riddlematthew@example.org,67,Female,Dell XPS,2020-03-13,Product inquiry,Software bug,Closed,Critical,Email,16:20:00,05:39:00,2
2793,Amy Wilson,mark12@example.com,57,Male,Dell XPS,2020-10-03,Product inquiry,Payment issue,Pending Customer Response,Critical,Chat,14:11:00,,
2795,Dominique King,jessica95@example.com,26,Other,Dell XPS,2021-01-14,Cancellation request,Peripheral compatibility,Pending Customer Response,Medium,Chat,08:18:00,,
2796,Neil Davis,edwardsandrew@example.org,33,Other,Nikon D,2020-10-24,Technical issue,Hardware issue,Closed,High,Social media,19:52:00,10:25:00,5
2797,Yvonne Aguilar,kvasquez@example.org,50,Female,Dell XPS,2021-06-29,Billing inquiry,Account access,Pending Customer Response,Medium,Phone,05:53:00,,
2798,Linda Guzman,carlos11@example.com,57,Other,Microsoft Xbox Controller,2021-06-13,Product inquiry,Account access,Pending Customer Response,Low,Chat,18:41:00,,
2800,Jennifer White,michaelparker@example.org,70,Other,Canon EOS,2021-09-17,Billing inquiry,Battery life,Pending Customer Response,Low,Phone,14:40:00,,
2801,Joshua Thompson,cindy05@example.org,34,Male,Asus ROG,2021-11-20,Billing inquiry,Data loss,Closed,Low,Chat,07:20:00,15:07:00,4
2802,Melissa Blair,melissa99@example.com,66,Male,Adobe Photoshop,2020-01-08,Cancellation request,Peripheral compatibility,Closed,Critical,Email,22:30:00,12:43:00,5
2804,Cheryl Whitehead,stewartmackenzie@example.org,53,Male,Canon EOS,2020-09-01,Cancellation request,Delivery problem,Closed,Medium,Chat,03:33:00,10:32:00,4
2805,Brendan Barton,kendra89@example.net,35,Male,Lenovo ThinkPad,2020-08-18,Cancellation request,Software bug,Pending Customer Response,High,Phone,05:12:00,,
2806,Christian Medina,heidishepherd@example.org,60,Male,Bose SoundLink Speaker,2021-01-28,Product inquiry,Account access,Pending Customer Response,High,Social media,20:54:00,,
2807,Anne Stevenson,xphillips@example.net,52,Female,Microsoft Surface,2020-07-25,Product inquiry,Installation support,Pending Customer Response,Low,Phone,06:01:00,,
2808,Beth Chaney,leejulie@example.org,56,Other,MacBook Pro,2021-03-30,Technical issue,Hardware issue,Closed,Critical,Email,07:11:00,20:07:00,5
2809,Penny Maxwell,amclaughlin@example.com,49,Female,Philips Hue Lights,2021-04-21,Technical issue,Cancellation request,Closed,Critical,Email,17:01:00,18:41:00,5
2810,Jessica Harris,tbeck@example.org,54,Female,Nest Thermostat,2021-09-10,Product inquiry,Hardware issue,Closed,Low,Social media,10:18:00,14:32:00,3
2811,Michelle Roberts,kenneth43@example.com,34,Female,Canon EOS,2020-09-27,Cancellation request,Product recommendation,Closed,Critical,Social media,11:29:00,11:15:00,3
2812,Nicole Anderson,lhernandez@example.net,19,Female,Autodesk AutoCAD,2020-11-29,Technical issue,Product setup,Closed,Critical,Social media,07:17:00,14:10:00,3
2814,Patricia Clark,pguerrero@example.net,47,Male,GoPro Action Camera,2020-09-05,Refund request,Product recommendation,Pending Customer Response,Low,Email,17:52:00,,
2816,Kevin Joseph,kristinajohnson@example.com,64,Female,Amazon Kindle,2020-07-23,Billing inquiry,Cancellation request,Closed,High,Chat,15:30:00,01:42:00,1
2817,Karen Frank,ricardo06@example.com,25,Male,Sony PlayStation,2021-12-10,Cancellation request,Network problem,Pending Customer Response,Low,Email,16:04:00,,
2818,Terry Sims,zbarrera@example.com,70,Male,Nest Thermostat,2020-09-12,Product inquiry,Delivery problem,Closed,Low,Email,23:29:00,07:27:00,5
2819,Alan Vang,mark33@example.com,39,Male,Dyson Vacuum Cleaner,2020-04-03,Technical issue,Peripheral compatibility,Closed,Medium,Social media,15:10:00,18:40:00,3
2821,Troy Smith,wilsonsarah@example.org,56,Other,Sony Xperia,2021-10-18,Technical issue,Hardware issue,Closed,Critical,Phone,19:47:00,01:22:00,5
2823,William Gordon,mercadoalexander@example.net,52,Male,GoPro Hero,2021-01-09,Product inquiry,Product setup,Closed,Critical,Phone,02:08:00,06:04:00,2
2825,Maria Reed,uhale@example.org,44,Female,Autodesk AutoCAD,2021-05-16,Refund request,Hardware issue,Pending Customer Response,Medium,Social media,12:45:00,,
2829,William Norman,tdonaldson@example.org,39,Other,Amazon Echo,2021-08-28,Technical issue,Battery life,Closed,Medium,Chat,05:50:00,09:16:00,3
2830,Ricky Miller,colleenwilson@example.org,37,Other,Canon DSLR Camera,2020-05-14,Cancellation request,Product recommendation,Pending Customer Response,Low,Chat,00:05:00,,
2831,Ronald Rowe,mikaylanichols@example.com,42,Male,Google Nest,2021-12-19,Billing inquiry,Product setup,Pending Customer Response,Critical,Email,10:05:00,,
2833,Tracy Johnson,brandon11@example.com,56,Male,Canon EOS,2020-05-31,Technical issue,Software bug,Closed,Low,Phone,13:19:00,05:01:00,1
2834,Patricia Wade,michaeleverett@example.org,41,Female,Nintendo Switch Pro Controller,2021-05-25,Technical issue,Account access,Pending Customer Response,Medium,Chat,16:53:00,,
2836,Jennifer Solomon,adam62@example.org,57,Other,LG Smart TV,2021-08-01,Cancellation request,Display issue,Pending Customer Response,Medium,Phone,07:34:00,,
2837,Christopher Washington,bryantpatricia@example.net,65,Female,Apple AirPods,2020-05-07,Billing inquiry,Peripheral compatibility,Pending Customer Response,Medium,Chat,09:51:00,,
2838,Annette Gomez,banksmichael@example.com,50,Female,Amazon Echo,2021-10-29,Refund request,Refund request,Pending Customer Response,Low,Email,17:37:00,,
2839,Lisa Nolan,emmavalencia@example.org,52,Female,Canon DSLR Camera,2020-11-18,Billing inquiry,Payment issue,Closed,Medium,Phone,02:06:00,10:29:00,1
2840,Jason Hernandez,brandon56@example.org,32,Other,Fitbit Charge,2020-01-09,Cancellation request,Payment issue,Closed,High,Phone,12:44:00,05:38:00,4
2842,Tammie Oneill,reeddwayne@example.net,65,Male,Google Nest,2021-12-08,Cancellation request,Network problem,Closed,High,Chat,21:19:00,23:01:00,1
2843,Joshua Mcdaniel,jeffrey40@example.net,39,Male,Nintendo Switch Pro Controller,2021-09-13,Billing inquiry,Peripheral compatibility,Closed,Low,Phone,07:25:00,16:00:00,4
2844,Michael Pollard,rebecca46@example.net,18,Male,Microsoft Office,2021-06-03,Billing inquiry,Installation support,Pending Customer Response,Critical,Social media,22:34:00,,
2845,Joy Chavez,williamperkins@example.org,62,Other,Google Nest,2021-06-15,Technical issue,Product compatibility,Pending Customer Response,High,Email,03:22:00,,
2846,April Evans,bbrewer@example.net,37,Other,Canon EOS,2020-01-21,Technical issue,Delivery problem,Closed,High,Chat,03:27:00,08:19:00,1
2848,Ashley Gray,hcoleman@example.net,45,Female,Amazon Echo,2020-06-20,Technical issue,Account access,Closed,High,Chat,02:42:00,08:12:00,2
2849,Randy Jacobson,gordondominic@example.net,70,Male,GoPro Action Camera,2020-05-24,Refund request,Display issue,Pending Customer Response,High,Chat,09:22:00,,
2850,Amanda Hartman,ybradley@example.com,70,Other,Google Pixel,2020-08-28,Refund request,Cancellation request,Closed,Critical,Chat,18:09:00,19:23:00,3
2854,Jessica Dixon,vlee@example.com,44,Female,HP Pavilion,2021-02-19,Refund request,Product compatibility,Closed,Critical,Chat,08:46:00,03:29:00,2
2855,Sarah Robinson,jedwards@example.org,54,Female,Xbox,2021-03-03,Billing inquiry,Payment issue,Closed,High,Phone,19:42:00,03:30:00,5
2857,Rita Hughes,jamesthompson@example.net,27,Female,LG Washing Machine,2021-12-29,Technical issue,Data loss,Closed,High,Phone,05:56:00,21:11:00,1
2860,Ronald Harper,tylerreynolds@example.org,57,Other,Nikon D,2021-06-22,Technical issue,Product recommendation,Closed,High,Phone,15:46:00,09:48:00,5
2861,Christine Calderon,matthew23@example.net,42,Other,Nikon D,2021-02-16,Technical issue,Software bug,Pending Customer Response,High,Chat,09:17:00,,
2862,Sara Sullivan,zmccormick@example.net,55,Female,Sony Xperia,2021-08-13,Refund request,Network problem,Pending Customer Response,Low,Chat,21:41:00,,
2863,Julie Moore,wrightbrandon@example.com,22,Male,Dyson Vacuum Cleaner,2021-01-26,Cancellation request,Battery life,Closed,Medium,Phone,20:53:00,01:39:00,1
2865,Maurice Love,andersonerin@example.com,70,Other,Samsung Galaxy,2021-10-14,Billing inquiry,Network problem,Pending Customer Response,High,Email,07:08:00,,
2866,Melissa Arellano,peter08@example.net,40,Female,Sony Xperia,2021-02-05,Cancellation request,Hardware issue,Pending Customer Response,Critical,Social media,16:23:00,,
2868,Robert Acevedo,jcruz@example.net,22,Male,Garmin Forerunner,2020-09-10,Technical issue,Account access,Pending Customer Response,High,Phone,20:45:00,,
2869,Timothy Williams,browntimothy@example.net,43,Female,Adobe Photoshop,2020-09-07,Technical issue,Cancellation request,Pending Customer Response,Critical,Chat,09:51:00,,
2870,Stephen Robles,mcguireallen@example.com,46,Female,LG Smart TV,2020-02-03,Billing inquiry,Product compatibility,Pending Customer Response,Critical,Social media,22:46:00,,
2871,Jill Phelps,maureen26@example.net,46,Female,Sony 4K HDR TV,2020-01-21,Refund request,Product recommendation,Pending Customer Response,Critical,Email,20:30:00,,
2872,Carolyn Thompson,melinda93@example.net,42,Other,iPhone,2020-12-16,Product inquiry,Payment issue,Closed,High,Phone,15:03:00,08:58:00,5
2875,Brent Owen,higginsamber@example.org,34,Other,iPhone,2020-04-04,Technical issue,Refund request,Closed,Medium,Chat,00:10:00,15:08:00,4
2876,Victoria Arroyo,lolson@example.net,69,Female,Nintendo Switch,2021-10-17,Refund request,Product compatibility,Pending Customer Response,Medium,Social media,19:18:00,,
2877,James Carter,vgreen@example.com,42,Female,Dyson Vacuum Cleaner,2020-06-10,Refund request,Data loss,Pending Customer Response,Medium,Social media,16:11:00,,
2878,Holly Martin,irichardson@example.com,42,Other,Fitbit Versa Smartwatch,2020-05-09,Product inquiry,Display issue,Closed,Medium,Phone,23:50:00,14:07:00,1
2879,Angela Frey,kellymiller@example.net,47,Other,Garmin Forerunner,2020-08-14,Technical issue,Installation support,Pending Customer Response,Critical,Phone,14:05:00,,
2881,Elizabeth Sandoval,taylor61@example.net,50,Male,LG Smart TV,2020-07-16,Billing inquiry,Hardware issue,Closed,Low,Chat,18:16:00,06:32:00,4
2884,Cathy Johnson,smithjody@example.org,56,Female,Roomba Robot Vacuum,2021-01-04,Cancellation request,Cancellation request,Closed,Low,Chat,06:18:00,13:06:00,2
2888,Sarah Wright,rcruz@example.com,19,Other,Canon DSLR Camera,2021-01-25,Cancellation request,Software bug,Pending Customer Response,Medium,Phone,02:14:00,,
2889,Michelle Gonzalez,eking@example.com,43,Male,Amazon Echo,2020-12-18,Cancellation request,Data loss,Pending Customer Response,Low,Email,22:51:00,,
2890,Adriana Sanders,nicholeoliver@example.net,60,Male,Nintendo Switch Pro Controller,2020-05-05,Refund request,Hardware issue,Closed,Critical,Phone,19:44:00,15:17:00,5
2891,Adam Henson,eugeneflowers@example.net,28,Male,Google Nest,2021-11-02,Refund request,Installation support,Pending Customer Response,Medium,Email,09:39:00,,
2892,Shawn Daniels,eschmidt@example.net,69,Male,Samsung Galaxy,2020-11-16,Cancellation request,Software bug,Pending Customer Response,Low,Phone,10:02:00,,
2893,Robert Williams,vanessa68@example.org,54,Male,Sony 4K HDR TV,2021-06-17,Product inquiry,Network problem,Closed,High,Phone,18:48:00,23:58:00,1
2895,Christine Wolf,ian14@example.com,58,Other,Philips Hue Lights,2020-04-26,Technical issue,Data loss,Pending Customer Response,Critical,Social media,19:15:00,,
2897,Emma Ward,dmorse@example.net,34,Female,iPhone,2021-06-19,Cancellation request,Data loss,Pending Customer Response,High,Chat,12:42:00,,
2900,Andrew Wells,matthew17@example.com,70,Male,Asus ROG,2021-12-08,Cancellation request,Display issue,Pending Customer Response,High,Chat,21:02:00,,
2901,Victoria Nguyen,howerenee@example.org,56,Other,Microsoft Office,2021-10-01,Product inquiry,Account access,Closed,Low,Chat,07:44:00,22:53:00,1
2902,Shari Chapman,evansjeffery@example.net,20,Male,Canon DSLR Camera,2020-12-25,Cancellation request,Delivery problem,Pending Customer Response,Critical,Chat,06:26:00,,
2903,Ryan Bonilla,tamara22@example.net,35,Male,LG OLED,2020-09-28,Product inquiry,Delivery problem,Pending Customer Response,High,Phone,10:22:00,,
2904,Gail Day,jessicaramirez@example.com,64,Female,Dyson Vacuum Cleaner,2021-09-23,Billing inquiry,Peripheral compatibility,Closed,Low,Chat,15:06:00,17:22:00,5
2905,Megan Lewis,sherylgoodman@example.com,52,Male,Google Nest,2020-08-15,Refund request,Battery life,Closed,Low,Social media,17:39:00,03:48:00,2
2906,April Morgan,bgonzalez@example.org,20,Female,LG Smart TV,2021-04-17,Product inquiry,Delivery problem,Pending Customer Response,Critical,Social media,02:38:00,,
2907,Benjamin Parker,brittany36@example.com,45,Female,Samsung Soundbar,2020-11-12,Cancellation request,Payment issue,Pending Customer Response,Critical,Chat,06:27:00,,
2908,Jane Eaton,mprice@example.com,26,Female,Bose SoundLink Speaker,2021-06-28,Technical issue,Refund request,Pending Customer Response,Low,Chat,10:31:00,,
2909,Joshua Christensen,lkoch@example.org,51,Other,Canon EOS,2020-02-06,Product inquiry,Product recommendation,Closed,High,Email,04:36:00,23:13:00,4
2911,Jason Kelley,hflynn@example.net,36,Other,Asus ROG,2021-08-25,Technical issue,Network problem,Closed,Low,Email,16:00:00,01:01:00,2
2914,John Santana,james89@example.com,70,Female,Bose QuietComfort,2021-11-05,Cancellation request,Data loss,Closed,High,Phone,12:31:00,11:42:00,1
2915,James Mendoza,randy35@example.org,40,Female,Fitbit Charge,2020-08-12,Refund request,Battery life,Closed,Low,Social media,22:46:00,14:51:00,4
2916,Mr. Jeffrey Johnson,michael97@example.net,33,Male,Garmin Forerunner,2021-01-01,Billing inquiry,Payment issue,Pending Customer Response,High,Social media,18:28:00,,
2917,Charles Wright,carterchristy@example.net,48,Female,Apple AirPods,2020-09-03,Technical issue,Product compatibility,Pending Customer Response,Low,Phone,21:49:00,,
2918,Stacy Martin,ann68@example.net,51,Other,Philips Hue Lights,2020-05-01,Cancellation request,Product setup,Closed,High,Chat,10:21:00,11:35:00,1
2919,Heather Mccarty,jesus42@example.net,22,Female,Asus ROG,2021-05-14,Product inquiry,Account access,Pending Customer Response,Critical,Social media,21:43:00,,
2920,David Clarke,tracyrollins@example.org,70,Other,PlayStation,2020-04-18,Billing inquiry,Installation support,Closed,High,Phone,14:31:00,04:48:00,3
2922,Robyn Pratt,william08@example.com,42,Female,Nikon D,2020-12-17,Billing inquiry,Installation support,Closed,Low,Chat,23:00:00,06:26:00,2
2923,Shari Riley,jameskathleen@example.org,30,Female,PlayStation,2021-12-02,Product inquiry,Network problem,Pending Customer Response,Medium,Email,01:48:00,,
2925,Elizabeth Wells,fwells@example.net,48,Male,Dell XPS,2021-02-06,Refund request,Cancellation request,Pending Customer Response,Medium,Phone,21:49:00,,
2927,Jesse Edwards,richardpatel@example.net,47,Male,LG Smart TV,2020-08-09,Billing inquiry,Payment issue,Pending Customer Response,Critical,Phone,23:32:00,,
2928,Bradley Graham,williamsdonna@example.com,69,Female,iPhone,2021-09-20,Refund request,Hardware issue,Closed,Low,Phone,05:42:00,01:50:00,2
2929,Robert Farley,tanya84@example.net,64,Other,iPhone,2021-06-14,Refund request,Battery life,Closed,Low,Email,11:22:00,21:03:00,2
2930,Melissa Sellers,william18@example.com,66,Male,Nintendo Switch Pro Controller,2021-03-15,Cancellation request,Peripheral compatibility,Closed,High,Email,08:04:00,17:26:00,3
2931,Vanessa Martinez,valerie94@example.com,40,Female,Nintendo Switch,2021-02-15,Technical issue,Installation support,Pending Customer Response,High,Email,06:58:00,,
2932,Eric Rodriguez,chelsea71@example.org,34,Female,Xbox,2021-08-10,Refund request,Hardware issue,Pending Customer Response,High,Social media,08:54:00,,
2934,Amber Heath,omcdaniel@example.org,44,Other,Samsung Soundbar,2021-10-03,Refund request,Account access,Closed,High,Email,01:29:00,06:19:00,4
2935,Marvin King,englishaustin@example.com,50,Female,GoPro Hero,2020-10-28,Cancellation request,Data loss,Closed,High,Chat,01:54:00,16:04:00,5
2937,Rebekah Shaw,thaynes@example.com,28,Female,Philips Hue Lights,2021-06-02,Refund request,Product setup,Pending Customer Response,Low,Email,22:48:00,,
2938,Ashley Lynch,arthurdominguez@example.org,20,Female,Canon EOS,2020-09-18,Technical issue,Network problem,Closed,Critical,Email,09:52:00,22:05:00,4
2939,Kevin Morgan,cortega@example.net,34,Male,Google Nest,2021-09-30,Billing inquiry,Installation support,Closed,Critical,Social media,09:54:00,10:09:00,3
2942,William Santos,zmurillo@example.org,42,Other,Philips Hue Lights,2021-08-15,Billing inquiry,Cancellation request,Pending Customer Response,High,Email,20:03:00,,
2947,Lisa Myers,gthomas@example.net,39,Other,Microsoft Xbox Controller,2020-09-06,Technical issue,Network problem,Closed,Medium,Phone,11:18:00,13:33:00,1
2950,Shawna Payne,matthewwhitaker@example.com,35,Other,LG Washing Machine,2021-10-14,Refund request,Payment issue,Pending Customer Response,Medium,Email,09:34:00,,
2951,Eileen Boyd,james50@example.net,41,Male,Bose SoundLink Speaker,2020-04-28,Cancellation request,Data loss,Pending Customer Response,Low,Chat,06:49:00,,
2952,Zachary Contreras,jennifer10@example.com,33,Other,Sony 4K HDR TV,2021-04-18,Cancellation request,Data loss,Pending Customer Response,High,Phone,02:20:00,,
2953,Kristopher Webb,yfields@example.com,51,Other,Adobe Photoshop,2021-12-11,Cancellation request,Installation support,Pending Customer Response,High,Phone,15:50:00,,
2954,Wanda Martinez,wilsonbrooke@example.org,70,Other,Google Nest,2020-06-16,Cancellation request,Cancellation request,Pending Customer Response,Critical,Email,01:15:00,,
2955,Sharon Lowery,wagnerlisa@example.net,60,Male,Philips Hue Lights,2021-08-03,Technical issue,Account access,Closed,Low,Email,03:07:00,22:50:00,1
2956,Alex Thomas,ashley90@example.com,43,Male,Apple AirPods,2020-04-25,Product inquiry,Installation support,Closed,High,Chat,18:01:00,10:04:00,1
2958,Jason Medina,nchristian@example.com,70,Female,LG OLED,2021-10-01,Refund request,Cancellation request,Pending Customer Response,Medium,Social media,16:31:00,,
2959,Shannon Mccormick,zfritz@example.com,65,Female,LG Smart TV,2021-02-07,Cancellation request,Cancellation request,Pending Customer Response,Medium,Phone,11:11:00,,
2962,Monica Tucker,jenniferwinters@example.net,61,Female,Fitbit Versa Smartwatch,2021-04-23,Refund request,Refund request,Pending Customer Response,High,Social media,05:35:00,,
2963,Rachael Adams,christina46@example.org,41,Female,Canon DSLR Camera,2020-06-04,Technical issue,Product setup,Pending Customer Response,Medium,Phone,20:34:00,,
2964,Bradley Parrish,kwilson@example.net,22,Male,Nest Thermostat,2021-05-05,Billing inquiry,Display issue,Pending Customer Response,Medium,Social media,17:47:00,,
2965,Amy Smith,ibryan@example.com,56,Female,HP Pavilion,2021-10-13,Cancellation request,Payment issue,Pending Customer Response,Medium,Social media,16:41:00,,
2966,Shawn Monroe,danielhall@example.org,46,Other,Google Pixel,2020-02-11,Product inquiry,Payment issue,Pending Customer Response,Low,Chat,14:13:00,,
2967,Michael Pratt,amurphy@example.org,60,Male,Microsoft Office,2020-10-21,Cancellation request,Refund request,Closed,Critical,Chat,06:15:00,21:09:00,4
2968,Stacy Harper,tiffanyromero@example.net,18,Other,Canon DSLR Camera,2020-10-01,Technical issue,Account access,Closed,Critical,Social media,09:25:00,14:14:00,2
2969,Christopher Lynch,karen83@example.com,45,Female,Sony 4K HDR TV,2020-10-31,Product inquiry,Account access,Closed,High,Chat,09:53:00,19:28:00,5
2970,Mr. James Ramsey,kristine09@example.com,33,Other,GoPro Action Camera,2020-09-05,Product inquiry,Product compatibility,Closed,Low,Phone,01:57:00,16:22:00,2
2973,Dr. Joseph Nolan,mcintoshmaureen@example.com,57,Female,iPhone,2020-10-27,Refund request,Delivery problem,Pending Customer Response,Medium,Chat,19:34:00,,
2974,Scott Harper,floressue@example.org,58,Male,Asus ROG,2021-04-15,Cancellation request,Account access,Pending Customer Response,Critical,Chat,14:44:00,,
2975,Emily Allen,ashleewilliams@example.org,52,Male,Microsoft Office,2020-02-13,Product inquiry,Battery life,Closed,High,Social media,05:09:00,08:27:00,1
2976,Ashlee King,pthompson@example.net,66,Other,Canon DSLR Camera,2021-06-10,Refund request,Installation support,Closed,Low,Phone,23:40:00,07:26:00,3
2977,Melvin Warren,james63@example.org,56,Female,GoPro Hero,2020-09-13,Technical issue,Data loss,Pending Customer Response,High,Phone,05:24:00,,
2978,Thomas Mcfarland,stephen72@example.net,48,Other,Nintendo Switch Pro Controller,2020-02-05,Technical issue,Display issue,Pending Customer Response,Critical,Chat,14:26:00,,
2980,William White,pfoster@example.com,29,Male,Google Nest,2020-02-01,Billing inquiry,Hardware issue,Pending Customer Response,Medium,Chat,05:24:00,,
2982,Jasmin Dougherty,courtneylewis@example.org,33,Female,GoPro Action Camera,2021-02-19,Cancellation request,Cancellation request,Pending Customer Response,Medium,Social media,15:51:00,,
2983,Allison Webster,grodriguez@example.com,41,Male,Nintendo Switch Pro Controller,2021-04-12,Billing inquiry,Software bug,Pending Customer Response,Critical,Email,07:01:00,,
2985,Kimberly Fox,watsonmichele@example.org,49,Other,Amazon Echo,2021-03-22,Billing inquiry,Cancellation request,Closed,Critical,Social media,08:12:00,16:26:00,1
2986,Ann Clayton,gtanner@example.org,43,Other,Lenovo ThinkPad,2020-02-01,Technical issue,Product compatibility,Pending Customer Response,Low,Chat,11:43:00,,
2988,Kelly Smith,maryflowers@example.com,34,Female,Roomba Robot Vacuum,2020-05-21,Billing inquiry,Software bug,Closed,Critical,Phone,07:21:00,04:42:00,4
2989,Bonnie Larson,davisantonio@example.org,50,Female,Canon EOS,2020-10-26,Product inquiry,Cancellation request,Closed,Critical,Chat,01:01:00,20:33:00,2
2990,Hannah Wood,hansenvictoria@example.com,25,Male,Sony 4K HDR TV,2021-07-01,Technical issue,Display issue,Pending Customer Response,Medium,Phone,18:44:00,,
2992,Megan Cameron,dlopez@example.net,28,Other,iPhone,2021-09-30,Billing inquiry,Refund request,Pending Customer Response,Medium,Chat,12:08:00,,
2993,Heather Jackson,gsmith@example.net,57,Other,Amazon Kindle,2021-11-27,Refund request,Installation support,Closed,Medium,Social media,19:34:00,04:14:00,4
2996,Lynn Bird,michellebarrett@example.com,63,Female,Apple AirPods,2020-04-02,Technical issue,Product compatibility,Closed,High,Chat,14:09:00,08:38:00,4
2998,Gary Perez,sthompson@example.net,42,Female,Apple AirPods,2021-01-11,Product inquiry,Refund request,Pending Customer Response,High,Phone,11:09:00,,
2999,Seth Giles,emilyfoster@example.org,43,Female,PlayStation,2020-05-27,Billing inquiry,Hardware issue,Pending Customer Response,Medium,Social media,09:09:00,,
3000,Adam Garcia,cantualicia@example.org,44,Female,Nikon D,2020-03-07,Refund request,Hardware issue,Closed,Medium,Social media,12:37:00,22:47:00,5
3001,Russell Harper,dereksandoval@example.com,34,Other,Lenovo ThinkPad,2020-04-28,Technical issue,Battery life,Closed,Low,Social media,00:34:00,06:53:00,5
3002,Eric Lucas,knightmadeline@example.com,26,Female,LG Washing Machine,2020-07-26,Product inquiry,Data loss,Closed,Medium,Email,06:06:00,16:23:00,4
3003,Bradley Newman,gregory48@example.com,57,Male,Bose SoundLink Speaker,2020-03-10,Refund request,Cancellation request,Pending Customer Response,Medium,Email,05:29:00,,
3004,Brandi Jones DDS,walkerlori@example.org,31,Male,GoPro Hero,2020-07-21,Refund request,Battery life,Pending Customer Response,High,Social media,14:51:00,,
3005,David Jones,sanchezanthony@example.net,62,Female,Sony 4K HDR TV,2021-01-14,Product inquiry,Installation support,Pending Customer Response,Medium,Email,11:35:00,,
3006,Antonio Salazar,ifrazier@example.org,28,Female,LG Washing Machine,2021-03-20,Cancellation request,Refund request,Closed,Critical,Phone,17:38:00,05:15:00,1
3008,Tyler Foster,asmith@example.com,44,Male,Xbox,2020-12-03,Product inquiry,Cancellation request,Closed,Medium,Phone,01:00:00,19:50:00,1
3009,Kimberly Mercado,patrickwilliams@example.org,41,Female,PlayStation,2021-06-23,Refund request,Hardware issue,Closed,Low,Social media,00:58:00,21:41:00,5
3010,Jack Huang,edward93@example.com,28,Female,Samsung Soundbar,2020-01-08,Product inquiry,Delivery problem,Pending Customer Response,High,Phone,16:08:00,,
3011,Erica Novak,huntermichael@example.org,53,Female,Autodesk AutoCAD,2021-04-01,Refund request,Battery life,Pending Customer Response,High,Chat,15:10:00,,
3012,Garrett Mcneil,kirkrichard@example.net,27,Female,Canon DSLR Camera,2020-04-17,Refund request,Payment issue,Closed,Medium,Social media,14:37:00,19:48:00,4
3013,Travis Hatfield,smithjodi@example.org,43,Male,Roomba Robot Vacuum,2020-02-13,Product inquiry,Payment issue,Closed,High,Email,04:45:00,03:59:00,5
3014,Brittney Chapman,michaelleblanc@example.org,24,Male,Nintendo Switch,2021-03-07,Technical issue,Software bug,Closed,Critical,Phone,00:14:00,09:08:00,5
3015,Catherine Marquez,traceyjohnson@example.com,69,Female,Microsoft Surface,2020-04-07,Refund request,Data loss,Closed,High,Phone,14:53:00,23:48:00,5
3020,Sarah Ford,wlee@example.net,42,Female,Bose SoundLink Speaker,2020-01-07,Cancellation request,Software bug,Closed,High,Chat,04:47:00,13:00:00,2
3021,Steven Jones,justinwilson@example.com,58,Female,Dyson Vacuum Cleaner,2020-04-04,Refund request,Product compatibility,Pending Customer Response,Medium,Social media,02:03:00,,
3022,Michelle Maddox,veronicasteele@example.com,64,Female,MacBook Pro,2021-08-21,Cancellation request,Installation support,Closed,High,Phone,17:46:00,14:45:00,5
3023,Angela Peterson,melissa49@example.com,67,Other,Asus ROG,2020-03-07,Cancellation request,Payment issue,Closed,Critical,Phone,06:19:00,05:44:00,1
3025,Carolyn Larson,ywilliams@example.net,65,Female,Samsung Soundbar,2020-07-06,Billing inquiry,Payment issue,Pending Customer Response,Low,Phone,21:46:00,,
3026,Erica Norman,davidfranklin@example.org,52,Other,MacBook Pro,2020-10-06,Product inquiry,Peripheral compatibility,Pending Customer Response,High,Chat,22:25:00,,
3028,Philip Carter,richard73@example.com,31,Other,Asus ROG,2021-10-24,Billing inquiry,Delivery problem,Pending Customer Response,Low,Email,12:50:00,,
3030,Timothy Jackson,danielspencer@example.net,67,Female,Google Nest,2021-10-02,Product inquiry,Network problem,Closed,Critical,Chat,18:59:00,07:25:00,5
3031,William Stein,tthompson@example.net,29,Male,Amazon Echo,2020-11-17,Refund request,Product recommendation,Closed,High,Email,23:13:00,19:45:00,4
3032,Michael Webb,ebenson@example.org,38,Male,Amazon Echo,2020-08-24,Technical issue,Hardware issue,Closed,Critical,Social media,20:17:00,06:46:00,5
3033,Jason Stewart,kennethadams@example.net,34,Other,LG Smart TV,2020-06-14,Billing inquiry,Installation support,Pending Customer Response,High,Social media,16:52:00,,
3034,Heather Peterson,cheryl76@example.org,21,Female,Amazon Echo,2020-01-16,Refund request,Peripheral compatibility,Closed,High,Social media,22:26:00,20:12:00,1
3035,Denise Lowe,taylor39@example.com,65,Other,Roomba Robot Vacuum,2021-06-15,Refund request,Network problem,Closed,Critical,Email,16:05:00,09:18:00,5
3036,Todd Roberts,bowmankimberly@example.org,68,Female,GoPro Hero,2021-06-02,Product inquiry,Installation support,Pending Customer Response,High,Social media,19:40:00,,
3037,Linda Mcdonald,matakevin@example.com,34,Female,LG Washing Machine,2020-06-19,Cancellation request,Product recommendation,Closed,Low,Chat,01:17:00,17:07:00,1
3040,Kirsten Howard,nicole15@example.com,37,Female,Roomba Robot Vacuum,2021-02-07,Product inquiry,Delivery problem,Pending Customer Response,Critical,Phone,09:15:00,,
3041,Craig Smith,deannabarton@example.org,42,Female,Nikon D,2020-11-13,Refund request,Product recommendation,Closed,High,Email,10:42:00,10:57:00,3
3042,Christine Williams,bartlettshane@example.com,57,Male,iPhone,2020-05-07,Billing inquiry,Product compatibility,Closed,Critical,Social media,09:15:00,12:15:00,2
3043,Gloria Thompson,gonzalesjonathan@example.org,34,Male,Nintendo Switch Pro Controller,2020-10-11,Product inquiry,Data loss,Pending Customer Response,High,Social media,06:42:00,,
3044,Cody Combs,campbellkurt@example.org,60,Female,Nest Thermostat,2020-05-10,Product inquiry,Installation support,Pending Customer Response,Medium,Email,08:08:00,,
3045,Kyle Richards,uparrish@example.org,42,Male,Lenovo ThinkPad,2021-04-18,Product inquiry,Account access,Closed,Low,Email,03:41:00,06:44:00,4
3046,Douglas Rodriguez,pwyatt@example.net,34,Male,iPhone,2020-02-11,Product inquiry,Peripheral compatibility,Closed,Medium,Social media,12:22:00,16:50:00,1
3047,Brett Miller,gmoore@example.net,28,Female,Apple AirPods,2020-05-07,Cancellation request,Installation support,Pending Customer Response,High,Social media,01:37:00,,
3049,Vincent Cisneros,evansjose@example.org,61,Female,Fitbit Versa Smartwatch,2020-04-12,Refund request,Product setup,Closed,Critical,Chat,08:53:00,02:20:00,2
3051,Madeline Heath,mooreyvonne@example.net,62,Other,Fitbit Charge,2020-04-07,Technical issue,Installation support,Closed,Medium,Phone,20:48:00,03:44:00,2
3053,Chad Hendricks,angela18@example.org,34,Female,LG OLED,2020-01-07,Cancellation request,Product setup,Closed,Medium,Phone,01:10:00,16:44:00,1
3054,Spencer Fischer,levycharles@example.net,68,Other,iPhone,2021-11-12,Refund request,Peripheral compatibility,Pending Customer Response,Critical,Phone,11:59:00,,
3055,Heather Robinson,riceryan@example.net,31,Female,Fitbit Versa Smartwatch,2021-03-10,Billing inquiry,Payment issue,Closed,High,Chat,21:36:00,05:12:00,2
3056,Sherri Thompson,hpearson@example.net,45,Female,Nest Thermostat,2020-10-02,Billing inquiry,Delivery problem,Pending Customer Response,Critical,Social media,16:08:00,,
3057,Marcus Atkins,vblackwell@example.net,56,Female,GoPro Hero,2021-08-11,Cancellation request,Installation support,Pending Customer Response,Critical,Email,19:02:00,,
3060,George Campbell,nross@example.com,52,Male,Sony 4K HDR TV,2021-08-07,Product inquiry,Product setup,Closed,Critical,Email,09:54:00,22:04:00,2
3063,David Miles,brenda33@example.net,59,Male,Fitbit Charge,2020-03-04,Refund request,Software bug,Closed,Low,Chat,22:38:00,10:34:00,4
3064,Regina Pacheco,cynthia45@example.org,34,Female,Canon EOS,2020-12-01,Cancellation request,Installation support,Closed,Medium,Social media,11:24:00,18:33:00,5
3066,Roger Pitts,watkinslindsey@example.net,41,Male,Samsung Soundbar,2021-04-04,Technical issue,Cancellation request,Closed,Critical,Chat,14:19:00,07:21:00,5
3067,Sabrina Coleman,farrellamy@example.org,62,Female,Microsoft Surface,2020-04-23,Refund request,Installation support,Closed,Low,Email,11:10:00,11:04:00,1
3070,William Gomez,christopherforbes@example.org,34,Other,Microsoft Office,2020-11-20,Product inquiry,Product compatibility,Closed,Critical,Chat,20:23:00,00:04:00,3
3071,Adam Morales,xjohnson@example.com,41,Female,Sony PlayStation,2020-09-12,Billing inquiry,Data loss,Closed,Critical,Social media,15:40:00,19:30:00,4
3072,Amy Miller,brian21@example.org,60,Other,Apple AirPods,2021-05-24,Cancellation request,Software bug,Pending Customer Response,Critical,Chat,02:32:00,,
3073,Gabriel King,vwilcox@example.net,61,Male,Dell XPS,2021-06-08,Technical issue,Product compatibility,Pending Customer Response,High,Social media,08:44:00,,
3075,Joseph Mckay,fschwartz@example.org,42,Female,iPhone,2021-08-25,Cancellation request,Product compatibility,Closed,Medium,Social media,22:26:00,03:37:00,1
3076,Ashley King,umacdonald@example.net,42,Female,LG Smart TV,2021-01-12,Product inquiry,Product compatibility,Closed,Critical,Phone,22:35:00,14:57:00,1
3079,Gary Smith,kylecamacho@example.com,28,Male,Canon DSLR Camera,2021-08-12,Technical issue,Product compatibility,Closed,Low,Social media,12:32:00,13:01:00,2
3080,Ashley Martin,jacksonisaac@example.com,30,Male,LG Washing Machine,2021-12-12,Refund request,Display issue,Pending Customer Response,Critical,Phone,14:32:00,,
3081,Michelle King,jill42@example.net,25,Male,Canon DSLR Camera,2020-06-21,Refund request,Hardware issue,Closed,High,Phone,15:09:00,09:24:00,5
3082,Daniel Williams,shane12@example.org,24,Other,Canon EOS,2021-07-05,Billing inquiry,Network problem,Pending Customer Response,High,Phone,01:13:00,,
3086,Shannon Hardy,mendezbradley@example.com,19,Male,Adobe Photoshop,2020-09-25,Product inquiry,Product setup,Pending Customer Response,Critical,Email,17:20:00,,
3088,Jennifer Silva,renee11@example.org,34,Other,Dyson Vacuum Cleaner,2020-01-23,Technical issue,Product setup,Pending Customer Response,Medium,Social media,02:20:00,,
3089,Kelly Hunter,charles72@example.net,62,Male,Adobe Photoshop,2021-03-15,Refund request,Delivery problem,Pending Customer Response,High,Chat,07:52:00,,
3090,Christopher Stone,icarney@example.com,60,Female,Xbox,2020-08-08,Product inquiry,Software bug,Pending Customer Response,Critical,Phone,18:14:00,,
3091,Steve Moore,jonathan98@example.net,68,Other,Canon DSLR Camera,2020-03-10,Cancellation request,Delivery problem,Closed,High,Chat,19:39:00,12:27:00,3
3092,Jordan Peterson,josephlewis@example.org,24,Male,Sony 4K HDR TV,2021-12-22,Product inquiry,Hardware issue,Pending Customer Response,High,Chat,21:58:00,,
3094,Robert Cole,keith36@example.net,52,Other,HP Pavilion,2021-05-14,Technical issue,Refund request,Closed,Critical,Chat,10:15:00,17:52:00,3
3098,Alexis Barrett,gabrielle49@example.com,35,Other,Samsung Galaxy,2020-11-27,Technical issue,Payment issue,Closed,Medium,Social media,21:19:00,14:04:00,3
3099,Danny Tate,stephanieryan@example.com,54,Female,Dell XPS,2021-05-19,Billing inquiry,Payment issue,Pending Customer Response,High,Chat,15:50:00,,
3100,Julie Roberts,michaeljohnson@example.net,19,Male,Google Pixel,2020-04-09,Refund request,Account access,Closed,Medium,Social media,15:51:00,23:35:00,2
3102,Travis Guerra,udennis@example.com,36,Female,Fitbit Versa Smartwatch,2020-12-11,Refund request,Installation support,Closed,Medium,Phone,02:03:00,07:42:00,3
3103,Rodney Thompson,perrykayla@example.net,32,Other,Nintendo Switch Pro Controller,2020-03-04,Refund request,Display issue,Pending Customer Response,Low,Phone,07:21:00,,
3106,Nathan Dominguez,frances17@example.org,39,Other,Samsung Soundbar,2020-06-21,Product inquiry,Product compatibility,Closed,Low,Email,15:03:00,22:50:00,4
3107,William Thomas,elizabethsmith@example.com,69,Male,Dell XPS,2020-09-07,Technical issue,Software bug,Pending Customer Response,High,Email,13:20:00,,
3108,Laura Patel,tracybowers@example.org,42,Male,LG OLED,2021-09-05,Cancellation request,Product compatibility,Pending Customer Response,Critical,Phone,07:21:00,,
3111,Evelyn Collins,vdavis@example.org,32,Male,LG OLED,2020-04-12,Refund request,Product recommendation,Pending Customer Response,Medium,Phone,07:27:00,,
3114,Brian Brock,brian51@example.com,38,Female,Samsung Soundbar,2021-07-31,Refund request,Account access,Closed,Critical,Phone,10:57:00,04:33:00,2
3115,Nicole Anderson,dominique22@example.net,44,Female,Canon DSLR Camera,2020-09-17,Refund request,Cancellation request,Pending Customer Response,High,Chat,14:51:00,,
3116,Victoria Hatfield,julie27@example.org,20,Female,Nest Thermostat,2021-10-16,Product inquiry,Product recommendation,Closed,Low,Chat,21:29:00,09:25:00,2
3117,Ethan Hood,tara82@example.org,21,Male,Microsoft Surface,2021-03-30,Cancellation request,Product compatibility,Closed,Medium,Email,09:00:00,16:49:00,2
3119,Courtney Neal,sharon02@example.net,27,Male,Dell XPS,2021-03-31,Refund request,Battery life,Pending Customer Response,High,Social media,16:21:00,,
3121,Emily Smith,joliver@example.net,63,Female,Nikon D,2020-02-13,Billing inquiry,Product recommendation,Pending Customer Response,Critical,Phone,01:55:00,,
3122,Leonard Peterson,amanda43@example.com,32,Other,Microsoft Surface,2021-04-17,Technical issue,Battery life,Closed,Low,Chat,09:53:00,09:31:00,4
3123,Brian Gray,brettmartin@example.org,31,Male,LG OLED,2020-07-10,Billing inquiry,Installation support,Closed,High,Email,02:29:00,10:15:00,5
3124,Jordan Bird,cschmidt@example.net,61,Female,Canon EOS,2021-03-08,Technical issue,Refund request,Closed,High,Phone,11:18:00,07:43:00,3
3125,Lisa Watts,masontyler@example.net,29,Other,Google Pixel,2021-09-05,Product inquiry,Delivery problem,Pending Customer Response,Low,Email,09:03:00,,
3126,George Edwards,elizabeth72@example.net,56,Other,LG Smart TV,2020-04-13,Billing inquiry,Product compatibility,Pending Customer Response,High,Social media,12:00:00,,
3129,Sean Ortega,simslydia@example.org,70,Female,Nintendo Switch Pro Controller,2021-10-26,Product inquiry,Product recommendation,Pending Customer Response,Medium,Phone,15:33:00,,
3130,Mr. George Davis,erobertson@example.org,66,Other,Canon EOS,2021-06-13,Refund request,Peripheral compatibility,Pending Customer Response,Critical,Social media,22:15:00,,
3131,Anthony Morrison,diane47@example.net,70,Other,Google Pixel,2020-02-06,Product inquiry,Cancellation request,Closed,Critical,Phone,14:13:00,09:54:00,5
3132,Jason Parker,rperez@example.net,54,Female,Fitbit Charge,2021-07-29,Billing inquiry,Software bug,Closed,High,Email,17:24:00,15:13:00,1
3133,Edward Freeman,kingshawn@example.net,27,Other,HP Pavilion,2020-03-11,Refund request,Battery life,Closed,Medium,Email,11:01:00,22:38:00,3
3134,Brooke Hurst,helensnyder@example.org,19,Male,Philips Hue Lights,2021-07-17,Cancellation request,Network problem,Pending Customer Response,Critical,Phone,16:04:00,,
3136,John Shields,joseph40@example.com,40,Other,Nintendo Switch Pro Controller,2021-07-15,Cancellation request,Cancellation request,Pending Customer Response,High,Email,15:43:00,,
3137,Heather Wright,victor24@example.com,18,Female,Philips Hue Lights,2021-07-04,Billing inquiry,Payment issue,Closed,Critical,Social media,20:58:00,11:39:00,1
3138,Gary Zimmerman,srogers@example.net,42,Male,HP Pavilion,2021-03-09,Product inquiry,Installation support,Closed,Medium,Phone,05:33:00,03:59:00,2
3141,Steven Atkins,matthewlewis@example.org,32,Male,GoPro Action Camera,2020-03-02,Product inquiry,Battery life,Closed,Medium,Phone,13:23:00,07:50:00,4
3142,Joshua Lee,mistyortiz@example.org,43,Female,Dell XPS,2021-10-24,Technical issue,Peripheral compatibility,Pending Customer Response,High,Social media,06:37:00,,
3143,Cheryl Rush,ugarrison@example.org,36,Male,Philips Hue Lights,2021-08-30,Technical issue,Display issue,Closed,Critical,Email,11:04:00,08:26:00,2
3144,Sherry Garcia,maryhayes@example.net,53,Male,GoPro Hero,2021-03-26,Technical issue,Payment issue,Pending Customer Response,Medium,Phone,17:42:00,,
3145,Laura Knapp,joe97@example.org,36,Female,Microsoft Office,2020-01-20,Billing inquiry,Software bug,Closed,High,Social media,16:28:00,15:50:00,4
3146,Jerry Mejia,michaelbriggs@example.org,41,Female,LG Washing Machine,2020-01-13,Billing inquiry,Delivery problem,Pending Customer Response,Critical,Email,15:36:00,,
3147,Logan Moreno,michaelroman@example.org,45,Male,Sony Xperia,2021-09-08,Refund request,Payment issue,Closed,High,Phone,21:05:00,03:10:00,1
3148,Makayla Lewis,oblackburn@example.net,51,Female,Apple AirPods,2020-03-03,Billing inquiry,Software bug,Pending Customer Response,High,Social media,22:46:00,,
3149,Joseph Mata,christine74@example.org,51,Other,Sony 4K HDR TV,2021-04-03,Product inquiry,Delivery problem,Pending Customer Response,Critical,Phone,13:03:00,,
3151,Dustin Woods,sydneyyang@example.com,54,Other,Google Pixel,2020-09-25,Technical issue,Product compatibility,Pending Customer Response,High,Phone,09:25:00,,
3152,Zachary Murphy,maynardgeorge@example.com,19,Other,Adobe Photoshop,2021-05-18,Refund request,Software bug,Closed,High,Social media,22:36:00,00:28:00,5
3155,Jonathan Guerrero,rebeccashannon@example.net,52,Other,Microsoft Xbox Controller,2020-12-07,Billing inquiry,Installation support,Closed,Critical,Phone,01:29:00,16:23:00,2
3156,Debbie Carter,xvaughn@example.com,30,Other,Roomba Robot Vacuum,2021-09-11,Billing inquiry,Installation support,Pending Customer Response,Low,Email,06:25:00,,
3157,Yolanda Griffin,adammiller@example.net,50,Female,Amazon Echo,2020-03-07,Product inquiry,Product compatibility,Closed,High,Email,10:47:00,11:29:00,2
3158,Kimberly Romero,aguirrechase@example.com,36,Male,Google Nest,2021-06-07,Refund request,Product recommendation,Closed,High,Chat,22:19:00,19:50:00,5
3159,Mrs. Brooke Garza DDS,ruizpatrick@example.com,27,Male,Google Pixel,2021-08-08,Technical issue,Installation support,Pending Customer Response,Medium,Phone,16:25:00,,
3161,Elizabeth Mcdonald,williamsjeffrey@example.net,27,Male,Google Pixel,2021-10-19,Billing inquiry,Peripheral compatibility,Pending Customer Response,Medium,Social media,05:57:00,,
3162,Timothy Jones,doylelaura@example.org,35,Male,Amazon Echo,2020-05-08,Technical issue,Product compatibility,Pending Customer Response,Medium,Chat,15:51:00,,
3165,John Mckinney,ryankelly@example.net,47,Other,Adobe Photoshop,2020-02-23,Refund request,Product setup,Pending Customer Response,High,Chat,07:35:00,,
3166,Nicole Smith,moonjessica@example.com,25,Male,GoPro Hero,2020-07-07,Product inquiry,Battery life,Pending Customer Response,High,Phone,02:19:00,,
3168,Nina Ortiz,elaine86@example.org,35,Other,Google Nest,2021-06-07,Product inquiry,Cancellation request,Pending Customer Response,Low,Social media,13:26:00,,
3170,Angela Johnson,deleonmichael@example.net,46,Other,PlayStation,2021-07-01,Product inquiry,Payment issue,Pending Customer Response,High,Email,23:05:00,,
3171,Jeffrey Hall,xdominguez@example.com,60,Male,Nest Thermostat,2021-02-16,Technical issue,Cancellation request,Closed,Low,Social media,09:30:00,10:37:00,5
3173,Amanda Wells,robert62@example.com,52,Female,iPhone,2021-07-23,Technical issue,Hardware issue,Closed,Medium,Phone,11:34:00,16:03:00,1
3179,Dennis Carter,brandon91@example.net,21,Other,Amazon Kindle,2020-02-22,Technical issue,Account access,Closed,Low,Social media,20:57:00,15:29:00,1
3180,John Wade,zingram@example.net,50,Other,Samsung Soundbar,2020-06-21,Billing inquiry,Display issue,Closed,Critical,Social media,16:26:00,19:04:00,2
3182,Matthew Crawford,wlee@example.net,25,Other,Nikon D,2020-11-19,Technical issue,Peripheral compatibility,Closed,Low,Social media,05:00:00,11:45:00,2
3183,Jimmy Brown DDS,ocunningham@example.com,55,Other,iPhone,2020-03-30,Technical issue,Refund request,Closed,High,Phone,16:10:00,00:23:00,5
3184,Erica Martin,paul87@example.org,60,Other,Roomba Robot Vacuum,2020-04-30,Technical issue,Product setup,Pending Customer Response,Critical,Email,07:44:00,,
3185,Robin Huff,matthewmiller@example.com,56,Other,Apple AirPods,2020-08-30,Billing inquiry,Data loss,Pending Customer Response,Low,Social media,02:05:00,,
3186,Bradley Hubbard,dylan60@example.net,55,Female,Bose SoundLink Speaker,2021-10-28,Cancellation request,Hardware issue,Closed,High,Social media,04:01:00,16:27:00,2
3188,Darlene Hodges,griffinryan@example.com,49,Female,PlayStation,2021-08-02,Technical issue,Account access,Closed,Critical,Chat,23:28:00,18:58:00,1
3189,Allison Peterson,mferguson@example.org,35,Male,Fitbit Versa Smartwatch,2021-07-22,Billing inquiry,Refund request,Closed,Medium,Phone,03:25:00,02:00:00,1
3191,Jacob Hamilton,gregoryrussell@example.org,34,Female,Garmin Forerunner,2020-12-30,Billing inquiry,Cancellation request,Pending Customer Response,Low,Social media,03:12:00,,
3192,Jennifer Hanson,susanwhite@example.com,44,Male,Sony Xperia,2020-07-09,Refund request,Installation support,Closed,Low,Social media,11:53:00,09:37:00,2
3194,Jeff Flores,kimberly55@example.net,32,Other,Bose SoundLink Speaker,2020-06-18,Technical issue,Product compatibility,Pending Customer Response,Critical,Chat,09:34:00,,
3195,Nicole Nelson,wellsjimmy@example.net,30,Female,Samsung Soundbar,2020-06-03,Billing inquiry,Battery life,Closed,Critical,Phone,12:50:00,02:19:00,1
3197,Toni Harris,ericsimmons@example.org,62,Female,Nintendo Switch Pro Controller,2020-09-17,Technical issue,Account access,Closed,Critical,Phone,15:04:00,13:27:00,3
3198,Tasha Price,vmiller@example.com,40,Male,Samsung Galaxy,2021-09-22,Billing inquiry,Cancellation request,Closed,High,Email,00:50:00,11:57:00,2
3201,Christy Chapman,svelez@example.com,19,Male,Apple AirPods,2020-11-02,Refund request,Installation support,Pending Customer Response,High,Social media,18:55:00,,
3204,Sean Silva,james83@example.com,55,Female,Nintendo Switch Pro Controller,2020-05-09,Product inquiry,Refund request,Pending Customer Response,Critical,Email,04:18:00,,
3205,Stephanie Webb,franciscorey@example.net,31,Male,Xbox,2021-12-30,Cancellation request,Hardware issue,Pending Customer Response,Medium,Email,22:20:00,,
3209,Jacob Reed,travis54@example.net,58,Female,Autodesk AutoCAD,2020-03-04,Cancellation request,Hardware issue,Closed,Medium,Phone,09:44:00,04:40:00,2
3210,Christine Evans,hharrington@example.com,40,Female,Nintendo Switch Pro Controller,2021-08-15,Product inquiry,Hardware issue,Closed,Critical,Chat,05:17:00,14:04:00,4
3211,Erika Morales,jenniferrobinson@example.net,23,Other,Dyson Vacuum Cleaner,2021-04-08,Cancellation request,Refund request,Closed,Critical,Chat,11:04:00,05:49:00,1
3212,Kathy Moore,asmith@example.com,38,Other,Nikon D,2021-05-16,Billing inquiry,Display issue,Pending Customer Response,Low,Email,02:26:00,,
3213,Candace Callahan,robertsjason@example.net,41,Male,Apple AirPods,2020-02-04,Refund request,Refund request,Closed,High,Social media,23:12:00,20:42:00,1
3216,Gary Decker,andrewhays@example.org,51,Male,Google Pixel,2020-10-25,Billing inquiry,Account access,Closed,Low,Chat,16:11:00,16:46:00,2
3218,Charles Foster,nrogers@example.net,35,Male,Google Pixel,2020-08-22,Cancellation request,Account access,Pending Customer Response,Low,Chat,02:07:00,,
3223,Teresa Vasquez,nicholaslittle@example.com,57,Other,Amazon Echo,2020-04-15,Refund request,Payment issue,Closed,Low,Email,03:55:00,11:46:00,4
3224,Heather Jackson,randydelgado@example.net,60,Other,Fitbit Versa Smartwatch,2020-04-21,Billing inquiry,Installation support,Pending Customer Response,High,Social media,18:05:00,,
3225,Linda Doyle,freemanhaley@example.net,51,Female,Google Pixel,2020-07-25,Product inquiry,Data loss,Pending Customer Response,Medium,Phone,13:33:00,,
3226,Christopher Rodriguez,jasminegomez@example.net,19,Female,Amazon Kindle,2021-02-03,Product inquiry,Hardware issue,Closed,Critical,Social media,23:52:00,15:19:00,4
3227,William Velasquez,boonedavid@example.com,50,Male,Dell XPS,2020-02-23,Product inquiry,Account access,Pending Customer Response,Critical,Phone,13:56:00,,
3230,Benjamin Pierce,mcmahonrobert@example.net,59,Other,Microsoft Surface,2021-05-13,Product inquiry,Product compatibility,Closed,Low,Social media,13:00:00,17:29:00,2
3231,Pedro Rojas,williammiddleton@example.net,27,Male,Nintendo Switch,2020-06-29,Refund request,Installation support,Pending Customer Response,Critical,Chat,08:04:00,,
3232,Theodore Sanford,cameron10@example.org,48,Male,Google Nest,2020-02-07,Cancellation request,Product recommendation,Pending Customer Response,Medium,Email,11:13:00,,
3233,Paula Allen,andrea21@example.net,60,Female,Google Pixel,2020-04-17,Cancellation request,Payment issue,Pending Customer Response,Critical,Phone,07:24:00,,
3235,Dale Giles,tracy48@example.net,51,Other,Amazon Kindle,2020-10-12,Refund request,Data loss,Closed,Medium,Phone,15:00:00,01:20:00,5
3237,Heather Noble,goodwinlauren@example.net,58,Male,Microsoft Office,2020-07-04,Cancellation request,Network problem,Pending Customer Response,Low,Social media,18:45:00,,
3242,Christine Williams,norman35@example.com,42,Other,HP Pavilion,2020-04-30,Refund request,Hardware issue,Pending Customer Response,Low,Chat,15:38:00,,
3243,Ian Thornton,zwerner@example.net,37,Female,Dell XPS,2020-04-04,Billing inquiry,Network problem,Closed,Critical,Social media,12:28:00,10:09:00,4
3244,Shannon Bishop,grahameric@example.net,58,Female,Nikon D,2021-08-28,Billing inquiry,Refund request,Closed,Low,Email,11:01:00,11:07:00,1
3245,Phillip Sharp,umullins@example.org,44,Other,MacBook Pro,2020-05-14,Billing inquiry,Account access,Closed,High,Phone,04:13:00,01:24:00,4
3246,Kevin Maldonado,cordovajudy@example.net,18,Female,Nintendo Switch Pro Controller,2020-12-28,Product inquiry,Delivery problem,Closed,Critical,Chat,19:44:00,20:38:00,2
3248,Brandy Byrd,velezjanet@example.com,65,Female,Nest Thermostat,2021-06-03,Refund request,Product recommendation,Pending Customer Response,Medium,Email,21:56:00,,
3249,Jason Rasmussen,kcunningham@example.com,62,Female,Bose SoundLink Speaker,2020-04-28,Technical issue,Software bug,Pending Customer Response,Medium,Phone,13:41:00,,
3250,Keith Robles,hopkinspamela@example.org,38,Other,PlayStation,2021-08-24,Technical issue,Account access,Pending Customer Response,Critical,Social media,20:10:00,,
3251,Christine Reynolds,mosleymaurice@example.com,42,Other,Philips Hue Lights,2020-10-28,Billing inquiry,Payment issue,Closed,Medium,Phone,02:47:00,18:08:00,5
3252,James Webb,jarvismelissa@example.org,29,Male,Xbox,2021-07-09,Refund request,Account access,Closed,Medium,Chat,21:47:00,22:51:00,3
3256,Michelle Cooke,stacy57@example.net,58,Female,Dyson Vacuum Cleaner,2021-01-29,Product inquiry,Battery life,Closed,Low,Chat,22:46:00,11:27:00,2
3257,Kimberly Williams,mortonrichard@example.net,55,Female,Sony PlayStation,2020-12-12,Cancellation request,Hardware issue,Pending Customer Response,High,Phone,14:12:00,,
3259,Bruce Austin,barbara38@example.org,46,Other,Nest Thermostat,2020-09-17,Cancellation request,Product compatibility,Closed,Critical,Chat,18:03:00,03:56:00,2
3262,Whitney Martinez,kevin34@example.net,58,Female,Bose SoundLink Speaker,2021-01-28,Cancellation request,Display issue,Closed,Critical,Chat,14:22:00,03:28:00,4
3263,Nicole Olson,valenzuelaashley@example.net,57,Other,Fitbit Charge,2020-06-16,Refund request,Product recommendation,Pending Customer Response,Low,Phone,15:05:00,,
3264,Alexander Ritter,cynthia15@example.com,29,Female,LG Smart TV,2020-11-12,Product inquiry,Installation support,Closed,High,Phone,11:31:00,20:14:00,2
3267,Michael Scott,johnwagner@example.org,60,Female,GoPro Hero,2021-02-05,Billing inquiry,Refund request,Pending Customer Response,Critical,Email,19:31:00,,
3268,Austin Nelson,bobyoder@example.com,55,Male,Microsoft Surface,2020-08-15,Refund request,Peripheral compatibility,Closed,Medium,Email,16:59:00,10:22:00,2
3269,Amy Harding,janeford@example.com,66,Female,Amazon Kindle,2021-11-06,Refund request,Software bug,Pending Customer Response,Low,Email,21:07:00,,
3270,Michelle Fields,yhill@example.com,68,Female,Microsoft Office,2020-08-07,Technical issue,Peripheral compatibility,Pending Customer Response,High,Phone,16:33:00,,
3272,Sarah Davenport,mercedesreynolds@example.org,53,Female,Canon EOS,2020-10-12,Billing inquiry,Product setup,Closed,Low,Phone,07:21:00,23:52:00,3
3274,Patricia Johnson,elizabeth68@example.com,27,Female,HP Pavilion,2020-12-26,Refund request,Cancellation request,Closed,Low,Phone,15:37:00,14:18:00,2
3276,Michelle Hernandez,michael58@example.org,58,Female,Sony PlayStation,2020-06-11,Refund request,Product compatibility,Closed,Critical,Chat,04:29:00,03:24:00,4
3277,Erin Jones,umcgee@example.com,30,Female,Apple AirPods,2020-09-02,Refund request,Network problem,Pending Customer Response,Critical,Phone,08:16:00,,
3279,Tanner Palmer,amydavis@example.net,44,Other,Microsoft Xbox Controller,2021-05-05,Cancellation request,Battery life,Pending Customer Response,Critical,Email,15:49:00,,
3280,Rebecca Robinson,brownkathryn@example.net,29,Male,Bose QuietComfort,2020-03-21,Product inquiry,Product setup,Pending Customer Response,Medium,Email,12:21:00,,
3281,David Simpson,apatterson@example.org,64,Female,Nintendo Switch,2020-01-09,Refund request,Product recommendation,Closed,Critical,Social media,01:13:00,18:21:00,3
3284,Colton Dean,stoutmonica@example.com,34,Other,Sony PlayStation,2020-07-24,Billing inquiry,Hardware issue,Pending Customer Response,High,Social media,16:27:00,,
3285,Kristin Robertson,julie14@example.org,50,Male,Garmin Forerunner,2020-08-15,Cancellation request,Product compatibility,Closed,High,Phone,10:33:00,04:21:00,1
3286,Jesse Harris,tharris@example.org,58,Female,Philips Hue Lights,2020-09-05,Cancellation request,Delivery problem,Closed,High,Chat,08:46:00,20:35:00,1
3288,Nathaniel Silva,julia44@example.org,62,Other,PlayStation,2020-03-08,Billing inquiry,Display issue,Pending Customer Response,Medium,Email,21:07:00,,
3290,Kenneth Burnett,cooperashley@example.com,39,Other,Roomba Robot Vacuum,2021-10-22,Technical issue,Payment issue,Closed,High,Chat,04:26:00,22:08:00,1
3292,Michael Lewis,ebennett@example.net,63,Male,GoPro Hero,2020-09-10,Technical issue,Account access,Closed,High,Email,20:30:00,23:29:00,4
3293,Natalie Davis,cynthiabrooks@example.org,43,Female,Samsung Galaxy,2021-11-24,Cancellation request,Payment issue,Closed,Low,Email,18:16:00,21:48:00,5
3294,Dana Velez,ryanhester@example.org,34,Male,Canon EOS,2020-07-02,Product inquiry,Display issue,Closed,Medium,Social media,08:13:00,04:40:00,5
3295,Tanya Gross,ejones@example.org,44,Female,Autodesk AutoCAD,2020-10-15,Cancellation request,Product recommendation,Pending Customer Response,Critical,Phone,10:11:00,,
3296,Richard Sharp,ihall@example.org,69,Male,Bose QuietComfort,2020-06-03,Cancellation request,Battery life,Pending Customer Response,High,Chat,23:21:00,,
3298,Amber Harris,cummingsmariah@example.net,63,Other,Sony 4K HDR TV,2020-02-20,Refund request,Product recommendation,Closed,Medium,Phone,03:34:00,22:59:00,4
3299,Shawn Ward,lrodriguez@example.net,55,Other,Amazon Echo,2021-09-21,Billing inquiry,Payment issue,Closed,Critical,Social media,16:03:00,18:58:00,4
3301,Nicole Mann,kimberlyoconnor@example.org,45,Other,Sony Xperia,2021-12-20,Technical issue,Software bug,Pending Customer Response,Medium,Social media,23:52:00,,
3303,Shelby Sanders,barbaraalexander@example.net,66,Female,Nintendo Switch,2020-01-23,Technical issue,Display issue,Closed,Low,Phone,04:15:00,01:28:00,4
3304,Henry Anderson,dharris@example.org,60,Male,Sony Xperia,2021-03-16,Product inquiry,Product recommendation,Closed,Low,Phone,20:54:00,10:26:00,3
3306,Elizabeth Blanchard,kayla14@example.net,48,Female,Amazon Echo,2020-08-11,Refund request,Cancellation request,Pending Customer Response,Critical,Chat,02:54:00,,
3307,Beverly Smith,david20@example.net,57,Male,Nintendo Switch,2020-06-09,Refund request,Network problem,Pending Customer Response,High,Social media,18:50:00,,
3308,Francisco Campbell,ellismario@example.org,39,Female,GoPro Hero,2021-07-11,Technical issue,Payment issue,Pending Customer Response,High,Social media,15:07:00,,
3309,Daniel Diaz,tayloreric@example.net,38,Male,Sony PlayStation,2020-12-18,Cancellation request,Peripheral compatibility,Pending Customer Response,Low,Social media,10:26:00,,
3311,Melissa Griffin,jonathan86@example.net,30,Female,Canon EOS,2021-08-22,Product inquiry,Payment issue,Pending Customer Response,Critical,Phone,12:15:00,,
3312,Jason Smith,adkinsrandall@example.org,36,Male,Apple AirPods,2021-10-18,Cancellation request,Data loss,Closed,Low,Phone,06:59:00,22:21:00,1
3313,Ariel Davis,bishopamanda@example.org,59,Male,LG Washing Machine,2020-06-20,Billing inquiry,Payment issue,Pending Customer Response,Critical,Social media,01:27:00,,
3314,Andrew Kelly,regina99@example.org,24,Female,Canon EOS,2020-07-19,Product inquiry,Display issue,Closed,High,Social media,22:26:00,19:05:00,3
3315,Brenda Crawford,danielle89@example.org,57,Female,HP Pavilion,2021-01-28,Refund request,Battery life,Pending Customer Response,Low,Email,04:38:00,,
3316,Laura Hayes,joshuaharris@example.net,36,Female,GoPro Action Camera,2021-07-08,Refund request,Product setup,Closed,Medium,Social media,06:03:00,04:57:00,3
3318,Amanda Greene,sharonestes@example.net,68,Male,Microsoft Xbox Controller,2020-11-23,Technical issue,Refund request,Closed,Medium,Email,11:44:00,19:22:00,2
3319,Candice Norman,bmartinez@example.org,34,Female,LG OLED,2020-02-16,Billing inquiry,Payment issue,Pending Customer Response,High,Email,00:56:00,,
3322,Brianna Lee,jmarshall@example.net,19,Other,Sony 4K HDR TV,2020-07-08,Refund request,Product recommendation,Closed,Critical,Phone,11:14:00,23:02:00,3
3325,Juan Wall,denisedillon@example.net,37,Female,Samsung Soundbar,2020-05-27,Product inquiry,Delivery problem,Pending Customer Response,Medium,Chat,23:54:00,,
3328,Scott Black,murphypaul@example.net,70,Female,Microsoft Office,2020-11-25,Product inquiry,Data loss,Closed,Critical,Social media,02:02:00,22:51:00,5
3330,Eileen Lynn,oedwards@example.com,19,Other,Xbox,2020-04-23,Technical issue,Cancellation request,Closed,Low,Email,05:36:00,02:13:00,3
3331,Ronald Murray,jnovak@example.com,58,Male,Asus ROG,2021-08-17,Billing inquiry,Delivery problem,Pending Customer Response,Medium,Email,15:19:00,,
3332,William Kim,carpenterjessica@example.com,45,Male,PlayStation,2020-02-25,Technical issue,Network problem,Pending Customer Response,High,Social media,14:07:00,,
3333,Maria Gutierrez,hannahmelton@example.com,19,Male,Fitbit Versa Smartwatch,2020-02-12,Refund request,Refund request,Pending Customer Response,Medium,Phone,03:56:00,,
3335,John Lee,nguyenlauren@example.org,42,Female,Bose SoundLink Speaker,2020-09-15,Product inquiry,Cancellation request,Closed,Low,Chat,05:34:00,14:33:00,4
3336,William Mcdonald,sarahmathis@example.com,52,Other,Canon DSLR Camera,2020-01-11,Refund request,Product setup,Closed,Medium,Email,03:52:00,23:27:00,1
3337,Sean Roth,robertwebb@example.com,23,Other,Adobe Photoshop,2020-10-12,Technical issue,Product setup,Closed,Low,Email,00:18:00,13:01:00,4
3339,Robert Mann,warrenronald@example.org,31,Female,Apple AirPods,2020-03-17,Product inquiry,Product compatibility,Closed,Medium,Social media,03:12:00,01:33:00,4
3340,Anna Stout,howarddavid@example.com,18,Other,Dyson Vacuum Cleaner,2020-10-14,Billing inquiry,Battery life,Pending Customer Response,Low,Chat,11:52:00,,
3341,Amber Williams,jodi49@example.org,40,Male,Apple AirPods,2021-08-19,Billing inquiry,Account access,Closed,High,Social media,01:43:00,10:39:00,3
3342,Denise Robinson,carremily@example.org,25,Other,GoPro Hero,2020-01-07,Cancellation request,Network problem,Pending Customer Response,High,Phone,20:38:00,,
3343,Brian Grant,clarklinda@example.net,18,Female,iPhone,2021-06-15,Cancellation request,Payment issue,Pending Customer Response,Medium,Chat,13:04:00,,
3344,Jennifer Martinez,dstewart@example.com,36,Other,GoPro Action Camera,2020-12-10,Product inquiry,Account access,Pending Customer Response,High,Phone,16:56:00,,
3346,Tina Martinez,chicks@example.net,41,Female,Amazon Echo,2021-07-30,Cancellation request,Product compatibility,Pending Customer Response,Low,Chat,22:49:00,,
3347,Barry Walker,michelecaldwell@example.com,65,Male,Autodesk AutoCAD,2021-03-02,Refund request,Installation support,Closed,Critical,Social media,17:36:00,14:07:00,3
3348,Charles Bryant,dchavez@example.net,22,Male,Nikon D,2021-03-07,Product inquiry,Software bug,Pending Customer Response,Critical,Social media,19:15:00,,
3349,Julie Carter,stevennixon@example.net,65,Other,Sony Xperia,2020-07-03,Product inquiry,Product recommendation,Closed,Medium,Social media,19:57:00,08:20:00,3
3351,Bonnie Spears,jeannebrown@example.net,18,Male,Fitbit Charge,2020-11-19,Refund request,Battery life,Closed,Critical,Email,09:18:00,20:53:00,5
3353,Jody Hubbard,julianyoung@example.net,65,Male,Asus ROG,2020-06-18,Product inquiry,Peripheral compatibility,Closed,High,Chat,15:10:00,00:15:00,4
3354,Shannon Price,tnguyen@example.net,23,Other,Microsoft Xbox Controller,2020-07-03,Cancellation request,Installation support,Pending Customer Response,High,Social media,04:15:00,,
3356,Sandra Craig,brandoncarter@example.com,52,Female,Philips Hue Lights,2021-01-03,Refund request,Battery life,Closed,Low,Social media,05:39:00,23:28:00,1
3357,Michael Garcia,angelamoore@example.net,42,Female,Fitbit Charge,2020-07-06,Product inquiry,Product compatibility,Pending Customer Response,Low,Email,13:15:00,,
3358,Colin Ryan,stewartsteven@example.net,38,Female,Nintendo Switch,2020-04-01,Billing inquiry,Software bug,Pending Customer Response,Medium,Phone,13:14:00,,
3360,Danny Ramirez,chall@example.net,35,Female,Amazon Kindle,2021-11-05,Technical issue,Refund request,Closed,Medium,Email,14:40:00,15:25:00,3
3361,Mary Vang,kball@example.org,19,Other,iPhone,2021-12-10,Billing inquiry,Product setup,Pending Customer Response,Critical,Chat,05:14:00,,
3362,Danielle Cole,hvillanueva@example.com,62,Other,Nintendo Switch Pro Controller,2020-06-19,Refund request,Product recommendation,Closed,High,Chat,22:07:00,09:28:00,5
3363,Steven Ramirez,josemiller@example.org,26,Male,Microsoft Office,2020-05-25,Refund request,Hardware issue,Closed,High,Phone,06:35:00,22:19:00,1
3364,Ryan Mccarty,hdavis@example.net,49,Female,Microsoft Office,2021-07-10,Billing inquiry,Account access,Pending Customer Response,Low,Chat,12:29:00,,
3365,Jason Flores,jonathanlyons@example.com,45,Male,Garmin Forerunner,2020-08-30,Cancellation request,Installation support,Pending Customer Response,High,Chat,02:53:00,,
3366,Traci Williams,mitchelljennifer@example.com,55,Male,Fitbit Versa Smartwatch,2020-04-25,Cancellation request,Product recommendation,Closed,Critical,Phone,13:33:00,15:14:00,1
3367,Daniel Wagner,jwest@example.net,67,Male,LG OLED,2021-10-15,Technical issue,Hardware issue,Pending Customer Response,Critical,Phone,03:52:00,,
3368,Jeffery Campbell,pmitchell@example.net,61,Female,PlayStation,2020-05-18,Billing inquiry,Product setup,Pending Customer Response,High,Email,10:38:00,,
3369,Eric Kennedy,carrollandrew@example.net,40,Other,Roomba Robot Vacuum,2020-10-11,Cancellation request,Display issue,Pending Customer Response,Medium,Email,06:59:00,,
3370,Robert Mcpherson,iscott@example.com,57,Other,Nintendo Switch,2021-11-23,Billing inquiry,Product setup,Closed,Low,Chat,01:13:00,14:50:00,2
3371,William Aguirre,summerlee@example.com,34,Female,Microsoft Xbox Controller,2020-10-08,Cancellation request,Data loss,Closed,Low,Social media,03:42:00,17:42:00,2
3372,Anita Green,kathleenduke@example.com,41,Male,Lenovo ThinkPad,2021-10-28,Technical issue,Network problem,Pending Customer Response,Medium,Chat,20:52:00,,
3373,Mrs. Cheryl Lozano,patrick75@example.com,67,Female,Roomba Robot Vacuum,2021-12-23,Technical issue,Hardware issue,Pending Customer Response,High,Email,13:34:00,,
3374,Sherry Olsen,dawn90@example.com,54,Other,Amazon Echo,2020-08-13,Product inquiry,Product compatibility,Pending Customer Response,High,Chat,22:13:00,,
3375,Deborah Gray,jamescortez@example.org,47,Other,Amazon Kindle,2021-02-09,Technical issue,Account access,Closed,Critical,Social media,09:22:00,21:46:00,1
3377,Martin Atkins,hernandezchristine@example.org,48,Female,LG OLED,2020-04-17,Technical issue,Data loss,Closed,Low,Social media,03:28:00,21:24:00,1
3378,Amber Jenkins,melanie21@example.com,22,Male,Xbox,2020-05-18,Technical issue,Installation support,Pending Customer Response,Medium,Chat,20:51:00,,
3379,Patrick Smith,nicole63@example.net,27,Male,Samsung Soundbar,2021-09-14,Product inquiry,Product compatibility,Closed,High,Phone,14:50:00,17:53:00,3
3380,Sarah Farmer,qhenson@example.net,35,Other,Samsung Galaxy,2021-12-13,Refund request,Delivery problem,Closed,Medium,Phone,17:13:00,21:51:00,4
3382,Eileen Johnson,pmoore@example.com,65,Male,Nest Thermostat,2021-02-14,Cancellation request,Cancellation request,Closed,Critical,Email,12:20:00,20:00:00,1
3383,Brian Norman,nathan62@example.com,57,Other,Adobe Photoshop,2020-10-30,Cancellation request,Refund request,Closed,Medium,Chat,21:38:00,21:00:00,1
3384,Adam Morgan,stantondonna@example.org,53,Female,Asus ROG,2021-11-02,Refund request,Peripheral compatibility,Pending Customer Response,High,Chat,05:26:00,,
3385,Paige Mueller,wilkinsmitchell@example.org,23,Female,Dyson Vacuum Cleaner,2021-01-31,Billing inquiry,Software bug,Closed,Medium,Chat,08:59:00,15:30:00,4
3387,Mr. Kurt White,nguyencourtney@example.org,51,Male,Apple AirPods,2020-08-08,Technical issue,Account access,Pending Customer Response,High,Chat,07:41:00,,
3388,Sara Hess,ericksonamy@example.net,62,Male,GoPro Action Camera,2020-06-02,Refund request,Hardware issue,Closed,Critical,Chat,11:41:00,00:20:00,4
3390,Stephanie Brennan,crystal57@example.com,53,Other,Amazon Kindle,2020-08-02,Technical issue,Cancellation request,Closed,Critical,Email,07:58:00,09:49:00,4
3391,Jonathan Morris,jenniferwolf@example.com,57,Male,Apple AirPods,2020-12-13,Billing inquiry,Peripheral compatibility,Closed,Medium,Phone,00:46:00,19:02:00,2
3393,Jeremy Ortiz,michael12@example.net,56,Other,Canon DSLR Camera,2020-01-14,Refund request,Product setup,Closed,Medium,Chat,07:47:00,07:26:00,4
3394,Brittany Evans,andersonandrew@example.org,40,Male,LG Washing Machine,2021-12-09,Cancellation request,Battery life,Pending Customer Response,Critical,Email,04:06:00,,
3395,Raymond Cook,nancyriley@example.net,23,Other,Amazon Echo,2020-02-15,Cancellation request,Software bug,Pending Customer Response,Medium,Phone,11:41:00,,
3396,Anthony Myers,currycheryl@example.net,65,Female,Fitbit Charge,2021-05-12,Cancellation request,Delivery problem,Closed,High,Social media,04:30:00,05:56:00,1
3398,Vincent Barron,obell@example.com,49,Male,LG Washing Machine,2021-05-10,Cancellation request,Delivery problem,Closed,Critical,Phone,03:45:00,19:16:00,2
3399,William Price,charlotteevans@example.net,60,Female,Google Pixel,2020-12-08,Product inquiry,Product recommendation,Closed,Low,Social media,19:36:00,13:34:00,3
3400,Todd Chen,kevin12@example.com,53,Other,Nintendo Switch,2021-07-10,Refund request,Data loss,Closed,Critical,Email,08:44:00,11:20:00,1
3401,James Lee,qcross@example.org,55,Other,Nintendo Switch Pro Controller,2020-05-15,Product inquiry,Peripheral compatibility,Pending Customer Response,High,Chat,16:37:00,,
3402,Rickey Kirby,brownthomas@example.org,31,Female,LG Washing Machine,2020-06-26,Cancellation request,Product recommendation,Pending Customer Response,Critical,Chat,06:01:00,,
3403,Olivia Rios,paul64@example.net,28,Female,Nikon D,2021-12-15,Product inquiry,Display issue,Pending Customer Response,Medium,Phone,11:19:00,,
3405,Richard Herman,nancy34@example.org,24,Other,Sony PlayStation,2021-08-22,Refund request,Display issue,Closed,High,Phone,14:51:00,03:36:00,1
3406,Danielle Ayala,kfuller@example.net,62,Female,Nest Thermostat,2021-10-04,Cancellation request,Account access,Pending Customer Response,Medium,Email,19:42:00,,
3407,Justin Castillo,stephen46@example.org,62,Other,Bose SoundLink Speaker,2021-12-20,Refund request,Delivery problem,Pending Customer Response,High,Social media,09:47:00,,
3408,Richard Nichols,zreeves@example.com,60,Female,Autodesk AutoCAD,2021-08-13,Refund request,Product setup,Closed,Medium,Email,21:56:00,22:23:00,2
3409,Claudia Delgado,shall@example.com,59,Other,Xbox,2020-04-13,Technical issue,Installation support,Pending Customer Response,Critical,Phone,23:29:00,,
3410,Kimberly Anderson,natalie63@example.com,44,Female,GoPro Hero,2021-10-12,Cancellation request,Payment issue,Pending Customer Response,Medium,Email,02:47:00,,
3411,Anthony Goodwin,michaelerickson@example.com,62,Other,Roomba Robot Vacuum,2020-10-19,Product inquiry,Payment issue,Pending Customer Response,Medium,Email,02:16:00,,
3412,Matthew Ramirez,jeremy52@example.com,23,Female,Bose QuietComfort,2021-07-19,Refund request,Delivery problem,Pending Customer Response,Low,Email,07:33:00,,
3413,Bridget Washington,sarahharper@example.org,65,Male,Philips Hue Lights,2021-05-06,Billing inquiry,Peripheral compatibility,Closed,Medium,Chat,00:12:00,09:23:00,3
3417,Aaron Norris,scott33@example.org,26,Female,Sony 4K HDR TV,2020-08-12,Technical issue,Installation support,Pending Customer Response,High,Email,23:12:00,,
3418,Jeremy Ross,frodriguez@example.com,33,Male,LG Washing Machine,2020-03-23,Refund request,Network problem,Closed,High,Email,14:42:00,13:03:00,5
3420,Danny Johnson,jonathan90@example.org,65,Male,Fitbit Versa Smartwatch,2021-01-21,Billing inquiry,Display issue,Pending Customer Response,Medium,Email,18:52:00,,
3421,Jamie Foley,keith79@example.org,33,Female,Asus ROG,2020-12-25,Technical issue,Product setup,Closed,Medium,Email,00:58:00,19:24:00,4
3422,Lance Shannon,holdendavid@example.org,34,Other,Microsoft Office,2020-01-05,Billing inquiry,Delivery problem,Pending Customer Response,Low,Social media,00:07:00,,
3423,Yolanda Davidson,rrios@example.com,56,Female,Nest Thermostat,2020-09-18,Technical issue,Software bug,Pending Customer Response,Low,Email,23:01:00,,
3424,Jason Morrison,smithcassandra@example.net,54,Male,GoPro Hero,2021-05-20,Cancellation request,Installation support,Closed,High,Social media,01:06:00,19:33:00,5
3425,Kimberly Keller,camposwilliam@example.com,60,Male,Google Pixel,2020-03-27,Technical issue,Software bug,Pending Customer Response,Medium,Social media,23:40:00,,
3426,Paula Huber,rsharp@example.net,49,Other,LG Smart TV,2020-07-16,Refund request,Peripheral compatibility,Closed,High,Chat,22:23:00,05:32:00,5
3427,Cindy Young,nortonthomas@example.com,42,Male,GoPro Hero,2021-09-17,Cancellation request,Refund request,Closed,Medium,Phone,07:56:00,01:46:00,3
3430,Michael Rivera Jr.,nicolemoody@example.com,63,Other,Dyson Vacuum Cleaner,2021-04-12,Product inquiry,Battery life,Pending Customer Response,Critical,Social media,06:35:00,,
3433,Michelle Palmer,rodriguezmichelle@example.com,21,Male,Bose SoundLink Speaker,2020-02-25,Cancellation request,Data loss,Closed,Critical,Social media,17:38:00,09:04:00,4
3434,Kevin Luna,kara09@example.com,20,Female,Autodesk AutoCAD,2021-08-09,Cancellation request,Cancellation request,Pending Customer Response,Low,Email,09:28:00,,
3435,Keith Dominguez,thomaskelly@example.net,55,Other,Canon DSLR Camera,2020-11-16,Billing inquiry,Installation support,Pending Customer Response,Medium,Chat,02:30:00,,
3437,Diamond Brown,anthonyhester@example.net,65,Male,Apple AirPods,2021-11-20,Technical issue,Battery life,Pending Customer Response,Critical,Chat,08:53:00,,
3440,Kevin Flores,qlopez@example.net,33,Male,HP Pavilion,2021-10-12,Product inquiry,Product setup,Closed,Critical,Phone,09:12:00,11:08:00,1
3441,Christian Goodman,daniel92@example.org,37,Other,Samsung Soundbar,2021-09-10,Technical issue,Product recommendation,Pending Customer Response,High,Phone,12:50:00,,
3444,Ronald Hernandez,yjohnston@example.com,42,Female,Sony 4K HDR TV,2021-09-01,Product inquiry,Battery life,Closed,Medium,Phone,12:14:00,00:06:00,5
3445,Stephanie Huber,rcastro@example.net,47,Other,Philips Hue Lights,2021-09-19,Cancellation request,Network problem,Pending Customer Response,Critical,Phone,07:52:00,,
3447,Sarah Odonnell,reevessusan@example.com,69,Other,Sony PlayStation,2021-06-11,Product inquiry,Peripheral compatibility,Closed,High,Email,06:34:00,17:09:00,3
3449,Grant Thomas,xstevenson@example.com,29,Male,Fitbit Versa Smartwatch,2020-07-04,Refund request,Refund request,Pending Customer Response,Critical,Social media,23:32:00,,
3456,Heather Russell,ywalter@example.com,69,Female,iPhone,2020-06-10,Cancellation request,Display issue,Pending Customer Response,Critical,Email,04:28:00,,
3458,Ashley Bailey,cturner@example.org,44,Male,Bose SoundLink Speaker,2020-02-13,Refund request,Battery life,Pending Customer Response,Low,Chat,01:10:00,,
3460,Walter Fox,patrickking@example.net,20,Female,Apple AirPods,2021-05-08,Product inquiry,Battery life,Closed,High,Chat,18:31:00,15:48:00,4
3461,Matthew Morales,donaldhuffman@example.net,39,Male,HP Pavilion,2020-09-01,Technical issue,Product setup,Closed,Medium,Social media,01:01:00,03:01:00,5
3464,Brittany Simpson,zhill@example.com,43,Male,Sony PlayStation,2020-07-03,Refund request,Peripheral compatibility,Pending Customer Response,Low,Email,13:07:00,,
3467,Crystal Carpenter,willie21@example.com,18,Female,GoPro Hero,2021-07-05,Refund request,Display issue,Closed,Low,Social media,15:38:00,09:55:00,4
3469,Joshua Hughes,whiteallison@example.com,43,Male,Bose QuietComfort,2021-07-22,Product inquiry,Cancellation request,Pending Customer Response,High,Phone,19:10:00,,
3471,Dana Wallace,jonespeter@example.net,32,Female,Canon EOS,2020-05-24,Billing inquiry,Installation support,Closed,Critical,Chat,18:51:00,06:36:00,3
3474,Eric Johnson,qbautista@example.com,54,Other,Samsung Galaxy,2020-03-23,Product inquiry,Product compatibility,Closed,Critical,Chat,22:37:00,20:15:00,5
3477,Nathan Rivera,caldwellmatthew@example.org,32,Female,Apple AirPods,2021-03-16,Billing inquiry,Data loss,Closed,Low,Email,23:44:00,11:58:00,3
3478,Jacob Tanner,ronaldsampson@example.org,34,Other,Nintendo Switch Pro Controller,2020-12-23,Refund request,Payment issue,Closed,Critical,Phone,13:39:00,11:13:00,5
3479,Kevin Rodriguez,thompsonjoshua@example.net,33,Male,Philips Hue Lights,2021-06-15,Refund request,Software bug,Closed,Critical,Social media,09:38:00,21:58:00,5
3480,Angela Wilson,ajohnson@example.com,21,Other,Canon EOS,2020-09-16,Cancellation request,Battery life,Closed,Medium,Social media,20:12:00,00:47:00,1
3481,Michelle Suarez,robert26@example.net,63,Other,Bose SoundLink Speaker,2020-08-09,Technical issue,Payment issue,Pending Customer Response,High,Email,07:29:00,,
3483,Denise Conley,annette77@example.org,26,Female,Samsung Soundbar,2020-04-29,Billing inquiry,Refund request,Pending Customer Response,Critical,Phone,17:20:00,,
3484,Linda Ruiz,mendozaadriana@example.org,37,Male,Garmin Forerunner,2020-12-25,Technical issue,Display issue,Closed,High,Social media,06:54:00,15:07:00,5
3485,Brittany Jenkins,hernandezkevin@example.org,27,Female,Lenovo ThinkPad,2021-10-12,Refund request,Data loss,Pending Customer Response,High,Social media,06:26:00,,
3486,Ryan Peterson,adavis@example.net,26,Female,Roomba Robot Vacuum,2020-12-17,Technical issue,Network problem,Pending Customer Response,Critical,Email,18:21:00,,
3488,Rachel Carr,cynthia51@example.net,55,Female,Dell XPS,2020-06-27,Billing inquiry,Peripheral compatibility,Pending Customer Response,Medium,Chat,06:43:00,,
3490,Tyler Cortez,gharris@example.com,33,Other,Bose SoundLink Speaker,2020-03-01,Technical issue,Product compatibility,Closed,Medium,Social media,19:12:00,23:07:00,2
3491,Rhonda Hurley,webbtimothy@example.net,60,Male,Sony PlayStation,2021-10-13,Product inquiry,Product setup,Pending Customer Response,Low,Email,00:53:00,,
3492,Carol Myers,margaret73@example.org,19,Female,Fitbit Versa Smartwatch,2021-04-19,Product inquiry,Software bug,Pending Customer Response,Medium,Email,07:24:00,,
3493,Chris Hayes,terrence58@example.org,49,Male,HP Pavilion,2020-02-14,Product inquiry,Software bug,Pending Customer Response,Medium,Email,14:00:00,,
3494,Michael Fuller,stephenklein@example.org,64,Male,Sony 4K HDR TV,2020-10-13,Billing inquiry,Network problem,Pending Customer Response,Medium,Chat,01:25:00,,
3495,Christopher Herrera,svillegas@example.net,61,Female,Garmin Forerunner,2020-10-29,Billing inquiry,Product setup,Pending Customer Response,High,Email,12:49:00,,
3498,David Sims,matthewwheeler@example.org,56,Male,Sony 4K HDR TV,2020-01-20,Product inquiry,Peripheral compatibility,Pending Customer Response,Critical,Chat,11:46:00,,
3499,Jeffery Fox,dalton56@example.com,37,Other,Fitbit Charge,2020-09-17,Technical issue,Product compatibility,Pending Customer Response,Critical,Chat,22:34:00,,
3500,Christie Walker,allencole@example.net,42,Female,Apple AirPods,2020-09-13,Technical issue,Installation support,Pending Customer Response,Low,Email,19:28:00,,
3502,Katelyn Sexton,beandanny@example.com,34,Female,Microsoft Office,2021-11-03,Refund request,Refund request,Pending Customer Response,Critical,Phone,21:06:00,,
3504,Paul English,garrettlittle@example.org,66,Other,Nest Thermostat,2020-01-19,Cancellation request,Peripheral compatibility,Pending Customer Response,Medium,Phone,07:50:00,,
3506,Rhonda Ellis,heidistewart@example.org,69,Male,Bose QuietComfort,2020-09-10,Billing inquiry,Payment issue,Closed,Critical,Chat,22:25:00,05:54:00,2
3507,Ms. Brandi Munoz,elizabethsilva@example.org,40,Other,iPhone,2020-07-12,Product inquiry,Payment issue,Pending Customer Response,Medium,Phone,14:51:00,,
3508,Sandra Haley,paula30@example.com,55,Male,Sony 4K HDR TV,2021-01-11,Product inquiry,Data loss,Pending Customer Response,Medium,Social media,15:47:00,,
3511,Danielle Marsh,porterbriana@example.com,29,Male,Microsoft Surface,2020-08-06,Cancellation request,Display issue,Closed,Low,Social media,15:11:00,00:14:00,5
3512,Nicole Fisher,lopezcharles@example.org,25,Other,Samsung Soundbar,2020-08-08,Technical issue,Peripheral compatibility,Pending Customer Response,High,Social media,20:31:00,,
3513,Brittany Lane,robert12@example.com,61,Other,Fitbit Charge,2020-01-26,Technical issue,Delivery problem,Closed,High,Social media,15:21:00,04:49:00,1
3514,Austin Campbell,kshaw@example.net,61,Female,Apple AirPods,2021-06-01,Technical issue,Peripheral compatibility,Closed,Low,Phone,17:28:00,18:39:00,1
3516,Nancy Roth,theresa82@example.org,54,Other,Apple AirPods,2021-08-29,Cancellation request,Software bug,Pending Customer Response,High,Social media,05:21:00,,
3517,Tammy Lopez,john46@example.net,23,Other,LG OLED,2021-12-06,Technical issue,Network problem,Pending Customer Response,Medium,Chat,18:55:00,,
3518,Jonathan Gonzales,lewisangela@example.org,33,Other,Nintendo Switch Pro Controller,2021-12-21,Technical issue,Cancellation request,Pending Customer Response,Low,Phone,14:26:00,,
3519,Judy Jennings,elizabeth97@example.com,58,Other,Bose SoundLink Speaker,2021-04-30,Technical issue,Payment issue,Closed,Critical,Phone,13:33:00,18:24:00,2
3520,Karen Watson,kmoore@example.net,50,Male,Autodesk AutoCAD,2020-11-29,Billing inquiry,Product compatibility,Closed,Critical,Chat,06:40:00,09:56:00,5
3523,Jennifer Olson,savannahdelgado@example.org,63,Male,Google Nest,2021-06-15,Technical issue,Data loss,Closed,Low,Email,04:03:00,01:03:00,2
3524,Jacqueline Taylor,douglas14@example.org,23,Male,Google Pixel,2020-05-04,Product inquiry,Network problem,Closed,Critical,Email,12:20:00,06:26:00,5
3525,Casey Graham,jeffreyellis@example.net,21,Male,Fitbit Charge,2020-01-21,Cancellation request,Installation support,Closed,High,Social media,11:19:00,17:05:00,4
3526,Angela Nguyen,meganmedina@example.net,19,Other,LG Washing Machine,2021-08-07,Refund request,Account access,Pending Customer Response,Critical,Chat,00:15:00,,
3527,David Williams,twells@example.com,36,Other,MacBook Pro,2021-05-22,Technical issue,Data loss,Closed,High,Social media,01:24:00,02:28:00,5
3528,John Escobar,gutierrezkevin@example.org,68,Other,Canon DSLR Camera,2021-08-08,Product inquiry,Battery life,Closed,Critical,Email,22:20:00,11:33:00,2
3531,Peter Anderson,matthew14@example.com,32,Other,Adobe Photoshop,2021-05-22,Technical issue,Product compatibility,Pending Customer Response,Low,Social media,07:55:00,,
3532,Amy Chase,jessica01@example.com,21,Male,Bose SoundLink Speaker,2021-01-13,Billing inquiry,Product recommendation,Closed,Low,Phone,18:22:00,07:49:00,1
3533,Kathryn Thompson,cowanrobert@example.com,22,Other,Google Nest,2020-06-25,Billing inquiry,Product setup,Pending Customer Response,High,Chat,06:05:00,,
3534,Sara Mckenzie,melissa11@example.net,39,Male,Dell XPS,2021-02-07,Billing inquiry,Product compatibility,Closed,High,Phone,06:44:00,12:52:00,1
3537,Brandi Nelson,jennifermoon@example.com,44,Female,Lenovo ThinkPad,2020-01-18,Billing inquiry,Product recommendation,Pending Customer Response,High,Chat,05:47:00,,
3539,Maria Welch,cmiller@example.com,44,Female,Nikon D,2021-07-17,Billing inquiry,Product recommendation,Closed,Low,Chat,01:59:00,09:04:00,3
3540,Gabriel Marsh,pollardstephanie@example.com,48,Other,Apple AirPods,2021-05-01,Technical issue,Display issue,Pending Customer Response,Critical,Social media,00:16:00,,
3541,Robert Hart,ymitchell@example.com,54,Female,Sony 4K HDR TV,2020-01-29,Product inquiry,Account access,Closed,Low,Email,07:04:00,18:47:00,5
3542,Heather Taylor,valerie02@example.org,65,Other,Google Pixel,2021-05-08,Cancellation request,Product compatibility,Closed,Critical,Email,22:46:00,20:15:00,3
3543,Kimberly Smith,fjones@example.org,58,Other,MacBook Pro,2020-07-21,Product inquiry,Battery life,Pending Customer Response,Medium,Phone,07:11:00,,
3544,Brandi White,ijackson@example.org,36,Male,Philips Hue Lights,2020-05-19,Cancellation request,Battery life,Pending Customer Response,High,Phone,08:01:00,,
3545,Jeremiah Anderson,astewart@example.net,34,Male,Bose SoundLink Speaker,2020-12-21,Cancellation request,Cancellation request,Closed,Low,Social media,17:34:00,02:36:00,4
3546,Lisa Hicks,jademorris@example.net,27,Male,Adobe Photoshop,2021-12-05,Product inquiry,Software bug,Closed,Medium,Social media,11:06:00,00:08:00,3
3548,Morgan Waters,nmueller@example.org,67,Male,Fitbit Charge,2020-02-29,Cancellation request,Installation support,Pending Customer Response,High,Social media,21:13:00,,
3549,James Woods,stephanieflores@example.com,40,Female,PlayStation,2021-12-04,Refund request,Peripheral compatibility,Closed,Low,Phone,08:52:00,16:41:00,4
3550,Scott Reeves,paula71@example.org,42,Other,Amazon Kindle,2020-11-03,Product inquiry,Product recommendation,Pending Customer Response,Medium,Chat,01:07:00,,
3551,Edward Baker,choikathleen@example.net,42,Other,Nintendo Switch,2020-07-27,Technical issue,Display issue,Pending Customer Response,Medium,Chat,14:53:00,,
3552,Courtney Gallagher,bobbydavis@example.net,43,Male,Apple AirPods,2020-05-27,Technical issue,Cancellation request,Closed,Critical,Chat,19:22:00,17:45:00,1
3553,Lauren Wilson,isaiahharris@example.net,51,Other,Asus ROG,2021-12-17,Product inquiry,Account access,Pending Customer Response,Low,Social media,15:55:00,,
3554,Jacob Weber,gmyers@example.com,26,Other,LG OLED,2021-06-30,Cancellation request,Battery life,Closed,Low,Chat,04:06:00,11:25:00,5
3557,Regina Torres,grantmichael@example.org,60,Female,Nest Thermostat,2021-01-24,Refund request,Display issue,Pending Customer Response,Critical,Social media,03:12:00,,
3558,Curtis Miles,higginsjoanna@example.com,47,Female,Roomba Robot Vacuum,2021-12-19,Cancellation request,Display issue,Pending Customer Response,Low,Phone,22:24:00,,
3559,Lauren Cole,brian02@example.org,60,Male,Sony 4K HDR TV,2020-04-07,Product inquiry,Refund request,Closed,Critical,Social media,10:35:00,14:09:00,1
3561,Laura Ross,ashley91@example.net,20,Male,Nest Thermostat,2020-01-31,Cancellation request,Product setup,Closed,High,Social media,07:02:00,08:50:00,5
3564,Christopher Cooper,david25@example.org,22,Female,Bose SoundLink Speaker,2021-08-29,Technical issue,Product compatibility,Closed,High,Chat,15:29:00,15:54:00,1
3566,Erin Jones,shieldsderek@example.com,67,Female,iPhone,2020-05-07,Billing inquiry,Hardware issue,Pending Customer Response,Critical,Social media,22:19:00,,
3567,Karen Perez,kerrjoshua@example.org,52,Female,Sony PlayStation,2020-04-16,Technical issue,Product setup,Pending Customer Response,Critical,Social media,20:51:00,,
3568,Kathy Kaiser,matthewcooper@example.org,54,Other,LG OLED,2021-07-23,Technical issue,Hardware issue,Pending Customer Response,Critical,Email,08:47:00,,
3572,Patricia Nelson,osbornekaren@example.org,54,Female,GoPro Hero,2020-09-02,Billing inquiry,Delivery problem,Closed,Low,Email,20:45:00,19:17:00,2
3575,Terry Miller,lee05@example.com,32,Male,Amazon Echo,2020-10-28,Technical issue,Refund request,Pending Customer Response,High,Social media,00:00:00,,
3576,Dana Johnson,brandyhughes@example.com,38,Male,Sony PlayStation,2020-07-30,Refund request,Product recommendation,Closed,Low,Email,23:09:00,18:06:00,5
3577,Matthew Carpenter,kwells@example.net,33,Other,Microsoft Office,2021-12-10,Refund request,Software bug,Closed,Medium,Email,11:37:00,04:34:00,4
3578,Bethany Powell,cameronjerry@example.com,45,Female,Nintendo Switch Pro Controller,2020-06-27,Refund request,Software bug,Pending Customer Response,Medium,Chat,03:23:00,,
3579,Laura Davis,cryan@example.org,30,Other,Microsoft Office,2020-07-18,Cancellation request,Payment issue,Closed,Critical,Phone,23:28:00,13:08:00,4
3580,Christopher Romero,kgordon@example.com,55,Female,Canon DSLR Camera,2021-01-16,Refund request,Cancellation request,Closed,Critical,Chat,08:19:00,10:00:00,3
3581,Maria Lee,zward@example.net,54,Female,Fitbit Charge,2020-10-21,Billing inquiry,Product compatibility,Pending Customer Response,Low,Email,14:29:00,,
3582,Kyle Flores,bradleystanley@example.net,67,Male,HP Pavilion,2020-04-30,Technical issue,Peripheral compatibility,Closed,Low,Chat,21:30:00,10:32:00,5
3583,Jeremy Schwartz,kimberlywhite@example.org,18,Female,Microsoft Xbox Controller,2021-12-06,Technical issue,Refund request,Closed,High,Email,18:40:00,19:58:00,4
3584,Michelle Rodgers,wandamccall@example.org,54,Other,HP Pavilion,2020-08-03,Product inquiry,Peripheral compatibility,Pending Customer Response,High,Social media,09:00:00,,
3585,Victoria Allison,beth19@example.org,61,Female,Roomba Robot Vacuum,2020-07-07,Billing inquiry,Refund request,Closed,Critical,Phone,11:05:00,01:56:00,2
3587,Ebony Wilson,christina10@example.net,41,Other,Xbox,2020-10-29,Cancellation request,Software bug,Closed,Medium,Chat,04:09:00,03:33:00,5
3588,Lisa Smith,dakota86@example.com,62,Male,Lenovo ThinkPad,2020-07-31,Refund request,Delivery problem,Pending Customer Response,Low,Social media,08:45:00,,
3590,Anthony Giles,michelle55@example.org,37,Female,Amazon Echo,2021-03-14,Refund request,Account access,Closed,Low,Email,19:50:00,19:50:00,2
3591,Melissa Garner,danielleyoung@example.org,46,Other,Fitbit Charge,2020-11-07,Billing inquiry,Software bug,Pending Customer Response,Low,Phone,09:17:00,,
3592,Olivia Lambert,wschwartz@example.org,62,Other,LG Smart TV,2020-11-10,Refund request,Payment issue,Closed,Low,Phone,12:48:00,20:58:00,2
3593,Heather Henderson,welliott@example.com,58,Other,Garmin Forerunner,2021-03-04,Billing inquiry,Hardware issue,Pending Customer Response,Critical,Phone,00:17:00,,
3594,Sara Murray,gguerra@example.org,51,Female,PlayStation,2021-10-04,Product inquiry,Installation support,Pending Customer Response,Critical,Email,06:59:00,,
3595,Faith Martin,gonzalesdeborah@example.net,59,Other,Google Nest,2021-02-03,Billing inquiry,Product compatibility,Closed,Low,Phone,22:58:00,00:06:00,5
3596,Pamela Pruitt,alexisrogers@example.org,55,Male,Nintendo Switch Pro Controller,2021-01-01,Product inquiry,Battery life,Pending Customer Response,Medium,Phone,11:09:00,,
3597,John Bond,jharris@example.com,48,Male,Nintendo Switch Pro Controller,2020-12-27,Refund request,Installation support,Pending Customer Response,High,Social media,00:58:00,,
3598,Bonnie Sullivan,michelle43@example.org,40,Male,iPhone,2021-05-04,Technical issue,Data loss,Pending Customer Response,Medium,Phone,08:14:00,,
3599,Kaylee Rivera,nwilkinson@example.org,55,Female,Asus ROG,2020-02-16,Cancellation request,Product setup,Closed,High,Phone,10:53:00,02:15:00,5
3601,Ashley Pruitt,glenda02@example.com,60,Male,Adobe Photoshop,2021-03-17,Technical issue,Product setup,Closed,Critical,Chat,17:42:00,13:22:00,5
3604,Brent West,robertsjoseph@example.com,65,Female,iPhone,2021-06-01,Refund request,Peripheral compatibility,Pending Customer Response,Critical,Phone,09:45:00,,
3605,Crystal Moore,kristensmith@example.org,36,Male,Microsoft Office,2020-06-27,Technical issue,Cancellation request,Closed,Critical,Social media,19:42:00,20:43:00,3
3610,Matthew Perez,zgarcia@example.org,48,Male,PlayStation,2020-09-15,Billing inquiry,Product compatibility,Closed,High,Social media,18:48:00,11:50:00,2
3611,Julie Nelson,vlamb@example.com,56,Male,Sony Xperia,2020-08-27,Refund request,Network problem,Pending Customer Response,Medium,Chat,01:49:00,,
3613,Mathew Gonzales,stevensjames@example.net,40,Male,Xbox,2021-11-03,Billing inquiry,Payment issue,Pending Customer Response,Low,Email,05:45:00,,
3614,Patricia Yang,patrick84@example.com,50,Other,Roomba Robot Vacuum,2020-07-24,Product inquiry,Network problem,Pending Customer Response,Medium,Chat,20:32:00,,
3618,Kyle Wilson,parkercody@example.net,48,Other,Dell XPS,2021-08-31,Cancellation request,Battery life,Closed,Low,Email,11:30:00,04:44:00,1
3619,Jordan Black,robert34@example.com,64,Other,GoPro Action Camera,2021-07-11,Refund request,Battery life,Pending Customer Response,Medium,Email,19:22:00,,
3620,April Lopez,victor56@example.org,55,Other,LG Smart TV,2021-06-20,Product inquiry,Network problem,Pending Customer Response,Critical,Email,07:52:00,,
3621,Roberta Robinson,dmiller@example.org,26,Male,GoPro Hero,2020-05-22,Cancellation request,Refund request,Pending Customer Response,Medium,Social media,13:16:00,,
3622,Wesley Rollins,npage@example.org,46,Male,Sony PlayStation,2021-03-25,Technical issue,Product setup,Closed,High,Phone,18:09:00,10:39:00,3
3624,Richard Clark,kcordova@example.com,44,Male,iPhone,2020-09-26,Cancellation request,Network problem,Closed,Medium,Chat,21:07:00,14:12:00,3
3627,Michelle Schneider,david52@example.net,55,Other,Amazon Echo,2021-03-15,Technical issue,Data loss,Pending Customer Response,High,Social media,18:39:00,,
3628,Jacob Buchanan,oadams@example.net,44,Other,LG OLED,2021-06-26,Refund request,Account access,Closed,High,Chat,07:12:00,14:35:00,5
3631,Patrick Green,victoria30@example.net,67,Female,Sony Xperia,2021-01-14,Refund request,Peripheral compatibility,Pending Customer Response,High,Email,20:22:00,,
3632,Jessica Sanchez,nashcody@example.com,41,Other,Amazon Kindle,2020-02-20,Cancellation request,Refund request,Pending Customer Response,Critical,Email,18:30:00,,
3634,Dale Ruiz,evan91@example.org,22,Male,Microsoft Office,2021-03-18,Cancellation request,Payment issue,Pending Customer Response,Medium,Phone,00:37:00,,
3635,Anthony Benjamin,andrearobertson@example.net,26,Other,Fitbit Versa Smartwatch,2021-11-06,Product inquiry,Delivery problem,Closed,Critical,Email,11:44:00,18:43:00,3
3637,Christy Johnson,mpatel@example.net,44,Other,HP Pavilion,2020-01-29,Billing inquiry,Refund request,Closed,Low,Email,11:05:00,12:37:00,1
3639,Sabrina Harris,brooke68@example.com,31,Other,Adobe Photoshop,2020-07-21,Product inquiry,Data loss,Pending Customer Response,Medium,Phone,06:59:00,,
3640,Christian Turner,matthew98@example.net,22,Male,Nest Thermostat,2021-11-03,Refund request,Peripheral compatibility,Pending Customer Response,Critical,Chat,18:17:00,,
3642,Diane Smith,bfernandez@example.org,46,Other,Samsung Galaxy,2021-05-17,Cancellation request,Product compatibility,Pending Customer Response,Critical,Email,02:56:00,,
3643,Leon Barnes,walkerangela@example.net,37,Male,Xbox,2020-03-05,Refund request,Network problem,Pending Customer Response,Low,Social media,00:28:00,,
3646,Gail Beck,davidhunter@example.net,22,Male,GoPro Action Camera,2020-03-16,Product inquiry,Payment issue,Closed,Low,Social media,09:41:00,12:24:00,3
3647,Robert Matthews,stevenjohnson@example.com,36,Male,Sony Xperia,2020-10-16,Product inquiry,Refund request,Pending Customer Response,Critical,Phone,04:38:00,,
3649,Andrew Cunningham,hernandezmichael@example.net,65,Male,PlayStation,2020-04-29,Cancellation request,Peripheral compatibility,Closed,High,Chat,05:52:00,12:14:00,3
3650,Brian Wood,ealvarez@example.org,38,Male,Sony Xperia,2020-12-02,Cancellation request,Installation support,Closed,Medium,Chat,06:54:00,08:16:00,5
3651,Nathan Elliott,washingtonveronica@example.net,20,Male,Philips Hue Lights,2021-10-01,Product inquiry,Display issue,Pending Customer Response,Medium,Social media,06:24:00,,
3652,Devin Mason,zachary10@example.com,22,Female,Microsoft Office,2020-12-18,Refund request,Display issue,Closed,Low,Email,15:31:00,02:54:00,2
3653,Virginia Schwartz,loganperry@example.net,18,Male,Philips Hue Lights,2021-05-28,Product inquiry,Data loss,Closed,Medium,Phone,04:31:00,10:16:00,5
3655,Alexandra Gonzalez,kenneththompson@example.net,26,Male,Fitbit Versa Smartwatch,2021-11-28,Billing inquiry,Delivery problem,Closed,Medium,Chat,01:37:00,19:28:00,3
3656,Casey Moore,gramirez@example.net,29,Other,Bose SoundLink Speaker,2021-08-15,Technical issue,Network problem,Pending Customer Response,Medium,Email,01:31:00,,
3657,Kimberly Salazar,jacqueline14@example.net,69,Other,Garmin Forerunner,2021-02-01,Technical issue,Data loss,Closed,High,Chat,14:48:00,15:11:00,3
3658,Theresa Rivera,william61@example.net,53,Female,Bose QuietComfort,2021-04-28,Product inquiry,Product compatibility,Closed,Low,Phone,01:17:00,23:45:00,1
3659,George Johnson,noahwilliams@example.com,61,Other,Google Nest,2021-01-16,Technical issue,Hardware issue,Pending Customer Response,Medium,Chat,20:01:00,,
3663,Dana Cruz,nataliesummers@example.org,21,Male,Samsung Galaxy,2021-11-05,Technical issue,Peripheral compatibility,Pending Customer Response,Critical,Chat,10:15:00,,
3665,Misty Roberts,rsingleton@example.org,22,Female,Asus ROG,2021-10-06,Cancellation request,Delivery problem,Pending Customer Response,High,Phone,04:38:00,,
3668,Christine Cobb,austinthomas@example.org,38,Male,Fitbit Charge,2021-07-22,Product inquiry,Network problem,Closed,Critical,Social media,19:56:00,22:19:00,3
3669,Jamie Rodriguez,mclaughlinsteven@example.org,63,Female,Xbox,2021-07-21,Refund request,Delivery problem,Closed,Low,Social media,05:22:00,21:54:00,2
3671,Amanda Mccoy,jennapitts@example.net,44,Female,Microsoft Surface,2020-04-25,Refund request,Delivery problem,Pending Customer Response,Medium,Chat,00:36:00,,
3672,Samuel Hogan,lisa84@example.com,59,Male,Fitbit Versa Smartwatch,2020-03-08,Cancellation request,Hardware issue,Pending Customer Response,Low,Social media,11:52:00,,
3673,Deborah Ali,aashley@example.net,18,Female,Google Pixel,2021-12-04,Billing inquiry,Account access,Closed,Critical,Phone,08:53:00,17:33:00,5
3674,Elizabeth Curry,andrea01@example.org,49,Male,Lenovo ThinkPad,2020-07-12,Refund request,Battery life,Closed,Critical,Email,17:09:00,14:46:00,4
3675,Troy Miller,kim20@example.org,34,Other,Amazon Echo,2021-12-14,Refund request,Battery life,Closed,High,Social media,23:31:00,09:42:00,3
3676,Brianna Morgan,lewiscourtney@example.net,30,Other,Amazon Kindle,2021-04-24,Cancellation request,Delivery problem,Closed,Medium,Social media,20:02:00,18:26:00,4
3678,Crystal Lawson,ihernandez@example.com,36,Female,Sony Xperia,2020-11-19,Cancellation request,Battery life,Pending Customer Response,High,Phone,09:49:00,,
3679,Tricia Booker,xgarcia@example.com,22,Other,Microsoft Xbox Controller,2020-07-18,Billing inquiry,Battery life,Pending Customer Response,High,Email,03:16:00,,
3681,Danielle Clark,gperez@example.com,20,Other,Bose QuietComfort,2020-08-11,Technical issue,Product setup,Closed,Critical,Email,18:04:00,19:41:00,1
3682,Richard James,dennis52@example.org,36,Other,MacBook Pro,2020-07-20,Billing inquiry,Display issue,Closed,Critical,Phone,01:52:00,16:14:00,4
3683,Michael Sharp,csuarez@example.net,35,Female,GoPro Hero,2021-10-28,Product inquiry,Cancellation request,Pending Customer Response,High,Email,02:20:00,,
3685,Amber Palmer,lindsayjohnson@example.net,20,Male,Google Pixel,2020-05-19,Cancellation request,Network problem,Pending Customer Response,Critical,Chat,08:43:00,,
3687,Steven Johnson,fmorgan@example.com,37,Female,Microsoft Xbox Controller,2021-06-28,Refund request,Peripheral compatibility,Pending Customer Response,Medium,Social media,05:04:00,,
3693,John Bowman,bfuller@example.org,43,Other,Dell XPS,2020-12-11,Product inquiry,Data loss,Closed,Low,Email,15:45:00,06:13:00,3
3694,Lindsey Garcia,ericjackson@example.net,39,Male,Dell XPS,2020-05-19,Technical issue,Delivery problem,Pending Customer Response,Medium,Chat,12:13:00,,
3695,Christopher Johnson,ychandler@example.org,21,Female,Nintendo Switch,2020-01-03,Product inquiry,Battery life,Closed,Critical,Chat,22:51:00,09:25:00,5
3697,Colin Padilla,kevin91@example.org,32,Female,MacBook Pro,2021-07-04,Product inquiry,Battery life,Pending Customer Response,Critical,Phone,07:45:00,,
3698,Shannon Freeman,carrwilliam@example.org,70,Female,Apple AirPods,2021-11-04,Technical issue,Payment issue,Closed,Medium,Social media,13:20:00,22:02:00,2
3700,Anne Martinez,samuelwashington@example.org,51,Male,GoPro Action Camera,2020-04-03,Cancellation request,Product compatibility,Pending Customer Response,Critical,Social media,18:32:00,,
3701,Renee Crawford,brent31@example.com,47,Male,Nintendo Switch Pro Controller,2020-06-28,Product inquiry,Account access,Closed,High,Email,12:19:00,03:17:00,5
3702,Kayla Cunningham,blake19@example.com,59,Other,Bose SoundLink Speaker,2020-09-21,Technical issue,Product recommendation,Closed,Critical,Phone,10:46:00,03:34:00,5
3703,Curtis Aguilar,ibenson@example.com,53,Female,Adobe Photoshop,2021-01-21,Refund request,Product setup,Pending Customer Response,Critical,Phone,18:36:00,,
3704,Cynthia Martin,selenasutton@example.org,27,Male,Microsoft Surface,2021-01-16,Refund request,Payment issue,Pending Customer Response,Low,Social media,17:37:00,,
3706,Aaron Roberts,vaughanbrenda@example.org,31,Female,LG OLED,2020-07-10,Product inquiry,Refund request,Pending Customer Response,High,Phone,09:59:00,,
3708,Kathleen Abbott,tgarcia@example.net,19,Other,Google Pixel,2021-04-24,Cancellation request,Account access,Closed,Low,Chat,22:35:00,12:23:00,3
3710,Troy Dunlap,watsonandrew@example.org,48,Male,Amazon Echo,2021-10-15,Cancellation request,Cancellation request,Closed,Medium,Email,15:28:00,18:07:00,3
3713,James Turner,cynthia74@example.com,34,Female,Nest Thermostat,2020-04-28,Product inquiry,Delivery problem,Pending Customer Response,High,Email,17:00:00,,
3714,Erin Grimes,jmartin@example.org,61,Male,GoPro Hero,2020-02-03,Cancellation request,Delivery problem,Pending Customer Response,Medium,Phone,20:46:00,,
3716,Allison Jones,wcarter@example.com,40,Male,Philips Hue Lights,2021-11-13,Billing inquiry,Data loss,Pending Customer Response,Critical,Social media,00:40:00,,
3720,Michael Porter,murphybecky@example.net,56,Male,GoPro Action Camera,2021-10-16,Cancellation request,Network problem,Closed,Critical,Phone,04:12:00,09:12:00,3
3722,Patricia Oconnor,lauren79@example.org,53,Other,MacBook Pro,2021-11-18,Product inquiry,Software bug,Closed,Medium,Email,23:26:00,16:52:00,4
3725,Calvin Benson,wschroeder@example.com,62,Male,Microsoft Office,2021-03-26,Cancellation request,Product recommendation,Pending Customer Response,High,Email,10:11:00,,
3726,Tracey Combs,adam98@example.net,46,Other,Garmin Forerunner,2021-02-11,Billing inquiry,Battery life,Pending Customer Response,High,Chat,04:27:00,,
3727,Mrs. Colleen Hutchinson,morozco@example.org,58,Female,Microsoft Surface,2020-11-11,Technical issue,Payment issue,Closed,Medium,Email,02:42:00,04:09:00,3
3728,Frank Garcia,ashleymills@example.org,49,Female,Fitbit Versa Smartwatch,2021-09-26,Billing inquiry,Account access,Closed,Medium,Chat,06:11:00,05:24:00,3
3730,Alexis Savage,amy29@example.org,43,Male,Dell XPS,2020-04-19,Technical issue,Product recommendation,Pending Customer Response,Critical,Phone,19:50:00,,
3731,Jordan Mccann,rhonda50@example.net,25,Male,Autodesk AutoCAD,2020-06-25,Technical issue,Product compatibility,Pending Customer Response,Critical,Social media,13:03:00,,
3732,Angie Mendoza,joshua99@example.org,69,Male,Philips Hue Lights,2020-06-16,Billing inquiry,Account access,Closed,Critical,Social media,02:15:00,22:25:00,3
3733,Fernando Hutchinson,anthonyhobbs@example.com,20,Female,Adobe Photoshop,2020-04-08,Product inquiry,Software bug,Pending Customer Response,Medium,Email,04:07:00,,
3734,Ashley Yang,sstewart@example.com,46,Other,Fitbit Charge,2020-09-10,Product inquiry,Hardware issue,Pending Customer Response,Low,Phone,11:29:00,,
3735,Virginia Smith,scotterik@example.net,44,Other,Microsoft Office,2021-12-07,Technical issue,Data loss,Pending Customer Response,Low,Email,11:00:00,,
3736,Lisa Robertson,jennifer03@example.org,46,Female,LG OLED,2021-10-30,Billing inquiry,Battery life,Pending Customer Response,Medium,Social media,08:46:00,,
3739,Brian Murray,thomas73@example.net,67,Female,LG Smart TV,2020-08-18,Product inquiry,Battery life,Closed,Low,Email,21:32:00,21:31:00,1
3740,Michael Ward,brownanthony@example.org,59,Female,PlayStation,2021-12-30,Billing inquiry,Payment issue,Pending Customer Response,Medium,Phone,16:27:00,,
3741,David Martin,candace63@example.org,18,Female,iPhone,2021-07-20,Cancellation request,Battery life,Pending Customer Response,Critical,Social media,12:39:00,,
3743,Melissa Davenport,angelamoreno@example.net,38,Other,Garmin Forerunner,2021-10-30,Technical issue,Hardware issue,Pending Customer Response,Critical,Phone,04:55:00,,
3744,Caitlin Hunt,melinda00@example.org,35,Female,Garmin Forerunner,2021-06-23,Refund request,Hardware issue,Closed,Low,Chat,19:35:00,07:11:00,3
3745,Aaron Henry,willisjason@example.org,70,Other,Fitbit Charge,2020-09-17,Cancellation request,Product compatibility,Closed,Low,Phone,18:17:00,07:53:00,3
3746,Rebecca Skinner,donna27@example.org,63,Female,Amazon Kindle,2020-09-28,Billing inquiry,Payment issue,Pending Customer Response,Critical,Social media,17:37:00,,
3748,Thomas Kidd,reyespamela@example.com,67,Other,MacBook Pro,2020-09-10,Product inquiry,Product compatibility,Closed,High,Phone,01:11:00,20:17:00,2
3749,Kim Shaw,tiffanyjackson@example.com,53,Female,Samsung Galaxy,2021-10-22,Billing inquiry,Hardware issue,Pending Customer Response,High,Email,03:26:00,,
3750,Christopher Martinez,taylorelizabeth@example.net,67,Other,Amazon Echo,2021-12-11,Cancellation request,Product recommendation,Closed,Critical,Email,21:20:00,15:44:00,5
3751,Tyler Brown,gmiller@example.org,24,Female,Nest Thermostat,2020-11-24,Billing inquiry,Network problem,Closed,Critical,Social media,11:20:00,23:13:00,1
3752,Erik Marquez,lonniemarsh@example.com,63,Other,Sony PlayStation,2021-09-28,Refund request,Delivery problem,Pending Customer Response,Critical,Chat,02:48:00,,
3753,Amanda Potter,kristyrodriguez@example.org,28,Male,Fitbit Charge,2020-05-09,Cancellation request,Installation support,Pending Customer Response,Critical,Social media,00:35:00,,
3755,Leslie Powell,miketorres@example.org,49,Male,Dell XPS,2021-02-22,Technical issue,Product setup,Pending Customer Response,Low,Social media,14:23:00,,
3756,Michael Johnson,kevin21@example.com,50,Other,Samsung Soundbar,2021-08-14,Billing inquiry,Peripheral compatibility,Pending Customer Response,High,Chat,04:36:00,,
3758,Amy Ferguson,daviesmichael@example.net,53,Female,Nintendo Switch Pro Controller,2020-02-26,Billing inquiry,Battery life,Pending Customer Response,High,Email,02:01:00,,
3759,Thomas Frost,bryanlopez@example.org,25,Female,Canon DSLR Camera,2020-08-29,Refund request,Payment issue,Pending Customer Response,Critical,Chat,19:04:00,,
3760,Jenna Daniels,daniellebrown@example.net,29,Other,Amazon Kindle,2020-12-03,Billing inquiry,Product compatibility,Closed,Critical,Email,03:31:00,07:58:00,4
3761,Cheyenne Martin,kevin24@example.com,52,Other,LG Washing Machine,2021-06-20,Billing inquiry,Product setup,Pending Customer Response,Critical,Chat,03:30:00,,
3763,Jennifer Melendez,victoria94@example.org,53,Female,iPhone,2020-07-21,Technical issue,Data loss,Closed,High,Phone,11:35:00,11:59:00,1
3765,James Morton,yvonnerose@example.org,44,Male,Sony PlayStation,2021-01-14,Technical issue,Data loss,Pending Customer Response,Critical,Chat,07:11:00,,
3766,Thomas Soto MD,jason52@example.net,69,Male,iPhone,2021-10-03,Billing inquiry,Cancellation request,Closed,Medium,Social media,05:47:00,21:47:00,2
3768,Lauren Macias,richardbolton@example.org,38,Male,Apple AirPods,2021-01-25,Billing inquiry,Software bug,Pending Customer Response,Medium,Chat,00:14:00,,
3770,John Garcia,nancy80@example.net,67,Female,Samsung Galaxy,2020-09-16,Refund request,Hardware issue,Closed,High,Chat,09:20:00,20:22:00,3
3771,Dr. Tina Faulkner DVM,makayla71@example.net,40,Female,PlayStation,2021-11-25,Technical issue,Product setup,Closed,High,Email,03:33:00,07:42:00,2
3772,Kevin Martinez,jamie35@example.com,26,Female,Philips Hue Lights,2021-09-07,Cancellation request,Peripheral compatibility,Pending Customer Response,Medium,Chat,09:43:00,,
3773,Michael Carrillo,ulawrence@example.org,46,Male,Sony 4K HDR TV,2020-02-20,Billing inquiry,Delivery problem,Closed,High,Chat,23:02:00,13:54:00,5
3774,Jacqueline Combs,tinadoyle@example.com,67,Female,Lenovo ThinkPad,2021-01-14,Product inquiry,Product setup,Closed,Medium,Social media,21:06:00,18:52:00,2
3775,Jennifer Simpson,xarmstrong@example.net,35,Male,HP Pavilion,2021-07-28,Cancellation request,Cancellation request,Pending Customer Response,High,Social media,02:05:00,,
3781,Jessica Moore,marytaylor@example.net,35,Female,LG Washing Machine,2020-05-16,Technical issue,Software bug,Pending Customer Response,Low,Chat,07:13:00,,
3782,Paige Grimes,patriciaadams@example.org,18,Female,Google Nest,2020-07-21,Billing inquiry,Product compatibility,Closed,Medium,Email,10:49:00,05:47:00,3
3784,Eric Walton,oburgess@example.org,58,Other,Amazon Kindle,2020-09-13,Billing inquiry,Refund request,Pending Customer Response,Medium,Chat,08:14:00,,
3785,Ryan Contreras,fbarton@example.com,28,Female,Google Nest,2020-06-05,Product inquiry,Peripheral compatibility,Pending Customer Response,High,Social media,04:16:00,,
3787,Donald Frank,heatherjames@example.com,58,Other,Garmin Forerunner,2020-02-22,Product inquiry,Battery life,Closed,Medium,Social media,17:45:00,02:45:00,2
3788,April Pacheco,gblake@example.net,62,Male,Garmin Forerunner,2020-02-18,Product inquiry,Product setup,Pending Customer Response,Low,Email,14:55:00,,
3789,Elizabeth Castillo,millerdavid@example.com,64,Female,Amazon Echo,2020-07-25,Cancellation request,Cancellation request,Closed,Medium,Chat,21:26:00,00:01:00,4
3790,Michelle Henderson,youngraymond@example.net,54,Male,Nikon D,2020-03-10,Product inquiry,Battery life,Closed,Low,Chat,18:45:00,17:18:00,2
3791,Sherry Mills,freemanstephen@example.com,69,Male,Microsoft Xbox Controller,2021-01-02,Cancellation request,Delivery problem,Closed,Critical,Email,03:44:00,14:49:00,4
3793,Dr. Phillip Wilkinson,fwest@example.com,55,Female,Sony Xperia,2021-04-25,Refund request,Network problem,Closed,High,Social media,17:25:00,09:40:00,3
3795,Michele Brown,dominiquelarson@example.net,24,Male,Fitbit Charge,2021-05-10,Product inquiry,Product recommendation,Closed,Low,Phone,03:36:00,08:03:00,1
3796,Casey Higgins,randallchristopher@example.net,59,Other,Apple AirPods,2020-07-19,Billing inquiry,Product setup,Closed,Medium,Chat,06:56:00,20:13:00,1
3799,Steven Keller,marissamorrison@example.com,34,Female,Nintendo Switch Pro Controller,2020-05-25,Cancellation request,Product recommendation,Closed,Low,Chat,00:47:00,08:19:00,2
3800,Teresa Carr,megan26@example.org,18,Other,Google Nest,2021-01-12,Product inquiry,Display issue,Closed,High,Email,19:48:00,08:31:00,4
3801,Alyssa Hughes,antonio30@example.net,59,Male,Garmin Forerunner,2020-09-09,Billing inquiry,Software bug,Pending Customer Response,Critical,Chat,16:04:00,,
3803,Jon Boone,devin83@example.net,43,Other,Microsoft Office,2020-11-01,Refund request,Hardware issue,Pending Customer Response,Low,Email,11:33:00,,
3804,Stephen Baker,allen59@example.org,33,Other,Fitbit Charge,2021-05-24,Product inquiry,Data loss,Pending Customer Response,Critical,Email,10:17:00,,
3805,Alexis Baker,pherman@example.com,52,Female,Microsoft Surface,2021-02-13,Technical issue,Data loss,Pending Customer Response,Critical,Phone,07:39:00,,
3806,Amy Fisher,moralesdaniel@example.org,19,Other,Apple AirPods,2020-04-23,Billing inquiry,Installation support,Closed,Low,Social media,13:19:00,05:18:00,1
3807,Eric Richardson,mccarthylaura@example.net,27,Other,LG Washing Machine,2021-11-02,Product inquiry,Cancellation request,Pending Customer Response,High,Phone,07:45:00,,
3809,Emily Young,lauren29@example.net,24,Male,LG Washing Machine,2020-04-22,Cancellation request,Product recommendation,Pending Customer Response,Critical,Email,13:25:00,,
3811,Samantha Hall,lisa12@example.net,66,Female,Nest Thermostat,2021-07-12,Product inquiry,Cancellation request,Closed,Critical,Social media,20:51:00,09:48:00,1
3814,John Brown,gwolf@example.com,48,Male,Sony Xperia,2020-04-13,Cancellation request,Display issue,Pending Customer Response,Critical,Social media,15:27:00,,
3816,Sarah Lester,campbelltheodore@example.net,58,Female,Asus ROG,2021-08-21,Product inquiry,Delivery problem,Closed,High,Chat,14:10:00,03:37:00,1
3818,Jesse Silva,suzannelarson@example.com,50,Male,Autodesk AutoCAD,2020-02-08,Refund request,Peripheral compatibility,Pending Customer Response,High,Chat,22:59:00,,
3819,Phillip Clark,davidgarner@example.org,25,Other,Canon EOS,2021-12-15,Technical issue,Peripheral compatibility,Pending Customer Response,Critical,Chat,06:43:00,,
3820,Deborah Stewart,bmiller@example.org,52,Other,GoPro Hero,2020-10-13,Billing inquiry,Delivery problem,Closed,High,Phone,07:55:00,06:24:00,2
3822,Cynthia Stewart,lyonscrystal@example.org,18,Other,LG OLED,2020-08-26,Cancellation request,Installation support,Closed,Low,Chat,18:55:00,22:35:00,3
3825,John Roberts,bennettmackenzie@example.com,31,Other,Amazon Kindle,2021-08-16,Technical issue,Battery life,Closed,Low,Phone,20:27:00,07:38:00,2
3827,Tracey Parker,longelizabeth@example.com,32,Female,Apple AirPods,2020-01-11,Billing inquiry,Product compatibility,Closed,Critical,Chat,02:45:00,17:42:00,3
3828,Samuel Rodriguez,jgarcia@example.net,62,Female,LG Washing Machine,2021-02-28,Refund request,Display issue,Closed,High,Phone,11:18:00,01:08:00,3
3829,Jessica Mitchell,melissa35@example.org,32,Male,Amazon Kindle,2021-01-16,Refund request,Software bug,Pending Customer Response,Medium,Social media,10:38:00,,
3830,James Bishop,mgarza@example.org,35,Male,Bose QuietComfort,2020-04-03,Billing inquiry,Product compatibility,Closed,High,Email,01:33:00,14:26:00,5
3831,Robert Calhoun,allencaitlin@example.org,63,Male,Nikon D,2021-04-01,Billing inquiry,Display issue,Closed,Low,Chat,06:56:00,14:16:00,5
3833,John Ford,sherri88@example.com,59,Female,GoPro Action Camera,2021-11-13,Cancellation request,Account access,Closed,Medium,Chat,20:51:00,12:34:00,2
3834,James Buckley,jenniferskinner@example.org,43,Other,LG OLED,2020-01-17,Product inquiry,Display issue,Closed,Critical,Phone,06:08:00,13:02:00,1
3835,Julie Turner,oortiz@example.org,27,Female,Nest Thermostat,2020-12-11,Refund request,Product compatibility,Closed,Low,Phone,11:33:00,11:52:00,3
3836,Daniel Ramirez,geraldmoore@example.org,40,Other,Sony Xperia,2021-07-15,Technical issue,Cancellation request,Pending Customer Response,Critical,Chat,19:54:00,,
3837,Kelly Mcdonald,matthewgeorge@example.org,23,Male,Asus ROG,2021-01-03,Refund request,Refund request,Closed,Medium,Email,19:04:00,01:29:00,2
3840,William Glenn,jillian48@example.com,44,Female,Fitbit Charge,2020-08-19,Technical issue,Delivery problem,Pending Customer Response,Low,Chat,11:56:00,,
3841,Rodney Norton,edward21@example.org,21,Female,Asus ROG,2021-08-01,Product inquiry,Software bug,Pending Customer Response,High,Phone,17:53:00,,
3842,Courtney Mendoza,lisacaldwell@example.com,62,Male,Lenovo ThinkPad,2021-11-21,Billing inquiry,Account access,Pending Customer Response,Critical,Social media,17:35:00,,
3844,Jamie Stevens,connie09@example.org,55,Other,Canon EOS,2020-08-31,Product inquiry,Peripheral compatibility,Closed,Critical,Phone,04:58:00,18:01:00,3
3845,Brandy Manning,zfarmer@example.com,32,Male,Nintendo Switch Pro Controller,2021-10-24,Cancellation request,Peripheral compatibility,Closed,Medium,Email,08:16:00,17:25:00,3
3848,Walter Booth,perezdiane@example.net,31,Female,Google Pixel,2020-06-19,Technical issue,Hardware issue,Closed,Critical,Email,15:32:00,02:44:00,3
3850,Dana Barker,marshalldiane@example.org,18,Female,PlayStation,2021-06-08,Cancellation request,Product compatibility,Pending Customer Response,Low,Chat,06:18:00,,
3851,Regina Murray,zfletcher@example.com,42,Female,Adobe Photoshop,2020-10-21,Cancellation request,Delivery problem,Pending Customer Response,Critical,Email,13:18:00,,
3852,Brenda Suarez,jenniferrojas@example.org,40,Male,Canon EOS,2021-12-22,Refund request,Network problem,Closed,High,Email,01:25:00,09:03:00,4
3853,Angel Malone,ariana86@example.org,41,Other,Dell XPS,2021-01-29,Product inquiry,Network problem,Pending Customer Response,Medium,Chat,07:02:00,,
3854,Zachary Flowers,cflores@example.com,41,Male,Fitbit Versa Smartwatch,2020-09-25,Product inquiry,Refund request,Closed,Low,Chat,01:53:00,04:59:00,2
3858,Travis Reyes,plucero@example.com,51,Male,Google Pixel,2020-01-17,Cancellation request,Product compatibility,Pending Customer Response,High,Social media,23:55:00,,
3859,Chloe Lang,christopher40@example.com,67,Other,Adobe Photoshop,2020-10-18,Cancellation request,Installation support,Closed,Medium,Email,07:07:00,08:38:00,3
3860,Adam Reeves,adamsjessica@example.net,46,Other,HP Pavilion,2020-04-21,Refund request,Refund request,Closed,High,Email,19:18:00,03:42:00,2
3861,Manuel Hayes,barnettdavid@example.net,65,Male,Sony PlayStation,2021-06-14,Product inquiry,Cancellation request,Closed,Critical,Social media,07:11:00,00:34:00,2
3863,Whitney Richards,holttimothy@example.org,34,Other,Nest Thermostat,2021-05-23,Refund request,Peripheral compatibility,Closed,Critical,Phone,15:21:00,10:14:00,2
3864,Ronald Chase,jeff69@example.net,18,Female,GoPro Action Camera,2021-07-09,Technical issue,Hardware issue,Closed,Low,Social media,05:24:00,12:27:00,2
3866,Emma Mendoza MD,xaustin@example.org,55,Male,Sony 4K HDR TV,2020-03-17,Refund request,Product compatibility,Pending Customer Response,High,Phone,06:20:00,,
3867,Lisa Perry,patrick51@example.net,33,Male,LG OLED,2020-09-18,Cancellation request,Peripheral compatibility,Closed,Low,Social media,15:49:00,13:51:00,2
3868,Elaine White,mary39@example.org,44,Female,Samsung Soundbar,2020-07-04,Billing inquiry,Product setup,Closed,Medium,Phone,10:04:00,12:11:00,4
3870,Michelle Gillespie,sandraboyle@example.net,65,Male,Microsoft Surface,2020-10-02,Product inquiry,Payment issue,Pending Customer Response,Low,Email,09:38:00,,
3871,Brian Ballard,john42@example.com,51,Other,Samsung Soundbar,2020-02-25,Billing inquiry,Payment issue,Closed,Critical,Chat,16:23:00,07:04:00,5
3873,Mark Douglas,rnoble@example.com,36,Other,Apple AirPods,2021-10-25,Billing inquiry,Product recommendation,Closed,Medium,Email,17:34:00,17:22:00,2
3875,Shannon Wade,jefferyrivera@example.org,70,Female,Roomba Robot Vacuum,2020-04-16,Billing inquiry,Data loss,Closed,Low,Email,09:48:00,04:17:00,4
3877,Jonathan Cooper,moodyseth@example.com,53,Female,Canon EOS,2020-09-24,Product inquiry,Data loss,Closed,Critical,Email,07:08:00,16:32:00,1
3879,Audrey Griffin,john66@example.org,31,Male,Sony PlayStation,2020-10-12,Product inquiry,Payment issue,Pending Customer Response,Critical,Phone,02:09:00,,
3882,Katie Miller,corey15@example.org,49,Female,Fitbit Charge,2020-01-02,Refund request,Delivery problem,Closed,High,Chat,11:24:00,06:26:00,5
3883,Karen Porter,rebeccahebert@example.com,53,Other,GoPro Hero,2021-04-13,Cancellation request,Cancellation request,Pending Customer Response,Low,Social media,03:18:00,,
3885,Tristan Jacobs,wilkinsontammy@example.com,56,Female,Samsung Galaxy,2020-11-17,Product inquiry,Data loss,Pending Customer Response,High,Social media,19:10:00,,
3888,Dr. Angela George,christophersantiago@example.org,62,Male,Lenovo ThinkPad,2020-01-29,Refund request,Hardware issue,Closed,Low,Email,16:59:00,11:30:00,2
3889,Julia Garcia,michael42@example.com,69,Female,Fitbit Charge,2020-08-28,Product inquiry,Hardware issue,Closed,Critical,Phone,02:25:00,17:00:00,4
3890,Jeremy Whitney,gloriapineda@example.net,25,Other,Microsoft Office,2020-01-18,Billing inquiry,Delivery problem,Closed,Medium,Email,17:54:00,23:08:00,1
3891,Rebecca Dixon,vargasdebbie@example.net,42,Female,HP Pavilion,2021-04-06,Product inquiry,Battery life,Pending Customer Response,High,Email,04:48:00,,
3892,Jessica Harrison,dianegonzalez@example.org,43,Female,Microsoft Xbox Controller,2020-08-21,Refund request,Software bug,Closed,Medium,Email,23:24:00,02:12:00,1
3893,Kenneth Mcgee,daniel16@example.org,39,Male,Bose SoundLink Speaker,2021-03-26,Technical issue,Delivery problem,Pending Customer Response,Critical,Social media,12:28:00,,
3894,Charles Jordan,elloyd@example.net,68,Male,Samsung Soundbar,2021-11-03,Refund request,Product recommendation,Closed,Critical,Email,12:04:00,11:59:00,4
3896,Stephanie Chavez,warrentami@example.net,49,Other,Nintendo Switch,2021-08-13,Product inquiry,Cancellation request,Closed,High,Email,07:37:00,23:23:00,4
3898,Shannon Walsh,leemichael@example.net,63,Other,Asus ROG,2020-06-10,Technical issue,Product compatibility,Closed,Medium,Social media,10:42:00,05:05:00,1
3899,Michael Powell,adamsjason@example.com,60,Male,MacBook Pro,2020-05-27,Technical issue,Hardware issue,Pending Customer Response,Low,Phone,18:21:00,,
3900,Jason Chen,katherinenguyen@example.net,24,Other,Asus ROG,2020-08-17,Product inquiry,Refund request,Pending Customer Response,High,Phone,00:48:00,,
3902,Kevin Owens,tara53@example.net,68,Female,Sony Xperia,2020-10-21,Refund request,Hardware issue,Pending Customer Response,High,Email,08:57:00,,
3904,George Neal,wendy13@example.org,70,Female,Canon DSLR Camera,2021-11-29,Technical issue,Delivery problem,Closed,Critical,Email,12:34:00,10:22:00,1
3905,Misty Perry,kennedyjames@example.com,51,Other,Google Nest,2020-10-03,Cancellation request,Data loss,Pending Customer Response,Critical,Chat,16:02:00,,
3906,Jessica May,mitchellshaffer@example.org,39,Female,Canon EOS,2021-01-17,Product inquiry,Cancellation request,Closed,Critical,Email,18:15:00,02:59:00,4
3907,Dawn Walls,gnguyen@example.net,68,Other,LG OLED,2020-01-31,Technical issue,Product compatibility,Closed,Critical,Social media,10:13:00,18:03:00,5
3909,Austin Decker,uburke@example.net,61,Male,Google Pixel,2021-03-11,Technical issue,Data loss,Closed,High,Social media,02:38:00,07:43:00,1
3910,Cassandra Walker,jscott@example.org,59,Male,Nikon D,2021-08-26,Refund request,Installation support,Closed,High,Social media,22:15:00,19:35:00,1
3911,Kimberly Doyle,jenniferrogers@example.org,18,Male,Sony 4K HDR TV,2021-02-09,Billing inquiry,Refund request,Closed,Critical,Chat,05:36:00,01:20:00,5
3913,Abigail Lee,mcmahonrichard@example.net,60,Female,Amazon Kindle,2020-01-30,Product inquiry,Product compatibility,Closed,High,Email,18:52:00,20:24:00,5
3914,Timothy Arellano,stephen96@example.org,36,Female,GoPro Hero,2021-03-31,Technical issue,Network problem,Closed,High,Social media,01:58:00,08:58:00,3
3915,Jeremy Booker,lindsaywhite@example.org,63,Other,Canon EOS,2020-02-08,Billing inquiry,Product recommendation,Pending Customer Response,High,Social media,20:03:00,,
3917,Vickie Day,jeffmason@example.net,65,Other,Roomba Robot Vacuum,2020-07-31,Technical issue,Refund request,Closed,Critical,Email,05:40:00,14:36:00,4
3918,Ashley Nicholson DVM,andersonerika@example.net,18,Male,Garmin Forerunner,2020-02-10,Refund request,Installation support,Closed,Medium,Chat,11:14:00,03:07:00,1
3920,James Wilson,dcrane@example.org,48,Male,Nikon D,2020-09-25,Billing inquiry,Cancellation request,Closed,Medium,Phone,16:58:00,06:18:00,3
3922,Linda Holloway,jason48@example.net,36,Female,iPhone,2021-02-18,Product inquiry,Product compatibility,Pending Customer Response,Medium,Chat,19:38:00,,
3923,Sean Lee,moorerachel@example.net,31,Other,Google Nest,2020-08-23,Cancellation request,Payment issue,Pending Customer Response,Low,Phone,10:42:00,,
3925,Michelle Nash,djones@example.org,62,Male,GoPro Action Camera,2020-07-01,Cancellation request,Battery life,Pending Customer Response,Medium,Social media,07:36:00,,
3926,Cathy Brown,davischristopher@example.com,67,Other,Bose SoundLink Speaker,2021-01-12,Refund request,Installation support,Pending Customer Response,Low,Chat,22:27:00,,
3927,Ethan Ball,davisbrandon@example.com,20,Other,Nest Thermostat,2020-08-15,Technical issue,Peripheral compatibility,Closed,Critical,Social media,05:47:00,11:36:00,3
3928,Robert Walton,alexander21@example.com,39,Male,Sony PlayStation,2020-12-08,Refund request,Product recommendation,Pending Customer Response,Low,Email,11:17:00,,
3929,Michaela Baldwin,teresaheath@example.net,63,Other,Samsung Galaxy,2020-07-25,Product inquiry,Refund request,Pending Customer Response,Low,Chat,11:12:00,,
3932,Amy Bradley,cameronfuller@example.com,60,Male,Apple AirPods,2021-08-14,Technical issue,Display issue,Closed,High,Phone,07:11:00,11:11:00,5
3934,Julie Hurst,joshua52@example.com,26,Other,Microsoft Office,2021-05-13,Technical issue,Peripheral compatibility,Pending Customer Response,Medium,Email,09:33:00,,
3935,John Mckinney,norristracey@example.org,49,Female,Philips Hue Lights,2020-10-10,Cancellation request,Product compatibility,Pending Customer Response,Medium,Social media,08:08:00,,
3936,Chad Fisher,kimmendoza@example.com,53,Female,Google Pixel,2020-04-20,Cancellation request,Peripheral compatibility,Pending Customer Response,Critical,Social media,16:25:00,,
3937,Sharon Jordan,brobinson@example.org,35,Other,Garmin Forerunner,2020-09-23,Product inquiry,Software bug,Pending Customer Response,High,Social media,15:15:00,,
3938,William Jones IV,catherineandrews@example.net,41,Other,LG OLED,2020-10-03,Product inquiry,Refund request,Closed,Medium,Chat,14:18:00,07:14:00,2
3940,Michael Woodard,efloyd@example.com,50,Other,Sony Xperia,2020-06-08,Refund request,Product recommendation,Closed,Critical,Chat,10:21:00,13:49:00,4
3942,Andrew Blevins,sreid@example.net,59,Male,Samsung Soundbar,2021-04-13,Technical issue,Hardware issue,Closed,High,Email,07:08:00,14:17:00,4
3943,Sherry Griffin,erin26@example.com,45,Male,Amazon Kindle,2021-06-08,Billing inquiry,Delivery problem,Pending Customer Response,Critical,Email,08:49:00,,
3944,Amanda Suarez,christopherharris@example.com,65,Male,Sony Xperia,2020-03-14,Refund request,Network problem,Closed,High,Social media,04:24:00,21:39:00,4
3945,Sarah Jennings,johnsonlisa@example.com,41,Male,Google Pixel,2020-05-23,Cancellation request,Battery life,Closed,Critical,Social media,23:08:00,04:14:00,5
3946,Jaime Jones,heidi38@example.net,44,Male,Amazon Echo,2020-03-26,Product inquiry,Display issue,Closed,High,Phone,03:33:00,16:18:00,3
3947,Patricia King,fingram@example.com,54,Female,Sony PlayStation,2021-06-02,Billing inquiry,Product compatibility,Closed,High,Social media,06:39:00,09:28:00,5
3949,Andrew Williams,lisajohnson@example.com,20,Female,Dyson Vacuum Cleaner,2021-07-24,Refund request,Software bug,Closed,High,Email,17:07:00,07:07:00,4
3950,Thomas Carr,gracerivera@example.com,63,Other,Sony PlayStation,2021-07-28,Refund request,Peripheral compatibility,Pending Customer Response,Critical,Chat,23:00:00,,
3951,William Smith,anthonynichols@example.net,52,Other,Dell XPS,2021-01-26,Technical issue,Hardware issue,Closed,Medium,Phone,09:33:00,16:38:00,4
3953,Melanie Kim,dgreen@example.com,59,Other,Fitbit Charge,2021-01-13,Refund request,Battery life,Pending Customer Response,Medium,Social media,06:31:00,,
3955,Ryan Smith,moorerichard@example.net,58,Male,Sony Xperia,2021-09-07,Refund request,Payment issue,Closed,High,Social media,01:30:00,03:30:00,2
3956,Clinton Golden,ejones@example.org,66,Other,Samsung Soundbar,2021-09-30,Billing inquiry,Cancellation request,Pending Customer Response,Medium,Social media,12:32:00,,
3958,Corey Gates,sarahevans@example.com,44,Male,Google Pixel,2020-11-26,Refund request,Peripheral compatibility,Closed,High,Email,11:18:00,03:58:00,1
3961,Jacob Bailey,carrollemily@example.com,61,Male,Microsoft Surface,2021-09-01,Cancellation request,Display issue,Closed,Critical,Social media,13:58:00,22:18:00,2
3965,Daniel Roberts,eharvey@example.com,50,Other,Google Nest,2021-12-23,Billing inquiry,Payment issue,Pending Customer Response,Low,Social media,19:44:00,,
3966,Jessica Cross,robinsonmargaret@example.org,46,Other,Autodesk AutoCAD,2021-04-09,Refund request,Payment issue,Closed,High,Phone,23:36:00,02:00:00,5
3967,David Watson,bhartman@example.com,55,Male,MacBook Pro,2020-07-05,Refund request,Product compatibility,Closed,Critical,Phone,23:49:00,13:08:00,2
3968,Jessica Weaver,johnsonchristopher@example.org,56,Other,Nikon D,2021-01-07,Product inquiry,Product setup,Closed,Medium,Chat,05:44:00,04:15:00,3
3969,Hector Garcia,xjackson@example.net,56,Female,HP Pavilion,2020-10-20,Technical issue,Network problem,Closed,Medium,Email,13:50:00,12:34:00,2
3970,Amy Reynolds,ryandodson@example.net,44,Female,Microsoft Xbox Controller,2020-09-08,Cancellation request,Data loss,Closed,Critical,Chat,13:35:00,18:41:00,1
3971,Jerry Jones,griffinkaren@example.net,38,Other,Philips Hue Lights,2021-04-30,Billing inquiry,Battery life,Pending Customer Response,Medium,Chat,02:50:00,,
3975,Emily Diaz,yhansen@example.com,50,Other,Asus ROG,2021-07-27,Product inquiry,Refund request,Pending Customer Response,High,Chat,14:18:00,,
3976,Zachary Brown,jbrown@example.com,45,Other,Amazon Echo,2020-10-21,Billing inquiry,Product compatibility,Closed,Medium,Social media,14:44:00,10:19:00,2
3977,Karen Montoya,jacksonadam@example.com,45,Other,Fitbit Versa Smartwatch,2021-11-13,Refund request,Product recommendation,Closed,Medium,Phone,12:22:00,14:25:00,2
3980,Mr. Jacob Mendoza,lisathomas@example.net,27,Male,Microsoft Office,2020-05-10,Refund request,Product setup,Closed,High,Social media,07:52:00,02:35:00,3
3981,Daniel Brock,atorres@example.net,44,Other,Sony Xperia,2021-12-13,Cancellation request,Hardware issue,Closed,High,Chat,01:25:00,19:25:00,3
3982,James Nelson,dbaldwin@example.org,18,Male,Lenovo ThinkPad,2020-02-24,Technical issue,Payment issue,Pending Customer Response,Medium,Phone,18:27:00,,
3983,Daniel Nguyen,colleen76@example.net,62,Other,GoPro Hero,2020-04-19,Billing inquiry,Product setup,Pending Customer Response,Critical,Email,19:54:00,,
3985,Mr. Ernest Gonzalez,jamiesmith@example.com,57,Male,Garmin Forerunner,2021-08-20,Product inquiry,Refund request,Closed,Critical,Email,06:10:00,16:58:00,4
3988,Robert Carter,houserobert@example.net,25,Female,GoPro Hero,2021-07-19,Refund request,Cancellation request,Closed,Critical,Social media,08:46:00,07:09:00,5
3990,April Diaz,andrewwilson@example.net,20,Female,Adobe Photoshop,2020-03-05,Product inquiry,Payment issue,Pending Customer Response,Critical,Phone,08:05:00,,
3991,Julie Smith,paul73@example.net,47,Female,Samsung Galaxy,2021-07-10,Refund request,Installation support,Pending Customer Response,High,Social media,22:22:00,,
3992,Dana Hill,pricejonathan@example.org,45,Male,Microsoft Surface,2021-08-01,Billing inquiry,Product recommendation,Closed,Low,Social media,08:05:00,00:43:00,1
3993,Mary Ward,llutz@example.net,42,Male,LG OLED,2020-01-07,Technical issue,Network problem,Closed,Critical,Phone,17:55:00,01:27:00,1
3996,Leah Woods,gmurray@example.org,33,Male,GoPro Hero,2021-05-21,Billing inquiry,Display issue,Closed,Critical,Chat,21:29:00,14:07:00,4
3997,Douglas West,nathaniel95@example.org,43,Female,LG OLED,2021-07-20,Product inquiry,Delivery problem,Closed,Critical,Chat,10:21:00,20:26:00,5
3999,Brian Cook,vincentana@example.net,45,Other,Canon EOS,2021-09-01,Cancellation request,Delivery problem,Closed,High,Chat,21:13:00,23:27:00,5
4000,Michele Adams,katherinesanders@example.net,64,Male,Philips Hue Lights,2020-04-29,Refund request,Product setup,Pending Customer Response,Low,Social media,12:45:00,,
4001,Riley Reed,hrichardson@example.org,56,Female,Amazon Kindle,2021-05-08,Refund request,Data loss,Closed,Medium,Chat,12:54:00,05:20:00,4
4003,Melinda Davis,melissa89@example.com,39,Other,GoPro Action Camera,2021-11-27,Refund request,Product recommendation,Closed,Medium,Phone,02:38:00,11:19:00,5
4004,Brian Downs,dianachapman@example.net,37,Male,Autodesk AutoCAD,2021-10-08,Cancellation request,Peripheral compatibility,Pending Customer Response,Critical,Phone,21:22:00,,
4005,Sara Patterson,dhamilton@example.org,29,Female,Samsung Soundbar,2020-01-29,Technical issue,Product recommendation,Closed,Critical,Email,15:48:00,01:27:00,2
4006,Karen Burke,krhodes@example.net,55,Female,Autodesk AutoCAD,2021-07-22,Product inquiry,Delivery problem,Closed,Low,Phone,21:56:00,18:22:00,3
4007,Evelyn Smith,mcconnellholly@example.com,31,Female,Adobe Photoshop,2020-11-10,Product inquiry,Installation support,Pending Customer Response,Medium,Email,01:53:00,,
4008,Jennifer Ward,michelleluna@example.org,40,Other,Nikon D,2021-11-17,Billing inquiry,Refund request,Pending Customer Response,Medium,Phone,08:34:00,,
4009,Zachary Jimenez,ywagner@example.com,56,Other,Nest Thermostat,2021-06-27,Cancellation request,Product setup,Pending Customer Response,Low,Social media,20:52:00,,
4011,Kaylee Walter,harrislynn@example.com,52,Other,Canon EOS,2021-01-14,Cancellation request,Display issue,Pending Customer Response,Medium,Chat,02:30:00,,
4012,Michael Flynn,alanjames@example.org,18,Other,iPhone,2021-03-02,Billing inquiry,Payment issue,Closed,High,Phone,06:32:00,07:53:00,1
4013,Antonio Thompson,wbennett@example.org,64,Male,Microsoft Xbox Controller,2020-01-13,Technical issue,Product setup,Pending Customer Response,Medium,Chat,16:38:00,,
4014,Roy Ochoa,ian80@example.com,58,Other,Asus ROG,2021-09-05,Cancellation request,Account access,Closed,Critical,Chat,12:30:00,23:38:00,2
4015,Amy Riley,jennifer82@example.com,21,Male,Autodesk AutoCAD,2021-07-02,Technical issue,Delivery problem,Closed,Medium,Email,13:26:00,06:36:00,5
4017,Sarah Flores,donnaphillips@example.net,36,Other,iPhone,2021-02-05,Billing inquiry,Cancellation request,Closed,Low,Chat,03:41:00,11:19:00,3
4020,Michelle Beasley,btaylor@example.net,67,Male,PlayStation,2020-08-03,Product inquiry,Product recommendation,Closed,High,Social media,16:38:00,22:46:00,3
4023,Margaret Banks,john69@example.com,44,Other,Sony Xperia,2021-05-16,Cancellation request,Software bug,Closed,Critical,Chat,14:07:00,07:29:00,4
4024,Pamela Lang,felicia10@example.net,54,Male,Nikon D,2020-11-03,Cancellation request,Account access,Pending Customer Response,Critical,Social media,21:38:00,,
4025,Patrick Rhodes,lopezdaniel@example.org,64,Male,Asus ROG,2021-11-28,Cancellation request,Data loss,Closed,Low,Phone,00:10:00,09:04:00,5
4026,Courtney Walsh,freemanrachel@example.com,64,Other,Dell XPS,2020-07-09,Billing inquiry,Refund request,Pending Customer Response,Critical,Phone,14:56:00,,
4029,Natalie Gonzalez,tbates@example.com,60,Other,Samsung Soundbar,2020-02-27,Refund request,Network problem,Pending Customer Response,Low,Email,20:02:00,,
4030,Natasha Rodriguez,millerjessica@example.com,23,Other,MacBook Pro,2020-09-14,Cancellation request,Peripheral compatibility,Pending Customer Response,Medium,Chat,12:53:00,,
4032,Erika Brewer,jessica79@example.org,46,Female,Samsung Soundbar,2021-11-03,Billing inquiry,Installation support,Pending Customer Response,High,Social media,07:56:00,,
4033,Evelyn Macias,joseph79@example.com,30,Other,Microsoft Office,2021-07-23,Product inquiry,Refund request,Closed,High,Social media,21:31:00,14:29:00,2
4034,Sarah Hernandez,stephanie77@example.org,46,Male,Fitbit Charge,2020-06-14,Technical issue,Cancellation request,Pending Customer Response,Critical,Phone,13:58:00,,
4035,Daniel Boyer,ole@example.net,23,Male,Bose SoundLink Speaker,2021-08-18,Technical issue,Product compatibility,Pending Customer Response,Low,Chat,01:54:00,,
4036,Sara Peterson,tfernandez@example.com,61,Male,Lenovo ThinkPad,2020-02-29,Technical issue,Payment issue,Closed,Medium,Email,13:39:00,00:33:00,5
4037,Rachel Silva,vlong@example.com,18,Female,Fitbit Versa Smartwatch,2020-03-22,Cancellation request,Installation support,Pending Customer Response,Medium,Phone,02:59:00,,
4038,Roy Holder,garzamadeline@example.com,20,Other,Amazon Echo,2021-05-18,Technical issue,Hardware issue,Pending Customer Response,Low,Email,23:53:00,,
4039,James Martinez,allenchristopher@example.com,63,Male,LG Washing Machine,2020-10-09,Technical issue,Network problem,Closed,High,Phone,21:04:00,06:57:00,3
4040,Heather Edwards,udaniels@example.com,64,Other,Nintendo Switch,2020-02-09,Technical issue,Network problem,Closed,Medium,Social media,08:13:00,10:12:00,1
4042,Michael Quinn,mcclainmeghan@example.net,51,Female,Dell XPS,2020-12-24,Technical issue,Account access,Closed,Critical,Phone,16:51:00,17:22:00,5
4043,Eric Stone,leslie69@example.com,47,Female,Autodesk AutoCAD,2020-01-29,Billing inquiry,Hardware issue,Closed,High,Phone,19:14:00,21:22:00,2
4044,Dr. Michael Turner,bauerpatricia@example.org,61,Other,Autodesk AutoCAD,2021-08-23,Technical issue,Peripheral compatibility,Closed,Critical,Chat,13:08:00,20:25:00,5
4047,Leslie Levy,george05@example.org,61,Female,PlayStation,2020-10-10,Refund request,Peripheral compatibility,Pending Customer Response,Low,Chat,08:25:00,,
4048,Michael Collier,cwilliams@example.com,19,Other,Canon EOS,2021-01-06,Technical issue,Installation support,Closed,Critical,Chat,03:00:00,04:08:00,4
4049,Julie Leblanc,valvarez@example.net,35,Female,Nikon D,2021-01-09,Technical issue,Software bug,Closed,Medium,Social media,17:16:00,14:13:00,1
4050,Eddie Smith,nortonmargaret@example.com,41,Female,Microsoft Office,2020-10-16,Technical issue,Product compatibility,Pending Customer Response,Critical,Phone,05:05:00,,
4052,James Anderson,mannpatrick@example.net,33,Other,Samsung Galaxy,2020-09-08,Product inquiry,Product setup,Pending Customer Response,Low,Chat,22:15:00,,
4053,Edward Long,carolgarcia@example.org,40,Female,Nintendo Switch,2021-04-05,Product inquiry,Hardware issue,Pending Customer Response,Low,Social media,17:02:00,,
4054,Veronica Thomas,phillippoole@example.org,70,Female,Asus ROG,2021-09-07,Billing inquiry,Display issue,Pending Customer Response,Medium,Chat,00:09:00,,
4058,Daniel Moyer,lopezmartha@example.org,32,Male,Amazon Echo,2021-09-06,Refund request,Peripheral compatibility,Pending Customer Response,High,Social media,13:44:00,,
4059,Brandon Costa,charles26@example.net,27,Male,Nikon D,2021-03-04,Billing inquiry,Account access,Closed,Medium,Email,15:59:00,20:11:00,4
4061,Michael Sparks,shannon79@example.com,59,Male,Garmin Forerunner,2021-02-03,Billing inquiry,Product setup,Closed,Low,Phone,21:02:00,13:35:00,2
4062,Chase Logan DDS,jessica60@example.net,56,Female,Fitbit Versa Smartwatch,2020-03-02,Billing inquiry,Peripheral compatibility,Closed,Low,Chat,18:52:00,13:21:00,5
4064,James Rhodes,brent43@example.net,38,Other,Bose SoundLink Speaker,2021-12-27,Product inquiry,Product recommendation,Closed,High,Chat,09:18:00,18:31:00,2
4065,Sharon Ruiz,stacygarcia@example.com,61,Female,LG OLED,2021-05-20,Cancellation request,Display issue,Closed,High,Chat,08:17:00,05:27:00,2
4067,Heather Estrada,villanuevaanna@example.org,20,Female,Dell XPS,2020-01-21,Product inquiry,Product compatibility,Closed,High,Phone,14:50:00,19:55:00,5
4068,Michael Butler,carlosmurray@example.org,60,Female,Microsoft Surface,2020-06-19,Technical issue,Installation support,Pending Customer Response,High,Email,16:47:00,,
4069,Jordan Hopkins,fmoore@example.org,47,Other,Microsoft Xbox Controller,2021-06-13,Cancellation request,Account access,Closed,Low,Social media,12:31:00,20:03:00,5
4070,Julia Allen,mcdonaldgrant@example.com,34,Male,Philips Hue Lights,2020-04-05,Product inquiry,Product setup,Closed,Critical,Email,12:01:00,04:18:00,1
4072,Andrea Wilson,brettking@example.com,36,Female,Bose QuietComfort,2021-10-30,Cancellation request,Data loss,Pending Customer Response,High,Chat,00:06:00,,
4073,Robert Black,kerrsteven@example.com,29,Male,Xbox,2020-05-13,Billing inquiry,Cancellation request,Pending Customer Response,Low,Social media,15:08:00,,
4075,Nicholas Stanton,annahayes@example.com,70,Male,Philips Hue Lights,2020-11-12,Product inquiry,Battery life,Closed,High,Email,18:18:00,21:46:00,4
4077,Olivia Morton,emilyschmidt@example.org,30,Other,Microsoft Office,2020-07-23,Product inquiry,Battery life,Pending Customer Response,Critical,Social media,17:44:00,,
4078,Walter Thornton,brenda23@example.com,53,Other,Amazon Kindle,2020-12-25,Billing inquiry,Product compatibility,Closed,Critical,Email,15:07:00,03:56:00,2
4079,Mark Vazquez,claytoncole@example.net,27,Male,Sony Xperia,2021-07-12,Cancellation request,Software bug,Pending Customer Response,Medium,Phone,13:21:00,,
4080,Grace Taylor,martin64@example.com,22,Other,Sony 4K HDR TV,2021-11-03,Cancellation request,Network problem,Closed,High,Social media,02:46:00,03:06:00,2
4081,Crystal Reeves,matthew21@example.com,47,Male,Samsung Soundbar,2021-11-02,Billing inquiry,Payment issue,Closed,High,Chat,15:32:00,05:04:00,3
4082,Cody Bell,regina12@example.org,52,Female,Canon EOS,2021-08-07,Cancellation request,Refund request,Pending Customer Response,High,Social media,14:31:00,,
4084,Darryl Lopez,phall@example.com,42,Female,Canon DSLR Camera,2021-12-09,Product inquiry,Installation support,Pending Customer Response,Critical,Social media,21:51:00,,
4085,Richard Johnson,carneynathan@example.com,53,Other,Nintendo Switch Pro Controller,2021-04-13,Refund request,Data loss,Pending Customer Response,High,Email,01:00:00,,
4086,Bryan Perez,xcuevas@example.org,52,Other,Nikon D,2020-05-19,Cancellation request,Hardware issue,Pending Customer Response,Critical,Phone,04:39:00,,
4087,Regina Vincent,maciasjacob@example.com,33,Female,Xbox,2021-10-23,Technical issue,Software bug,Pending Customer Response,Medium,Social media,23:37:00,,
4090,Debra Murray,lphillips@example.org,53,Male,Autodesk AutoCAD,2020-02-15,Cancellation request,Product recommendation,Closed,Critical,Phone,06:38:00,11:50:00,2
4092,Dominique Hodge,marksveronica@example.org,54,Female,Garmin Forerunner,2021-10-28,Cancellation request,Data loss,Closed,High,Phone,11:34:00,13:14:00,5
4095,Paula Miller,gregmassey@example.com,60,Other,Canon DSLR Camera,2021-10-24,Cancellation request,Data loss,Pending Customer Response,Medium,Social media,07:15:00,,
4096,Jill Burton,xtaylor@example.net,20,Male,Adobe Photoshop,2021-03-25,Technical issue,Battery life,Pending Customer Response,High,Phone,00:31:00,,
4101,Eric James,xmartin@example.net,59,Female,Lenovo ThinkPad,2021-04-28,Technical issue,Payment issue,Pending Customer Response,Medium,Chat,20:54:00,,
4103,Sheila Pacheco,fdaniel@example.com,24,Female,GoPro Hero,2020-12-16,Refund request,Data loss,Closed,Critical,Social media,00:20:00,13:26:00,5
4104,Savannah Williams,baileymiller@example.com,20,Male,Roomba Robot Vacuum,2020-06-03,Product inquiry,Hardware issue,Pending Customer Response,Low,Email,12:58:00,,
4108,Brooke Walton,melody66@example.com,49,Other,iPhone,2021-11-19,Refund request,Network problem,Pending Customer Response,Critical,Social media,09:20:00,,
4111,Alyssa Baxter,samanthafreeman@example.org,60,Male,Sony 4K HDR TV,2020-06-04,Product inquiry,Network problem,Closed,Critical,Email,05:40:00,23:26:00,4
4112,Jose Jones,jennifermack@example.com,56,Other,Canon DSLR Camera,2021-08-20,Product inquiry,Data loss,Closed,Low,Social media,12:46:00,05:32:00,1
4115,Kirsten Pruitt,crystal13@example.com,70,Male,Dell XPS,2021-03-30,Cancellation request,Refund request,Pending Customer Response,Critical,Email,19:22:00,,
4117,Heather Anderson,stevenherrera@example.com,60,Male,Autodesk AutoCAD,2021-02-18,Product inquiry,Product setup,Pending Customer Response,High,Phone,22:05:00,,
4118,Nicole Morgan,cruzkatie@example.net,27,Male,Nintendo Switch Pro Controller,2020-10-22,Product inquiry,Product setup,Pending Customer Response,High,Social media,02:04:00,,
4119,James Snyder,jose99@example.org,62,Female,Fitbit Charge,2020-12-19,Refund request,Delivery problem,Pending Customer Response,Critical,Email,16:41:00,,
4120,Miguel Hammond,lynchmelinda@example.com,41,Male,Sony PlayStation,2020-02-17,Product inquiry,Display issue,Closed,High,Phone,17:30:00,23:31:00,5
4121,Shawn Stewart,dixondavid@example.com,26,Other,PlayStation,2020-01-14,Cancellation request,Peripheral compatibility,Closed,High,Social media,00:55:00,15:44:00,4
4122,Angela Guzman,stephanie41@example.net,31,Other,Sony 4K HDR TV,2021-10-16,Cancellation request,Delivery problem,Pending Customer Response,Low,Phone,05:57:00,,
4123,Kimberly Perkins,erikacox@example.net,51,Other,Lenovo ThinkPad,2021-11-17,Refund request,Refund request,Closed,High,Email,03:40:00,03:56:00,2
4124,Kimberly Richards,bradley77@example.net,46,Other,Sony Xperia,2021-08-12,Cancellation request,Peripheral compatibility,Closed,Critical,Chat,01:29:00,15:25:00,4
4126,Latasha Stanton,jhunter@example.com,67,Other,Amazon Echo,2021-06-27,Technical issue,Product recommendation,Pending Customer Response,Low,Email,14:28:00,,
4127,Ryan Kelly,shariwilliams@example.net,56,Other,Samsung Soundbar,2020-07-21,Billing inquiry,Installation support,Closed,Medium,Social media,15:46:00,23:24:00,3
4128,Andrew Armstrong,yyu@example.com,62,Female,Lenovo ThinkPad,2021-05-06,Product inquiry,Hardware issue,Pending Customer Response,High,Email,01:05:00,,
4129,Larry Rivera,tinahughes@example.com,38,Female,Lenovo ThinkPad,2021-06-03,Cancellation request,Hardware issue,Closed,Low,Phone,06:04:00,11:08:00,2
4131,Terry Kelley,andersonlisa@example.com,70,Other,PlayStation,2020-06-25,Cancellation request,Data loss,Closed,Critical,Chat,17:54:00,01:47:00,3
4132,Courtney Jones,jessica38@example.net,41,Other,Sony PlayStation,2021-12-18,Cancellation request,Cancellation request,Closed,Medium,Email,07:55:00,00:01:00,4
4134,Mark King,harrymccarthy@example.com,24,Female,Dyson Vacuum Cleaner,2020-05-01,Cancellation request,Product compatibility,Closed,High,Chat,15:41:00,18:16:00,4
4135,Carl Mitchell,jennifer22@example.net,59,Other,Xbox,2020-07-30,Technical issue,Product compatibility,Closed,High,Phone,15:21:00,23:07:00,4
4136,Brandon Moore,grimesjeffrey@example.org,28,Male,Canon EOS,2021-11-22,Product inquiry,Display issue,Pending Customer Response,Critical,Email,21:14:00,,
4137,Nicole Mckenzie,howardtracey@example.com,57,Female,Microsoft Office,2020-04-15,Billing inquiry,Network problem,Closed,High,Chat,18:15:00,04:32:00,5
4139,Melissa Long,brittany70@example.org,30,Female,Asus ROG,2021-09-08,Billing inquiry,Product compatibility,Pending Customer Response,Low,Phone,07:53:00,,
4140,Tonya Gonzales,pwhitaker@example.com,56,Male,LG OLED,2020-05-01,Billing inquiry,Network problem,Pending Customer Response,High,Social media,15:26:00,,
4142,Richard Stevenson,steven07@example.net,51,Male,Nintendo Switch Pro Controller,2021-07-11,Product inquiry,Software bug,Pending Customer Response,Medium,Chat,05:23:00,,
4143,Debra Miller,scottdaniel@example.net,30,Male,GoPro Hero,2021-02-28,Product inquiry,Refund request,Pending Customer Response,Critical,Social media,01:47:00,,
4146,Clarence David,malik59@example.org,48,Other,Nest Thermostat,2021-05-04,Technical issue,Battery life,Closed,Critical,Phone,04:07:00,17:02:00,1
4147,Elizabeth Spears,jennifer56@example.com,49,Other,Garmin Forerunner,2020-07-19,Product inquiry,Payment issue,Pending Customer Response,Medium,Chat,04:42:00,,
4148,James King,martinezrobert@example.org,40,Male,Adobe Photoshop,2021-10-30,Product inquiry,Software bug,Closed,Medium,Phone,10:47:00,07:28:00,1
4149,James Martinez,chadoliver@example.org,61,Female,Microsoft Xbox Controller,2021-04-07,Billing inquiry,Refund request,Closed,Critical,Social media,08:16:00,07:40:00,2
4150,Yvonne Garcia,christinepoole@example.com,66,Male,Asus ROG,2020-10-02,Technical issue,Delivery problem,Pending Customer Response,Low,Chat,07:45:00,,
4151,Tyler Reed,pharmon@example.net,69,Other,Xbox,2020-01-21,Refund request,Payment issue,Closed,Critical,Email,19:40:00,23:14:00,2
4152,Sheila Leon,valdezjennifer@example.org,32,Female,Bose QuietComfort,2020-06-22,Technical issue,Peripheral compatibility,Closed,Low,Phone,12:01:00,20:29:00,4
4153,Leah Williams,joseph21@example.com,39,Female,Bose SoundLink Speaker,2020-10-20,Cancellation request,Product setup,Closed,High,Email,13:35:00,09:18:00,1
4156,Christopher Ho,glang@example.com,23,Other,Microsoft Office,2021-12-15,Technical issue,Network problem,Pending Customer Response,Medium,Email,23:30:00,,
4157,Ann Morris,sgutierrez@example.com,34,Other,Microsoft Office,2021-04-03,Billing inquiry,Product recommendation,Pending Customer Response,High,Chat,15:04:00,,
4159,Jerry Walls,lawrencecarter@example.org,59,Male,HP Pavilion,2020-08-21,Technical issue,Display issue,Pending Customer Response,Critical,Phone,12:33:00,,
4160,Sara Henry,pottervictor@example.org,27,Female,LG OLED,2021-09-29,Cancellation request,Display issue,Pending Customer Response,Medium,Email,11:34:00,,
4161,Micheal Parker,ewilliams@example.org,32,Female,GoPro Hero,2020-08-26,Billing inquiry,Delivery problem,Pending Customer Response,Critical,Email,10:07:00,,
4162,Lisa Butler,adam36@example.com,26,Other,Sony Xperia,2020-10-21,Billing inquiry,Payment issue,Pending Customer Response,Low,Chat,18:05:00,,
4163,Laura Jackson,scottsmith@example.com,36,Male,Canon DSLR Camera,2021-09-19,Product inquiry,Delivery problem,Closed,Critical,Email,19:02:00,13:40:00,1
4165,David Barajas,ehernandez@example.com,40,Female,Autodesk AutoCAD,2020-01-19,Product inquiry,Cancellation request,Pending Customer Response,High,Chat,03:50:00,,
4166,Laura Pearson,carlabradshaw@example.com,59,Male,Dyson Vacuum Cleaner,2021-01-04,Technical issue,Network problem,Pending Customer Response,Critical,Phone,08:34:00,,
4167,Robert Ross MD,melaniedavis@example.net,63,Other,Google Nest,2020-04-24,Product inquiry,Product setup,Pending Customer Response,Low,Social media,22:11:00,,
4168,Toni Fernandez,joshuasavage@example.com,62,Male,Nintendo Switch,2021-05-11,Billing inquiry,Product recommendation,Closed,Critical,Email,03:51:00,12:51:00,2
4169,Kaylee Dunn MD,gwashington@example.com,29,Male,Nintendo Switch,2021-04-15,Refund request,Refund request,Pending Customer Response,Critical,Phone,11:12:00,,
4170,Dominique Gibson,allenjennifer@example.com,25,Other,Canon EOS,2021-08-12,Refund request,Cancellation request,Closed,Medium,Chat,05:34:00,01:53:00,5
4171,Lauren Williams,thomas32@example.net,64,Female,iPhone,2021-10-25,Refund request,Delivery problem,Pending Customer Response,Medium,Email,17:11:00,,
4172,Courtney King,chad25@example.com,34,Female,Dyson Vacuum Cleaner,2021-02-02,Product inquiry,Installation support,Pending Customer Response,High,Phone,15:55:00,,
4173,Colleen Garcia,shannonortiz@example.net,21,Male,Nest Thermostat,2020-06-19,Cancellation request,Refund request,Pending Customer Response,Critical,Chat,02:20:00,,
4175,Kristin Thompson,pittspaul@example.com,19,Male,Fitbit Charge,2020-07-03,Billing inquiry,Network problem,Pending Customer Response,Medium,Chat,01:23:00,,
4179,Kathryn Baker,wilsonadam@example.com,27,Female,GoPro Action Camera,2020-12-18,Product inquiry,Product setup,Closed,Low,Chat,11:10:00,19:20:00,4
4182,Jason Stephenson,stacysnyder@example.org,30,Male,Amazon Echo,2020-02-20,Product inquiry,Data loss,Pending Customer Response,Medium,Chat,15:36:00,,
4184,Adam Carlson,stephaniewood@example.com,39,Female,Nest Thermostat,2020-11-17,Billing inquiry,Installation support,Pending Customer Response,Medium,Social media,19:12:00,,
4186,Zachary King,robin89@example.com,48,Other,Nintendo Switch,2020-08-29,Cancellation request,Refund request,Pending Customer Response,High,Email,08:24:00,,
4187,Anne Sims,johnsawyer@example.com,24,Male,Roomba Robot Vacuum,2020-09-22,Product inquiry,Hardware issue,Pending Customer Response,Critical,Social media,04:20:00,,
4188,Edwin Shah,belldaniel@example.org,29,Male,Asus ROG,2021-01-04,Product inquiry,Battery life,Pending Customer Response,Low,Phone,00:05:00,,
4189,Elizabeth King,millertammy@example.net,67,Male,LG OLED,2021-12-16,Cancellation request,Peripheral compatibility,Pending Customer Response,Low,Phone,00:07:00,,
4190,Donna Stevenson,hlane@example.net,68,Male,Google Pixel,2021-08-13,Technical issue,Display issue,Pending Customer Response,High,Email,17:23:00,,
4192,James David,amberdavis@example.com,38,Male,Adobe Photoshop,2020-03-28,Billing inquiry,Cancellation request,Pending Customer Response,Medium,Chat,07:55:00,,
4193,Katherine Potter,rachelbarber@example.org,42,Female,Nintendo Switch,2021-01-10,Technical issue,Product setup,Closed,Critical,Chat,21:49:00,08:28:00,3
4195,Sara Robinson,jessica16@example.net,30,Other,Samsung Galaxy,2020-03-08,Refund request,Installation support,Pending Customer Response,Medium,Social media,05:36:00,,
4196,Allison Edwards,bobby13@example.net,23,Female,PlayStation,2021-06-05,Product inquiry,Battery life,Pending Customer Response,Critical,Social media,16:29:00,,
4197,Eric Miller MD,melissamorales@example.com,54,Other,Microsoft Surface,2020-11-21,Technical issue,Software bug,Pending Customer Response,Medium,Chat,09:25:00,,
4198,Derrick Torres,torresemily@example.org,54,Other,Nintendo Switch,2021-04-27,Cancellation request,Display issue,Pending Customer Response,Critical,Email,01:46:00,,
4199,Megan Drake,kennethwhite@example.net,22,Female,Xbox,2020-02-19,Technical issue,Peripheral compatibility,Pending Customer Response,Medium,Email,08:08:00,,
4200,Brian Parker,hlewis@example.net,64,Male,Sony Xperia,2020-05-23,Billing inquiry,Network problem,Pending Customer Response,Critical,Email,04:55:00,,
4201,Joseph Doyle,kathryn52@example.net,33,Male,GoPro Hero,2020-06-03,Cancellation request,Software bug,Closed,Medium,Chat,16:13:00,18:30:00,4
4202,Rachel Peterson,cchristian@example.com,56,Other,Lenovo ThinkPad,2020-01-11,Cancellation request,Display issue,Pending Customer Response,Critical,Email,12:12:00,,
4203,Dr. Angela Flores DVM,amandaluna@example.org,51,Male,Dell XPS,2020-07-31,Technical issue,Software bug,Pending Customer Response,Medium,Chat,00:38:00,,
4205,Jennifer Blankenship,ugreer@example.net,65,Female,Autodesk AutoCAD,2021-05-31,Product inquiry,Peripheral compatibility,Pending Customer Response,High,Email,19:21:00,,
4209,Sarah Weaver,garciachristopher@example.org,32,Other,Samsung Soundbar,2020-09-19,Refund request,Display issue,Pending Customer Response,High,Chat,01:43:00,,
4210,Christopher Davis,jjenkins@example.org,36,Other,Fitbit Versa Smartwatch,2020-07-13,Technical issue,Refund request,Pending Customer Response,Medium,Chat,04:55:00,,
4211,Kimberly Turner,amandaball@example.org,38,Male,Nest Thermostat,2021-08-11,Technical issue,Cancellation request,Closed,Critical,Phone,03:30:00,07:20:00,1
4212,Caitlyn Keith,vasquezmichelle@example.net,28,Other,LG Washing Machine,2021-12-18,Product inquiry,Software bug,Closed,Low,Phone,10:33:00,18:37:00,1
4214,Mark White,ofrancis@example.net,27,Male,LG Washing Machine,2020-08-28,Refund request,Software bug,Closed,Low,Email,06:39:00,02:08:00,4
4215,Michael Sullivan,davisrussell@example.org,46,Male,MacBook Pro,2021-02-19,Refund request,Installation support,Pending Customer Response,High,Email,18:18:00,,
4217,Crystal Hanson,xparker@example.com,55,Female,Sony PlayStation,2020-07-06,Refund request,Delivery problem,Pending Customer Response,High,Chat,18:12:00,,
4218,James Barber,timothyreese@example.com,49,Other,Bose QuietComfort,2020-09-13,Technical issue,Display issue,Closed,Low,Social media,23:14:00,10:46:00,4
4220,Mary Wilson,klee@example.org,55,Male,Garmin Forerunner,2021-05-30,Technical issue,Software bug,Pending Customer Response,Medium,Email,15:53:00,,
4221,April Ayers,zhunt@example.net,48,Male,HP Pavilion,2020-08-01,Product inquiry,Refund request,Pending Customer Response,High,Social media,02:07:00,,
4222,Kelly Silva,connie65@example.com,24,Male,Canon EOS,2020-05-14,Refund request,Payment issue,Pending Customer Response,High,Email,06:32:00,,
4223,Jennifer Jones,kellyflores@example.org,70,Male,Apple AirPods,2021-05-29,Technical issue,Payment issue,Pending Customer Response,Critical,Chat,15:58:00,,
4224,Mark Wolfe,benjamindavis@example.net,46,Male,Canon DSLR Camera,2021-01-24,Product inquiry,Software bug,Pending Customer Response,Critical,Chat,19:07:00,,
4225,Amanda Frazier,olarson@example.net,33,Male,Dell XPS,2020-04-29,Billing inquiry,Account access,Pending Customer Response,Medium,Phone,17:53:00,,
4226,Tiffany Floyd,steven84@example.com,33,Other,Bose QuietComfort,2021-08-19,Refund request,Battery life,Pending Customer Response,Low,Chat,09:44:00,,
4227,Nicole Matthews,jackthomas@example.org,24,Other,Xbox,2020-08-09,Billing inquiry,Battery life,Pending Customer Response,Low,Phone,03:26:00,,
4230,Glen Cox,courtneysimmons@example.com,46,Female,Canon DSLR Camera,2020-11-19,Product inquiry,Network problem,Closed,Critical,Email,13:34:00,15:43:00,4
4232,Jeremy Barrera,jenniferjohns@example.net,37,Female,Asus ROG,2021-02-02,Cancellation request,Product setup,Closed,Critical,Social media,15:49:00,08:35:00,3
4233,Victoria Warren,lbryan@example.com,33,Female,Nest Thermostat,2020-05-28,Refund request,Cancellation request,Pending Customer Response,Medium,Email,02:46:00,,
4234,Virginia Smith,rhodesbarbara@example.net,45,Female,Canon EOS,2020-12-26,Refund request,Hardware issue,Closed,High,Social media,04:21:00,03:22:00,1
4235,Caroline Moore,katielevine@example.net,31,Female,Samsung Soundbar,2021-07-30,Cancellation request,Product compatibility,Closed,High,Chat,14:27:00,19:50:00,1
4236,Mr. Shawn Bruce,flynnanthony@example.com,42,Male,Nintendo Switch,2021-10-16,Refund request,Cancellation request,Closed,Critical,Phone,12:43:00,07:25:00,1
4237,Maria Christian,gamblenicole@example.net,60,Other,Garmin Forerunner,2021-12-22,Technical issue,Product setup,Pending Customer Response,High,Phone,07:16:00,,
4238,Zoe White,gallowayandrew@example.com,35,Male,Dyson Vacuum Cleaner,2021-02-27,Cancellation request,Product compatibility,Closed,Low,Phone,04:42:00,23:37:00,1
4239,Amy Jennings,smithvictoria@example.org,31,Male,Garmin Forerunner,2020-11-26,Refund request,Cancellation request,Pending Customer Response,Critical,Phone,16:34:00,,
4240,Michele Gutierrez MD,woodsronald@example.org,48,Female,Asus ROG,2021-11-19,Cancellation request,Software bug,Closed,Critical,Phone,19:22:00,11:42:00,4
4242,Dawn Perez,adam64@example.org,61,Male,Microsoft Office,2021-04-19,Billing inquiry,Software bug,Closed,Medium,Chat,11:31:00,20:24:00,5
4243,Kathryn Torres,lwebb@example.net,67,Other,Sony Xperia,2020-01-14,Cancellation request,Peripheral compatibility,Closed,Critical,Email,00:30:00,19:16:00,4
4244,Janet Harris,elizabethflores@example.net,58,Other,Dyson Vacuum Cleaner,2020-12-11,Refund request,Account access,Closed,High,Email,15:05:00,09:28:00,1
4246,Travis Torres,rnelson@example.org,66,Other,HP Pavilion,2020-12-31,Refund request,Product recommendation,Pending Customer Response,Medium,Chat,06:47:00,,
4247,Alyssa Bryant,kvelazquez@example.com,25,Female,Sony PlayStation,2021-11-11,Refund request,Cancellation request,Closed,High,Social media,15:05:00,19:48:00,2
4248,Tyler Chavez,kellystone@example.org,43,Male,Canon DSLR Camera,2021-07-07,Billing inquiry,Product recommendation,Pending Customer Response,Critical,Phone,23:12:00,,
4249,Amy Green,robert89@example.org,27,Female,Bose QuietComfort,2020-09-13,Product inquiry,Delivery problem,Pending Customer Response,Critical,Email,12:49:00,,
4250,Christine Eaton,tiffany06@example.com,47,Other,Lenovo ThinkPad,2021-05-11,Cancellation request,Network problem,Pending Customer Response,Low,Phone,08:40:00,,
4251,Thomas Barron,robert04@example.com,29,Other,Bose QuietComfort,2021-09-28,Billing inquiry,Payment issue,Pending Customer Response,Medium,Email,22:25:00,,
4252,Richard Sharp,vmoore@example.com,53,Other,iPhone,2021-05-18,Technical issue,Installation support,Pending Customer Response,High,Social media,20:49:00,,
4254,Thomas Rios,thomasleslie@example.com,56,Male,Apple AirPods,2021-03-15,Billing inquiry,Data loss,Closed,High,Email,01:30:00,14:32:00,5
4256,Jennifer Wilson,anthonymyers@example.com,52,Male,Samsung Galaxy,2021-12-17,Product inquiry,Product recommendation,Pending Customer Response,High,Email,08:47:00,,
4257,Melinda Cook,fdavis@example.com,54,Male,Bose QuietComfort,2021-08-23,Product inquiry,Data loss,Closed,Critical,Phone,07:59:00,01:38:00,3
4259,Mark Ross,jesse77@example.org,55,Male,LG Washing Machine,2021-11-05,Product inquiry,Product setup,Closed,Medium,Phone,22:43:00,19:56:00,2
4260,Karen Santos,vmanning@example.org,62,Male,Microsoft Xbox Controller,2021-05-22,Cancellation request,Network problem,Pending Customer Response,Critical,Email,01:14:00,,
4261,Jacob Turner,rebeccablack@example.net,18,Male,Bose QuietComfort,2020-01-31,Refund request,Account access,Pending Customer Response,High,Email,02:57:00,,
4265,Henry Newman Jr.,drakejeremy@example.org,67,Other,PlayStation,2020-06-20,Cancellation request,Installation support,Closed,Critical,Email,18:04:00,18:35:00,4
4266,Antonio Gardner,jacksonsarah@example.com,43,Female,GoPro Action Camera,2020-06-08,Refund request,Installation support,Pending Customer Response,High,Phone,22:39:00,,
4267,Cynthia Edwards,cmclean@example.com,47,Female,Adobe Photoshop,2020-11-05,Cancellation request,Product recommendation,Closed,Critical,Email,06:55:00,17:14:00,4
4268,Karen Zimmerman,shannonmcdowell@example.net,58,Female,Nintendo Switch Pro Controller,2020-06-06,Technical issue,Software bug,Closed,Critical,Email,03:50:00,16:43:00,2
4269,Susan Lang,walterslinda@example.org,56,Other,Nikon D,2020-04-24,Cancellation request,Display issue,Closed,Low,Email,04:25:00,02:42:00,4
4271,Benjamin Hanson,icollins@example.com,18,Male,LG OLED,2021-11-06,Technical issue,Cancellation request,Pending Customer Response,High,Email,19:40:00,,
4272,Jeffrey Mayer,adamscourtney@example.org,64,Other,GoPro Action Camera,2020-06-17,Product inquiry,Display issue,Pending Customer Response,High,Email,13:30:00,,
4274,Jennifer Blake,uheath@example.net,68,Male,LG OLED,2021-03-22,Cancellation request,Product compatibility,Pending Customer Response,High,Phone,20:39:00,,
4275,Francis Mitchell,emilygamble@example.net,33,Male,Microsoft Surface,2020-08-01,Billing inquiry,Product compatibility,Closed,Medium,Chat,06:32:00,10:06:00,2
4276,Tina Howard,danielwyatt@example.org,68,Female,LG Smart TV,2020-06-23,Billing inquiry,Delivery problem,Pending Customer Response,Critical,Phone,02:51:00,,
4277,Kimberly Wallace,denisemedina@example.com,52,Female,Autodesk AutoCAD,2021-02-20,Product inquiry,Battery life,Pending Customer Response,Critical,Email,20:43:00,,
4281,Jennifer Nelson,eparker@example.org,33,Male,Canon EOS,2020-02-29,Technical issue,Product compatibility,Pending Customer Response,Critical,Chat,02:53:00,,
4282,Diana Evans,paul68@example.net,40,Other,Amazon Kindle,2021-07-29,Technical issue,Delivery problem,Closed,Medium,Chat,10:46:00,06:13:00,2
4284,Kelly Taylor,heather95@example.net,33,Male,iPhone,2021-09-21,Cancellation request,Delivery problem,Pending Customer Response,Medium,Email,13:28:00,,
4285,Debra Ortiz MD,xhaynes@example.com,45,Female,Dyson Vacuum Cleaner,2020-10-31,Technical issue,Product recommendation,Closed,Low,Phone,05:38:00,08:15:00,3
4286,Kelly Rice,dwilliams@example.org,40,Other,LG OLED,2020-05-02,Billing inquiry,Payment issue,Pending Customer Response,Critical,Chat,21:03:00,,
4288,Timothy Baker,perry41@example.com,42,Female,LG Smart TV,2021-10-07,Technical issue,Data loss,Closed,Critical,Chat,08:52:00,16:13:00,4
4290,Rachel Cooper,bhoffman@example.net,53,Male,Nintendo Switch Pro Controller,2020-08-31,Technical issue,Product setup,Pending Customer Response,High,Social media,19:50:00,,
4291,Danielle Stevenson,scottdouglas@example.org,35,Other,Garmin Forerunner,2020-07-19,Cancellation request,Battery life,Pending Customer Response,Medium,Social media,10:55:00,,
4292,Anthony Rivera,tarajones@example.com,20,Female,HP Pavilion,2021-09-13,Billing inquiry,Account access,Closed,Low,Email,22:33:00,22:41:00,3
4293,Sharon Ward,ajones@example.com,39,Female,Lenovo ThinkPad,2020-12-15,Refund request,Display issue,Pending Customer Response,Medium,Email,20:16:00,,
4294,Ryan Moran,elizabeth50@example.org,55,Male,Sony Xperia,2021-05-09,Billing inquiry,Product setup,Pending Customer Response,Critical,Phone,07:36:00,,
4295,Jacqueline Fox,dbrown@example.net,36,Male,LG Smart TV,2021-04-15,Refund request,Product recommendation,Pending Customer Response,High,Chat,09:11:00,,
4296,Tammy Garcia,prichards@example.net,37,Male,Dell XPS,2021-03-25,Technical issue,Product recommendation,Pending Customer Response,Critical,Phone,20:27:00,,
4297,Amy Sanchez,gonzalezkevin@example.com,70,Male,Garmin Forerunner,2020-11-20,Refund request,Software bug,Pending Customer Response,Low,Phone,22:31:00,,
4299,Robin Davis,melissaarmstrong@example.com,21,Male,Bose QuietComfort,2021-02-26,Billing inquiry,Display issue,Pending Customer Response,Low,Phone,03:09:00,,
4301,William Avery,hoffmangabriel@example.com,67,Female,LG Smart TV,2021-02-02,Billing inquiry,Refund request,Pending Customer Response,Medium,Email,06:37:00,,
4302,Joseph Obrien,vlee@example.org,60,Other,Autodesk AutoCAD,2020-12-22,Product inquiry,Software bug,Closed,Medium,Social media,22:27:00,08:41:00,3
4304,Jason Barnes,eric62@example.org,53,Male,Philips Hue Lights,2021-01-29,Cancellation request,Network problem,Pending Customer Response,Medium,Chat,10:49:00,,
4305,Patricia Graves,sandersclaudia@example.net,41,Male,Fitbit Versa Smartwatch,2020-03-25,Billing inquiry,Product recommendation,Closed,Medium,Chat,21:48:00,04:46:00,1
4306,Brendan May,lcrosby@example.org,46,Other,Apple AirPods,2020-03-18,Refund request,Product recommendation,Pending Customer Response,High,Email,14:56:00,,
4308,William Brown,simmonsmorgan@example.com,46,Male,Microsoft Xbox Controller,2020-01-13,Refund request,Software bug,Pending Customer Response,Low,Social media,13:29:00,,
4311,Brian Morales,thompsonraymond@example.net,47,Male,Nikon D,2020-10-06,Cancellation request,Display issue,Closed,Critical,Phone,18:32:00,10:24:00,4
4312,Anthony Silva,raguilar@example.org,66,Male,PlayStation,2021-08-09,Billing inquiry,Peripheral compatibility,Pending Customer Response,High,Phone,09:00:00,,
4314,Crystal Jensen,andersonbrandon@example.org,55,Male,Canon EOS,2021-12-30,Cancellation request,Cancellation request,Pending Customer Response,Low,Phone,03:08:00,,
4315,Carlos Moore,david41@example.com,18,Female,MacBook Pro,2020-02-03,Product inquiry,Installation support,Closed,Critical,Email,22:59:00,09:05:00,2
4317,Dawn Hamilton,nicholsgary@example.com,24,Male,Nintendo Switch Pro Controller,2021-07-21,Technical issue,Account access,Pending Customer Response,Low,Email,11:55:00,,
4319,Brianna Chambers,ssharp@example.org,37,Male,Nintendo Switch Pro Controller,2021-07-30,Technical issue,Network problem,Pending Customer Response,Critical,Social media,20:12:00,,
4320,Derek Peterson,ataylor@example.org,58,Male,Sony PlayStation,2021-04-14,Technical issue,Network problem,Pending Customer Response,High,Chat,20:54:00,,
4321,James Contreras,phillip06@example.net,21,Other,Google Pixel,2021-12-26,Cancellation request,Software bug,Pending Customer Response,Low,Social media,04:00:00,,
4322,David Todd,hilljennifer@example.com,24,Other,GoPro Action Camera,2021-05-26,Refund request,Payment issue,Pending Customer Response,Medium,Email,13:51:00,,
4324,Jeffrey English,david60@example.org,45,Other,Bose QuietComfort,2020-01-24,Technical issue,Refund request,Closed,Low,Social media,15:29:00,06:29:00,3
4325,Eddie Parker,michelledunlap@example.net,18,Other,Amazon Echo,2020-05-28,Cancellation request,Delivery problem,Pending Customer Response,Medium,Phone,06:44:00,,
4326,Ann Jones,fullerronald@example.com,50,Other,Xbox,2020-02-28,Product inquiry,Account access,Pending Customer Response,High,Email,03:10:00,,
4327,Melissa Griffith,phillipsdavid@example.org,29,Other,Nintendo Switch,2020-12-11,Technical issue,Network problem,Pending Customer Response,Low,Phone,10:03:00,,
4328,Kelsey Allen,combselizabeth@example.net,29,Other,Roomba Robot Vacuum,2020-06-30,Cancellation request,Software bug,Pending Customer Response,Medium,Social media,08:53:00,,
4332,Tammy Reid,dbowen@example.net,23,Male,Adobe Photoshop,2020-10-01,Refund request,Product setup,Pending Customer Response,Medium,Phone,17:07:00,,
4333,Brian Branch,kbarrett@example.org,38,Other,LG Smart TV,2021-04-24,Technical issue,Product recommendation,Pending Customer Response,Critical,Email,05:21:00,,
4334,Stephen Gonzalez,jdixon@example.org,46,Male,Canon EOS,2021-07-18,Billing inquiry,Display issue,Closed,Medium,Social media,08:16:00,17:39:00,5
4335,Victoria Wright,uhill@example.org,68,Male,Amazon Echo,2020-03-02,Product inquiry,Delivery problem,Pending Customer Response,Medium,Email,02:17:00,,
4336,Tara Torres,denise35@example.com,46,Male,Sony Xperia,2021-12-30,Cancellation request,Display issue,Closed,Critical,Email,03:09:00,13:58:00,2
4337,Scott Adams,cameronreeves@example.com,61,Male,Philips Hue Lights,2021-07-13,Product inquiry,Network problem,Closed,Critical,Chat,05:14:00,09:10:00,3
4338,David Rivera,normamarquez@example.net,69,Female,Apple AirPods,2020-12-31,Technical issue,Network problem,Pending Customer Response,Critical,Chat,17:52:00,,
4340,David Diaz MD,rdavis@example.com,57,Other,LG OLED,2021-03-02,Technical issue,Product recommendation,Closed,High,Chat,17:06:00,20:15:00,4
4342,Jason Mills,suzanneavery@example.com,19,Male,Sony PlayStation,2020-12-19,Billing inquiry,Cancellation request,Pending Customer Response,Medium,Social media,07:06:00,,
4343,Loretta Mclaughlin,alyssaschwartz@example.org,48,Male,LG Smart TV,2020-10-07,Refund request,Cancellation request,Closed,Low,Chat,09:02:00,15:44:00,5
4345,Leslie Williams,khoffman@example.org,57,Female,Sony 4K HDR TV,2021-04-22,Refund request,Battery life,Pending Customer Response,Low,Email,06:37:00,,
4347,Mrs. Crystal Callahan,ynguyen@example.org,57,Male,Microsoft Surface,2021-05-18,Product inquiry,Peripheral compatibility,Pending Customer Response,Low,Chat,02:37:00,,
4348,Timothy Garcia,carrieschultz@example.org,57,Female,Microsoft Surface,2020-12-08,Cancellation request,Payment issue,Pending Customer Response,Low,Phone,02:07:00,,
4349,Jordan Farmer,palmersamuel@example.com,21,Male,iPhone,2021-08-01,Refund request,Hardware issue,Pending Customer Response,Low,Phone,01:47:00,,
4350,Steve Smith,amydillon@example.net,21,Female,Nikon D,2021-05-25,Product inquiry,Installation support,Pending Customer Response,High,Chat,15:51:00,,
4352,Susan Duncan,kelleylindsay@example.com,58,Female,Google Pixel,2020-09-17,Cancellation request,Product recommendation,Closed,High,Phone,03:53:00,09:12:00,5
4353,Terry Flores,dpham@example.com,28,Male,LG Washing Machine,2021-06-21,Cancellation request,Product setup,Pending Customer Response,High,Email,01:42:00,,
4354,Ashley Acevedo,wallen@example.com,64,Other,Xbox,2021-09-10,Refund request,Product compatibility,Pending Customer Response,Medium,Chat,01:14:00,,
4355,April Anthony,michelle74@example.org,55,Other,Microsoft Office,2020-04-12,Billing inquiry,Installation support,Closed,High,Chat,07:34:00,16:23:00,3
4356,Karen Collins,kyle57@example.net,31,Female,Asus ROG,2020-07-23,Billing inquiry,Peripheral compatibility,Pending Customer Response,Critical,Chat,00:27:00,,
4357,Justin Wilkerson,lydiamitchell@example.org,31,Male,Nintendo Switch,2021-12-08,Cancellation request,Data loss,Closed,Medium,Email,11:13:00,09:37:00,3
4358,Henry Stevens,ryan64@example.com,59,Male,Canon EOS,2021-04-29,Refund request,Battery life,Pending Customer Response,High,Social media,18:25:00,,
4359,Kristina Hernandez,johnsongary@example.net,65,Female,Google Nest,2020-01-16,Refund request,Data loss,Pending Customer Response,High,Email,21:17:00,,
4360,David Bradley,adam67@example.net,25,Female,Asus ROG,2021-01-12,Product inquiry,Product setup,Pending Customer Response,Critical,Phone,07:57:00,,
4361,Tina Peters,hollandtracy@example.com,68,Female,Adobe Photoshop,2020-07-14,Cancellation request,Battery life,Closed,Medium,Phone,08:22:00,03:15:00,1
4363,Justin Buchanan,riverajonathan@example.org,51,Other,Garmin Forerunner,2020-07-14,Cancellation request,Hardware issue,Pending Customer Response,Low,Email,09:56:00,,
4365,Erin Miller,yolandaduarte@example.net,32,Male,Bose SoundLink Speaker,2020-03-05,Technical issue,Hardware issue,Pending Customer Response,Low,Email,19:20:00,,
4368,Miss Donna Graham DDS,thompsontheodore@example.org,53,Male,Amazon Echo,2020-02-22,Product inquiry,Delivery problem,Closed,High,Social media,16:08:00,20:11:00,4
4370,Jennifer Barker,jessica49@example.net,36,Other,Apple AirPods,2021-05-17,Technical issue,Refund request,Pending Customer Response,High,Phone,17:50:00,,
4371,David Moreno,chandlerpeter@example.net,38,Male,Google Pixel,2020-05-01,Cancellation request,Product recommendation,Pending Customer Response,High,Chat,22:03:00,,
4373,Charles Manning,joshua87@example.org,43,Other,LG Smart TV,2020-11-23,Cancellation request,Display issue,Pending Customer Response,Low,Social media,08:41:00,,
4374,Erin Bauer MD,lherrera@example.com,35,Male,Nikon D,2020-04-27,Refund request,Product setup,Pending Customer Response,Medium,Phone,15:13:00,,
4375,Antonio White,juliehall@example.net,40,Female,Bose SoundLink Speaker,2021-10-10,Billing inquiry,Network problem,Closed,Critical,Social media,09:20:00,15:25:00,5
4376,Hannah Mccullough,graymark@example.net,50,Female,HP Pavilion,2020-03-12,Technical issue,Refund request,Pending Customer Response,Critical,Email,23:15:00,,
4378,Olivia Riggs,deleonsherry@example.com,63,Male,Autodesk AutoCAD,2020-05-05,Product inquiry,Delivery problem,Closed,Critical,Phone,20:12:00,23:55:00,3
4379,Cathy Rodriguez,sbuchanan@example.net,46,Male,Lenovo ThinkPad,2020-08-06,Billing inquiry,Product compatibility,Closed,Critical,Chat,00:52:00,22:27:00,4
4380,Barbara Gregory,keith85@example.net,24,Female,Sony 4K HDR TV,2020-05-04,Billing inquiry,Refund request,Closed,Critical,Email,04:48:00,02:29:00,4
4381,Anne Richards,andrea41@example.net,59,Male,Microsoft Surface,2020-05-07,Refund request,Data loss,Pending Customer Response,High,Email,00:58:00,,
4382,Jennifer Clark,wwilson@example.net,57,Female,iPhone,2020-11-24,Billing inquiry,Installation support,Pending Customer Response,Medium,Chat,23:59:00,,
4383,Jennifer Hunt,angela04@example.net,28,Female,Nintendo Switch Pro Controller,2020-03-29,Billing inquiry,Product setup,Closed,Critical,Email,11:04:00,14:56:00,2
4384,Teresa Medina,lbeck@example.org,49,Other,Sony 4K HDR TV,2020-10-25,Billing inquiry,Network problem,Closed,Critical,Phone,17:57:00,20:35:00,5
4385,Robert Leblanc,kevin24@example.org,61,Female,Fitbit Charge,2020-06-01,Refund request,Cancellation request,Pending Customer Response,High,Phone,19:12:00,,
4386,Cassandra Warren,jessica27@example.org,67,Other,Dyson Vacuum Cleaner,2020-10-09,Billing inquiry,Refund request,Closed,Medium,Email,15:52:00,15:59:00,4
4387,Rick Stephens,georgemontoya@example.com,24,Male,Nintendo Switch,2021-06-23,Billing inquiry,Battery life,Pending Customer Response,Low,Chat,16:24:00,,
4389,Jeremy Brown,howellashley@example.net,27,Female,Sony Xperia,2020-10-03,Cancellation request,Installation support,Closed,Critical,Social media,13:26:00,15:33:00,4
4391,Anthony Rivera,erin11@example.com,65,Male,MacBook Pro,2020-10-06,Billing inquiry,Delivery problem,Closed,Low,Chat,11:45:00,18:01:00,3
4393,Christian Hamilton,doughertytravis@example.net,22,Male,Sony Xperia,2021-09-20,Cancellation request,Software bug,Pending Customer Response,Low,Chat,07:56:00,,
4394,Tyler Gray,calebguzman@example.com,44,Other,Fitbit Versa Smartwatch,2020-10-15,Product inquiry,Account access,Pending Customer Response,Medium,Phone,04:55:00,,
4395,Dr. John Mcbride,lukemontgomery@example.com,23,Male,LG OLED,2020-09-01,Billing inquiry,Product setup,Pending Customer Response,Critical,Chat,21:11:00,,
4396,Amy Martinez,kmarshall@example.com,44,Other,Fitbit Versa Smartwatch,2021-02-11,Cancellation request,Account access,Pending Customer Response,Low,Phone,18:45:00,,
4399,Jeremy Bean,michael03@example.net,27,Female,LG Washing Machine,2021-01-05,Refund request,Product recommendation,Closed,Critical,Social media,00:48:00,07:16:00,5
4400,Alicia Martin,riveranatasha@example.org,53,Female,Canon DSLR Camera,2021-02-21,Refund request,Account access,Closed,Medium,Phone,05:33:00,22:46:00,4
4401,Rebecca Smith,huffapril@example.com,69,Other,Nintendo Switch,2021-02-09,Product inquiry,Product recommendation,Closed,High,Chat,14:51:00,23:07:00,1
4402,Elizabeth Berg,christopher56@example.net,54,Female,Garmin Forerunner,2021-08-19,Billing inquiry,Account access,Pending Customer Response,High,Phone,21:44:00,,
4405,Patrick Davis,xvillegas@example.net,19,Other,LG Smart TV,2020-01-13,Product inquiry,Software bug,Closed,High,Chat,23:53:00,02:02:00,2
4406,Derek Tucker,christopherlewis@example.com,51,Female,Amazon Kindle,2021-07-10,Refund request,Refund request,Pending Customer Response,Medium,Chat,22:57:00,,
4407,Robert Cobb,ffuentes@example.com,41,Male,Lenovo ThinkPad,2020-07-25,Product inquiry,Hardware issue,Pending Customer Response,High,Social media,00:59:00,,
4408,Colleen Roy,barneserica@example.net,46,Other,Canon DSLR Camera,2021-09-27,Technical issue,Product recommendation,Pending Customer Response,High,Chat,13:50:00,,
4409,Kayla Flores,nicholehart@example.net,48,Male,Adobe Photoshop,2020-08-29,Cancellation request,Peripheral compatibility,Closed,Low,Chat,18:51:00,06:01:00,3
4411,Brandon Wagner,peggy96@example.net,63,Female,GoPro Action Camera,2020-08-04,Technical issue,Product setup,Closed,High,Email,08:11:00,14:36:00,3
4412,Randy Perez,stacey69@example.net,49,Other,Microsoft Surface,2020-06-18,Refund request,Hardware issue,Pending Customer Response,Low,Email,19:29:00,,
4413,Dakota Lucas,howardjeffrey@example.org,61,Male,Philips Hue Lights,2021-06-29,Refund request,Refund request,Closed,Medium,Email,14:00:00,08:39:00,2
4416,Jason Harvey,jocelyn73@example.com,43,Male,Dell XPS,2020-07-19,Refund request,Peripheral compatibility,Closed,Medium,Phone,14:38:00,18:12:00,3
4418,Michael Riggs,elizabethkrause@example.org,56,Female,Sony Xperia,2020-05-18,Refund request,Delivery problem,Closed,Low,Email,06:40:00,14:15:00,5
4419,Jennifer Mcdaniel,kathygalloway@example.com,31,Female,Canon DSLR Camera,2020-12-08,Billing inquiry,Installation support,Pending Customer Response,Medium,Social media,21:22:00,,
4420,Christopher Moore,fritzanthony@example.org,67,Other,Adobe Photoshop,2021-06-24,Billing inquiry,Software bug,Pending Customer Response,Critical,Chat,01:11:00,,
4421,Caroline Krueger,bthompson@example.com,65,Other,Sony Xperia,2021-02-04,Technical issue,Software bug,Closed,Medium,Chat,13:51:00,12:14:00,2
4423,Angela Martinez,mcarter@example.org,23,Male,Microsoft Xbox Controller,2020-02-15,Cancellation request,Refund request,Pending Customer Response,High,Phone,10:09:00,,
4424,Kimberly Smith,nevans@example.com,31,Female,Microsoft Xbox Controller,2020-12-09,Cancellation request,Installation support,Closed,Critical,Social media,04:05:00,10:37:00,2
4425,Michelle Smith,cynthia08@example.net,42,Female,MacBook Pro,2021-06-13,Product inquiry,Account access,Closed,Medium,Social media,07:05:00,06:50:00,3
4426,Darius Larson,justinshaffer@example.org,45,Male,HP Pavilion,2020-04-02,Billing inquiry,Installation support,Closed,Critical,Chat,03:35:00,06:24:00,2
4427,Tiffany Moore,valeriewright@example.org,56,Female,Microsoft Surface,2021-01-18,Technical issue,Refund request,Closed,Low,Chat,10:49:00,04:17:00,5
4428,Melissa Hobbs,leonthomas@example.org,34,Male,LG Smart TV,2020-04-04,Refund request,Account access,Pending Customer Response,Medium,Social media,15:59:00,,
4432,Natalie Potter,michael41@example.net,63,Male,Sony 4K HDR TV,2020-10-21,Cancellation request,Product setup,Pending Customer Response,Medium,Social media,00:49:00,,
4433,Lori Diaz,zdennis@example.org,58,Other,Nintendo Switch,2020-06-20,Technical issue,Payment issue,Closed,Critical,Social media,21:21:00,01:38:00,1
4434,Brandon Salazar,omartinez@example.org,37,Male,LG Washing Machine,2020-01-05,Technical issue,Installation support,Closed,High,Chat,15:56:00,05:01:00,4
4437,Shane Davila,charleneedwards@example.com,47,Other,LG Washing Machine,2020-07-21,Technical issue,Software bug,Pending Customer Response,Low,Chat,10:30:00,,
4438,Matthew Anderson,smithandrew@example.com,19,Male,Samsung Galaxy,2021-10-21,Product inquiry,Software bug,Closed,Critical,Phone,12:36:00,07:27:00,1
4439,Anthony Benitez,sarah85@example.org,61,Male,Philips Hue Lights,2021-03-30,Product inquiry,Installation support,Pending Customer Response,Medium,Phone,20:51:00,,
4440,Elizabeth Andersen,pphillips@example.com,48,Female,Bose QuietComfort,2020-07-23,Product inquiry,Network problem,Closed,Critical,Chat,02:31:00,10:49:00,4
4441,Natalie Avila,audrey37@example.com,54,Male,iPhone,2021-11-21,Refund request,Installation support,Pending Customer Response,High,Social media,16:57:00,,
4442,Sarah Neal,matthew65@example.net,23,Other,Microsoft Xbox Controller,2021-09-01,Cancellation request,Delivery problem,Pending Customer Response,Medium,Social media,23:55:00,,
4443,Douglas Gonzalez,parker76@example.org,24,Male,Fitbit Charge,2020-01-31,Billing inquiry,Product setup,Closed,Medium,Email,08:18:00,04:11:00,2
4444,John Hall,schmidtkyle@example.com,65,Male,Adobe Photoshop,2021-06-04,Billing inquiry,Payment issue,Pending Customer Response,Critical,Email,01:16:00,,
4446,Alexander Ramos,farleysamuel@example.com,20,Male,Garmin Forerunner,2021-01-19,Technical issue,Refund request,Pending Customer Response,Low,Chat,10:08:00,,
4448,Melissa Russell,michelle80@example.com,54,Male,GoPro Action Camera,2021-08-28,Billing inquiry,Payment issue,Pending Customer Response,Medium,Chat,21:41:00,,
4449,Kristy Baker,patricia79@example.net,36,Other,Bose QuietComfort,2021-11-19,Product inquiry,Network problem,Pending Customer Response,Critical,Chat,19:03:00,,
4451,Meagan Beck,gordonmichael@example.com,56,Female,Samsung Galaxy,2020-09-25,Technical issue,Payment issue,Pending Customer Response,Medium,Social media,04:22:00,,
4453,Kristina Cook,patrick04@example.net,45,Male,Canon DSLR Camera,2021-11-04,Billing inquiry,Battery life,Closed,Critical,Phone,15:51:00,03:56:00,5
4454,Mark Johnson,cabreradaniel@example.net,48,Male,Dell XPS,2021-07-29,Cancellation request,Refund request,Closed,High,Email,02:30:00,01:01:00,1
4455,Christopher Chase,anthonythompson@example.net,31,Other,Bose QuietComfort,2021-08-04,Product inquiry,Installation support,Pending Customer Response,Low,Social media,08:41:00,,
4457,James Andrews,louistaylor@example.net,38,Female,Bose SoundLink Speaker,2020-01-13,Refund request,Refund request,Pending Customer Response,Critical,Social media,14:42:00,,
4458,Marcus Schneider,campbellwilliam@example.org,66,Female,Samsung Soundbar,2020-03-22,Product inquiry,Payment issue,Closed,Low,Email,14:33:00,04:08:00,1
4460,Eddie White,ssingleton@example.net,56,Other,GoPro Hero,2020-01-02,Technical issue,Product compatibility,Closed,Medium,Social media,20:04:00,19:05:00,5
4461,Darren Kidd,lorraine84@example.com,44,Female,Samsung Soundbar,2021-11-16,Billing inquiry,Display issue,Pending Customer Response,Low,Social media,15:40:00,,
4462,Andrew Elliott,kevinwalter@example.net,34,Male,Nikon D,2020-10-29,Technical issue,Cancellation request,Pending Customer Response,High,Phone,19:33:00,,
4463,Samantha Bauer,melanie64@example.net,66,Other,LG OLED,2021-07-31,Product inquiry,Product compatibility,Closed,Low,Email,22:16:00,06:31:00,3
4465,Sarah Hawkins,ryanchaney@example.org,69,Male,LG Smart TV,2020-04-29,Billing inquiry,Hardware issue,Closed,Low,Email,10:47:00,15:23:00,4
4468,Richard Chandler,samuel66@example.org,40,Female,Sony 4K HDR TV,2021-03-03,Cancellation request,Hardware issue,Pending Customer Response,Critical,Chat,05:50:00,,
4469,Steven Reynolds,pinedawilliam@example.com,53,Female,Asus ROG,2020-10-08,Cancellation request,Product setup,Pending Customer Response,Medium,Phone,07:14:00,,
4470,Kristina Munoz,wperez@example.net,30,Female,Roomba Robot Vacuum,2021-04-29,Billing inquiry,Network problem,Pending Customer Response,Critical,Chat,04:06:00,,
4471,Ann Carter,david73@example.com,18,Female,Roomba Robot Vacuum,2021-09-11,Technical issue,Hardware issue,Pending Customer Response,High,Email,21:24:00,,
4474,Christine Taylor,moorematthew@example.net,21,Male,Google Nest,2021-06-05,Technical issue,Hardware issue,Closed,High,Email,08:46:00,10:25:00,1
4475,Zachary Vasquez,sarahcolon@example.net,27,Male,Nikon D,2021-04-19,Billing inquiry,Account access,Pending Customer Response,High,Email,12:14:00,,
4476,Nancy Brown,julia51@example.org,60,Male,Canon DSLR Camera,2021-03-25,Product inquiry,Data loss,Closed,High,Social media,22:53:00,21:02:00,1
4478,Eric Torres,dburton@example.com,21,Male,Adobe Photoshop,2021-02-17,Product inquiry,Refund request,Closed,Low,Chat,02:42:00,11:00:00,2
4481,Daniel Ortiz,mholt@example.net,20,Other,Microsoft Surface,2021-09-24,Technical issue,Hardware issue,Closed,High,Chat,17:37:00,16:25:00,5
4482,Chad Waters,jamesgardner@example.net,27,Female,Microsoft Office,2020-04-20,Refund request,Product compatibility,Closed,Critical,Email,23:00:00,14:01:00,5
4483,Jessica Williams,heidi84@example.com,53,Male,Apple AirPods,2020-08-05,Billing inquiry,Battery life,Pending Customer Response,Medium,Phone,07:19:00,,
4484,Cesar Allison,hford@example.com,39,Male,Microsoft Office,2021-08-25,Technical issue,Display issue,Pending Customer Response,Low,Email,05:49:00,,
4485,Karen Branch,pbradford@example.org,18,Male,Autodesk AutoCAD,2020-12-15,Technical issue,Cancellation request,Closed,High,Social media,20:26:00,11:54:00,1
4486,Michael Reynolds,hughesandrea@example.com,44,Male,Microsoft Xbox Controller,2021-02-06,Cancellation request,Software bug,Pending Customer Response,High,Email,01:03:00,,
4487,Mr. Marvin Berry DDS,stewartdeanna@example.com,33,Female,PlayStation,2020-02-21,Billing inquiry,Account access,Pending Customer Response,Medium,Phone,15:45:00,,
4489,Eugene Stevens,krodriguez@example.net,24,Female,Bose SoundLink Speaker,2021-07-13,Billing inquiry,Delivery problem,Pending Customer Response,Medium,Social media,00:29:00,,
4491,Crystal Ayala,rodney31@example.com,32,Other,GoPro Action Camera,2020-09-28,Technical issue,Network problem,Closed,Critical,Phone,23:12:00,19:13:00,2
4493,Dylan Chapman,andrew98@example.org,49,Male,Canon EOS,2020-11-13,Product inquiry,Data loss,Closed,Critical,Phone,09:22:00,10:22:00,1
4494,Christopher Browning,fpatterson@example.com,31,Male,Dyson Vacuum Cleaner,2021-08-27,Cancellation request,Product compatibility,Pending Customer Response,Low,Email,10:15:00,,
4495,Yolanda Jones,richard35@example.net,22,Male,Dell XPS,2020-10-12,Cancellation request,Data loss,Pending Customer Response,Medium,Phone,07:29:00,,
4496,Nicholas Murray,ymartinez@example.com,26,Female,Nikon D,2021-03-08,Refund request,Refund request,Closed,Low,Social media,12:43:00,01:10:00,4
4497,Joseph Vasquez,beth95@example.com,56,Female,Roomba Robot Vacuum,2021-06-24,Technical issue,Delivery problem,Closed,High,Email,20:37:00,22:21:00,3
4498,Micheal Diaz,michael18@example.com,67,Other,Samsung Soundbar,2021-11-01,Product inquiry,Software bug,Closed,High,Email,18:23:00,02:51:00,5
4499,Jennifer Edwards,laraamanda@example.com,40,Female,Asus ROG,2020-11-04,Technical issue,Product recommendation,Pending Customer Response,Medium,Social media,15:34:00,,
4501,Rhonda White,robertwallace@example.org,61,Male,Microsoft Office,2021-03-10,Billing inquiry,Installation support,Closed,Low,Email,04:43:00,23:34:00,4
4503,Margaret Ramsey,garrettjennifer@example.com,55,Female,Google Pixel,2020-03-18,Billing inquiry,Display issue,Pending Customer Response,Critical,Chat,07:21:00,,
4504,Mark Sampson,rmoore@example.org,51,Female,Dell XPS,2020-01-01,Billing inquiry,Refund request,Closed,Low,Chat,14:28:00,19:04:00,4
4505,Kelly Navarro,harrisonjacqueline@example.net,52,Female,Nest Thermostat,2021-04-06,Product inquiry,Peripheral compatibility,Closed,Low,Phone,07:05:00,11:06:00,3
4506,Jeremiah Vargas,zgeorge@example.org,58,Female,Nintendo Switch,2021-11-17,Refund request,Payment issue,Closed,High,Social media,07:15:00,16:20:00,1
4507,James Stein,scott98@example.com,69,Other,Autodesk AutoCAD,2021-09-06,Product inquiry,Hardware issue,Closed,Critical,Chat,09:49:00,13:08:00,2
4508,Kevin Morris,candaceritter@example.com,39,Male,iPhone,2021-05-19,Cancellation request,Product recommendation,Pending Customer Response,Low,Chat,17:34:00,,
4512,Cristian Herman,adamsleah@example.com,31,Male,Bose QuietComfort,2021-11-21,Technical issue,Peripheral compatibility,Closed,Low,Phone,13:45:00,00:02:00,5
4513,Jack Zamora,john50@example.com,51,Male,GoPro Hero,2020-02-29,Cancellation request,Refund request,Closed,Low,Email,23:54:00,14:02:00,2
4514,Tina Mcguire,michellejohnson@example.net,29,Female,Sony PlayStation,2021-07-28,Refund request,Software bug,Closed,Critical,Phone,17:46:00,16:16:00,5
4515,Bradley Barnes,blackwellsteven@example.com,32,Other,Roomba Robot Vacuum,2021-06-09,Cancellation request,Hardware issue,Pending Customer Response,Critical,Chat,23:07:00,,
4517,Jill Webster,alyssa05@example.org,43,Female,GoPro Action Camera,2020-10-07,Product inquiry,Product recommendation,Closed,Critical,Email,14:49:00,05:39:00,1
4518,Felicia Waters,bgreen@example.com,67,Male,Philips Hue Lights,2020-02-16,Billing inquiry,Account access,Closed,Low,Chat,15:45:00,12:00:00,3
4519,Tamara Jacobson,chad37@example.com,41,Male,Microsoft Surface,2021-04-24,Cancellation request,Network problem,Closed,High,Social media,02:35:00,02:52:00,1
4520,Leah Johnson,emily70@example.net,43,Other,Autodesk AutoCAD,2020-04-26,Billing inquiry,Software bug,Pending Customer Response,Critical,Phone,12:40:00,,
4521,Nancy Grimes,michaelbryant@example.net,46,Other,Sony PlayStation,2021-08-05,Refund request,Installation support,Pending Customer Response,Low,Social media,19:48:00,,
4525,Elizabeth Smith,lindsay20@example.org,63,Male,Adobe Photoshop,2020-06-08,Cancellation request,Cancellation request,Closed,Medium,Chat,08:41:00,17:41:00,4
4526,Alexis Wagner,douglasdaniel@example.org,18,Male,HP Pavilion,2020-03-22,Refund request,Product compatibility,Closed,Critical,Email,04:20:00,10:56:00,4
4529,David Smith,isabelgomez@example.net,63,Female,Fitbit Versa Smartwatch,2020-03-30,Billing inquiry,Installation support,Closed,Low,Email,04:43:00,08:13:00,5
4530,Marie Mccullough,gdecker@example.org,26,Female,MacBook Pro,2021-06-26,Technical issue,Network problem,Closed,Critical,Social media,07:34:00,15:18:00,3
4531,Austin Price,amy35@example.net,63,Male,Fitbit Charge,2020-04-10,Refund request,Peripheral compatibility,Closed,Critical,Email,19:53:00,20:13:00,4
4532,Mckenzie Hanna,jasontorres@example.com,50,Female,Adobe Photoshop,2021-05-26,Technical issue,Display issue,Pending Customer Response,High,Social media,10:03:00,,
4533,Andrew Villarreal,itaylor@example.org,61,Female,Sony 4K HDR TV,2021-11-17,Product inquiry,Network problem,Closed,High,Social media,03:24:00,00:40:00,4
4535,Kelly Roberson,regina76@example.org,64,Female,Sony PlayStation,2021-12-14,Cancellation request,Delivery problem,Pending Customer Response,Low,Phone,23:32:00,,
4536,Miss Katie Reyes MD,millerkenneth@example.com,51,Female,Philips Hue Lights,2020-11-20,Cancellation request,Peripheral compatibility,Pending Customer Response,Low,Email,14:34:00,,
4538,David Craig,alexishahn@example.com,23,Male,Sony PlayStation,2021-06-13,Refund request,Cancellation request,Pending Customer Response,Critical,Email,03:59:00,,
4541,Anne Vaughn,qlopez@example.org,66,Female,Nintendo Switch Pro Controller,2021-12-23,Refund request,Battery life,Closed,Low,Social media,12:14:00,00:20:00,1
4542,Charles Miller,danielle29@example.net,22,Other,HP Pavilion,2020-03-12,Cancellation request,Payment issue,Pending Customer Response,Critical,Chat,17:46:00,,
4543,Stephanie Lee,margaretwhite@example.net,60,Male,Amazon Echo,2020-11-09,Cancellation request,Delivery problem,Pending Customer Response,Medium,Social media,12:27:00,,
4545,Jimmy Tate,karencurry@example.net,19,Other,Canon EOS,2021-03-19,Technical issue,Delivery problem,Closed,Low,Email,11:51:00,00:40:00,3
4546,Bradley Williamson,mariajohnson@example.org,56,Other,Lenovo ThinkPad,2021-03-23,Technical issue,Software bug,Pending Customer Response,Low,Email,15:46:00,,
4547,Jeffrey Porter,opatterson@example.org,70,Female,Microsoft Xbox Controller,2021-08-21,Billing inquiry,Payment issue,Pending Customer Response,Medium,Chat,06:17:00,,
4550,Jennifer Stokes,slopez@example.net,48,Female,Canon DSLR Camera,2020-12-25,Cancellation request,Installation support,Closed,Low,Phone,12:12:00,00:03:00,5
4551,Mary Stanley,alex55@example.org,28,Other,GoPro Action Camera,2020-03-30,Billing inquiry,Hardware issue,Closed,Low,Chat,04:55:00,07:58:00,1
4552,Janet Morgan,samuelfields@example.com,25,Male,GoPro Hero,2020-02-28,Refund request,Display issue,Pending Customer Response,Medium,Phone,13:27:00,,
4553,Deanna Hayes,willisrobert@example.com,50,Female,Microsoft Surface,2021-12-19,Billing inquiry,Battery life,Pending Customer Response,Medium,Phone,23:49:00,,
4556,Steven Banks,julialittle@example.com,44,Male,GoPro Action Camera,2020-07-08,Cancellation request,Display issue,Pending Customer Response,Critical,Email,00:31:00,,
4558,Tyler Wilson,mlong@example.net,35,Other,LG Smart TV,2021-12-05,Refund request,Peripheral compatibility,Pending Customer Response,Low,Phone,06:54:00,,
4559,Mr. Joshua Diaz,zachary30@example.org,47,Other,Garmin Forerunner,2020-10-17,Product inquiry,Installation support,Closed,High,Social media,06:40:00,23:24:00,4
4562,Margaret Williams,robert70@example.org,57,Male,Google Nest,2020-05-24,Refund request,Delivery problem,Closed,Low,Email,07:25:00,17:21:00,4
4563,Jordan Wang,andrew52@example.com,48,Other,Google Pixel,2020-11-10,Product inquiry,Hardware issue,Pending Customer Response,Critical,Email,23:22:00,,
4565,Jonathan Peters,garciathomas@example.org,61,Other,Canon DSLR Camera,2020-10-21,Product inquiry,Data loss,Closed,Medium,Social media,12:38:00,07:56:00,5
4569,Maurice Moreno,alexissantana@example.org,56,Female,LG Smart TV,2020-08-04,Refund request,Account access,Pending Customer Response,Critical,Social media,16:59:00,,
4571,Matthew Murphy,jimmylong@example.com,36,Other,LG OLED,2021-12-04,Billing inquiry,Software bug,Pending Customer Response,Critical,Phone,21:34:00,,
4572,Edward Webb,uortiz@example.net,52,Male,Xbox,2020-06-14,Cancellation request,Hardware issue,Closed,Low,Email,02:56:00,08:04:00,5
4573,Bruce Moore,thomas37@example.net,41,Other,Sony PlayStation,2021-08-15,Cancellation request,Peripheral compatibility,Closed,Low,Social media,16:40:00,20:28:00,1
4574,Paula Price,perezjamie@example.org,62,Male,Samsung Soundbar,2021-05-03,Technical issue,Software bug,Closed,High,Phone,08:34:00,15:03:00,3
4576,Joshua Blair,lindsay70@example.net,32,Other,Canon DSLR Camera,2021-08-14,Refund request,Display issue,Pending Customer Response,Low,Social media,13:34:00,,
4577,Ann Avila,lori27@example.com,51,Other,Fitbit Versa Smartwatch,2021-04-24,Billing inquiry,Software bug,Closed,Critical,Phone,14:01:00,18:39:00,3
4578,Kelly Ochoa,williamswesley@example.com,47,Male,Fitbit Charge,2021-04-03,Product inquiry,Product compatibility,Closed,Medium,Social media,01:44:00,03:02:00,3
4579,Jerry Mccullough,bryansmith@example.org,44,Male,Xbox,2021-03-10,Refund request,Hardware issue,Pending Customer Response,High,Chat,02:04:00,,
4580,Destiny Johnson,lopezjoe@example.org,43,Other,Xbox,2020-01-03,Technical issue,Delivery problem,Pending Customer Response,High,Social media,12:25:00,,
4581,Rachael Hutchinson,robinsonchristina@example.com,60,Other,Autodesk AutoCAD,2021-04-10,Product inquiry,Product setup,Closed,Medium,Phone,18:29:00,18:14:00,5
4583,Cynthia Nolan,williamramirez@example.com,29,Other,Amazon Kindle,2021-02-04,Billing inquiry,Product compatibility,Closed,Medium,Chat,19:25:00,21:32:00,5
4584,Kathy Bates,qreyes@example.com,36,Other,Amazon Kindle,2020-09-11,Cancellation request,Product recommendation,Pending Customer Response,Low,Phone,15:38:00,,
4585,Rhonda Edwards,garrettjoshua@example.com,59,Female,Nikon D,2021-05-06,Cancellation request,Peripheral compatibility,Closed,Low,Email,21:27:00,00:48:00,4
4587,Brian Lewis,ashley97@example.net,53,Female,MacBook Pro,2021-10-29,Refund request,Product setup,Pending Customer Response,Low,Social media,08:52:00,,
4588,Debra Young,kimberly28@example.com,32,Other,Canon EOS,2021-03-05,Cancellation request,Peripheral compatibility,Pending Customer Response,High,Email,21:33:00,,
4589,Luis Cross,donnawood@example.org,45,Other,Fitbit Versa Smartwatch,2020-07-30,Cancellation request,Delivery problem,Pending Customer Response,Medium,Chat,18:07:00,,
4590,Michelle Sparks,ferrellmelissa@example.net,23,Female,iPhone,2020-04-11,Refund request,Software bug,Closed,Critical,Phone,19:57:00,10:57:00,4
4591,Ronald Davis,larry36@example.net,62,Other,Microsoft Office,2021-02-21,Refund request,Battery life,Closed,Critical,Social media,04:53:00,10:24:00,4
4592,Justin Morgan,parsonsjulie@example.net,34,Male,Fitbit Charge,2021-08-28,Technical issue,Battery life,Closed,Low,Phone,13:32:00,06:16:00,5
4593,Rachel Young,carroyo@example.org,49,Female,Fitbit Charge,2020-05-10,Cancellation request,Delivery problem,Closed,High,Phone,07:53:00,16:38:00,5
4594,Brenda Contreras,umiller@example.net,49,Male,Nest Thermostat,2020-10-05,Technical issue,Battery life,Closed,Low,Social media,03:10:00,10:49:00,5
4596,Kevin Hawkins,baileyelliott@example.net,56,Female,Samsung Galaxy,2021-08-14,Refund request,Network problem,Closed,Critical,Email,16:01:00,18:43:00,5
6435,Walter Hartman,stacey62@example.net,37,Female,Microsoft Surface,2020-12-20,Technical issue,Product setup,Closed,High,Phone,08:19:00,10:29:00,2
4598,Carlos Woods,brittanyallison@example.net,38,Other,Sony Xperia,2020-05-16,Refund request,Product recommendation,Pending Customer Response,Critical,Social media,21:09:00,,
4600,Larry Williams,whitezachary@example.com,18,Female,Bose SoundLink Speaker,2021-04-04,Cancellation request,Battery life,Pending Customer Response,Critical,Phone,13:50:00,,
4601,Mr. Timothy Malone,jamessarah@example.net,42,Male,Canon DSLR Camera,2021-10-12,Billing inquiry,Hardware issue,Closed,High,Email,21:47:00,00:39:00,5
4602,Anthony Santana,amanda32@example.net,19,Female,Apple AirPods,2021-11-11,Billing inquiry,Peripheral compatibility,Closed,Low,Chat,19:19:00,18:24:00,3
4603,Lydia Patterson,james93@example.org,26,Female,Microsoft Xbox Controller,2020-12-21,Cancellation request,Delivery problem,Closed,Medium,Social media,15:19:00,02:43:00,5
4604,Stuart White,mary70@example.net,70,Male,GoPro Hero,2021-12-19,Cancellation request,Product compatibility,Pending Customer Response,Low,Email,00:44:00,,
4607,Erika Santos,quinnchristopher@example.org,65,Male,Microsoft Xbox Controller,2021-08-17,Refund request,Display issue,Closed,High,Chat,17:25:00,10:22:00,1
4608,Kelly Guerrero,tboyer@example.org,43,Male,Samsung Galaxy,2020-05-19,Refund request,Account access,Pending Customer Response,Medium,Email,02:14:00,,
4609,Gregory Holloway,tarapittman@example.net,57,Female,Nest Thermostat,2021-07-12,Cancellation request,Peripheral compatibility,Pending Customer Response,High,Social media,22:08:00,,
4610,Donna Smith,terrykayla@example.com,59,Male,Adobe Photoshop,2020-11-07,Cancellation request,Battery life,Pending Customer Response,Medium,Phone,00:16:00,,
4611,David Palmer,james88@example.com,54,Female,Sony PlayStation,2020-08-20,Product inquiry,Product compatibility,Pending Customer Response,High,Chat,11:40:00,,
4612,Susan Chapman,murraydouglas@example.com,51,Female,Garmin Forerunner,2021-03-04,Refund request,Software bug,Closed,Low,Social media,01:19:00,12:29:00,4
4614,Nathan Huerta,franklucero@example.net,43,Other,Dell XPS,2021-01-13,Cancellation request,Delivery problem,Pending Customer Response,High,Chat,19:53:00,,
4615,Victor Hart,zstrong@example.com,18,Other,Roomba Robot Vacuum,2020-11-30,Product inquiry,Peripheral compatibility,Closed,Medium,Social media,21:14:00,07:42:00,1
4616,Jackie Taylor,perezkyle@example.org,39,Other,Apple AirPods,2021-05-22,Product inquiry,Product recommendation,Closed,Low,Chat,09:36:00,18:02:00,3
4617,Carmen Campbell,barbara07@example.com,66,Other,Fitbit Charge,2021-06-30,Product inquiry,Product setup,Closed,Medium,Chat,10:50:00,03:03:00,3
4618,Crystal Wiggins,katie88@example.com,32,Male,Microsoft Surface,2021-07-16,Cancellation request,Battery life,Pending Customer Response,Medium,Chat,10:09:00,,
4620,Amy Barr,ericflynn@example.org,49,Female,HP Pavilion,2020-07-27,Refund request,Account access,Closed,Low,Chat,13:40:00,16:11:00,5
4621,Jeremy White,howardamanda@example.net,34,Female,Samsung Soundbar,2020-08-12,Technical issue,Software bug,Closed,High,Phone,06:54:00,02:13:00,2
4622,Edward Baldwin,hernandezsarah@example.net,29,Female,Samsung Soundbar,2020-01-15,Refund request,Software bug,Closed,High,Chat,09:59:00,07:59:00,3
4623,Lori Martinez,debraphillips@example.org,49,Other,Canon EOS,2020-12-16,Product inquiry,Delivery problem,Pending Customer Response,High,Email,17:46:00,,
4624,Christopher Wood,warrenkaren@example.com,30,Other,Asus ROG,2021-04-24,Billing inquiry,Software bug,Pending Customer Response,High,Email,14:12:00,,
4626,Nicole Moran MD,joshua18@example.net,28,Female,Fitbit Charge,2020-02-03,Refund request,Battery life,Pending Customer Response,Medium,Email,14:33:00,,
4628,Kristine Perez,davidsimon@example.org,19,Female,Bose SoundLink Speaker,2021-01-14,Product inquiry,Product setup,Closed,Medium,Social media,10:16:00,01:49:00,4
4629,Donna Robertson,justinbradford@example.net,27,Female,GoPro Action Camera,2020-12-08,Billing inquiry,Hardware issue,Pending Customer Response,High,Chat,20:25:00,,
4630,John Myers,kelly37@example.net,63,Female,Amazon Echo,2020-01-20,Refund request,Display issue,Pending Customer Response,Critical,Chat,05:25:00,,
4632,Michael Smith,madisonhampton@example.com,39,Female,Adobe Photoshop,2020-03-07,Billing inquiry,Display issue,Pending Customer Response,Medium,Phone,10:07:00,,
4633,Pam Norman,james59@example.com,40,Male,Fitbit Versa Smartwatch,2020-03-31,Product inquiry,Peripheral compatibility,Closed,Medium,Phone,18:32:00,06:26:00,4
4634,Diana Gibson,vlynch@example.org,55,Other,iPhone,2020-03-04,Product inquiry,Data loss,Pending Customer Response,High,Chat,14:04:00,,
4635,Rodney Clay,hward@example.com,68,Other,Dell XPS,2021-04-12,Refund request,Cancellation request,Closed,Low,Email,06:07:00,00:20:00,5
4636,Aaron Miller,perezdave@example.net,36,Female,GoPro Hero,2021-09-23,Product inquiry,Battery life,Pending Customer Response,Medium,Phone,14:24:00,,
4639,Denise Phillips,donald49@example.net,24,Other,Dyson Vacuum Cleaner,2021-12-27,Billing inquiry,Account access,Pending Customer Response,High,Email,01:13:00,,
4643,David Johnson,ernesthines@example.com,24,Other,Philips Hue Lights,2021-04-15,Product inquiry,Product recommendation,Closed,Low,Chat,06:42:00,18:26:00,3
4644,Thomas Stanley,stephanie98@example.net,54,Male,Lenovo ThinkPad,2020-07-13,Product inquiry,Product setup,Pending Customer Response,Critical,Social media,17:57:00,,
4647,Brendan Perkins,phyllisbrown@example.com,48,Female,Apple AirPods,2021-02-01,Billing inquiry,Account access,Pending Customer Response,High,Social media,14:24:00,,
4650,Joseph Mosley,prichards@example.com,22,Other,Fitbit Charge,2020-11-20,Cancellation request,Refund request,Closed,Low,Social media,21:49:00,00:58:00,5
4651,Matthew Sanders,cromero@example.org,21,Other,iPhone,2021-09-23,Cancellation request,Display issue,Pending Customer Response,Low,Email,17:52:00,,
4653,Jamie Mclaughlin,dawsonmaria@example.org,57,Male,HP Pavilion,2021-04-07,Billing inquiry,Delivery problem,Closed,High,Email,09:17:00,15:18:00,2
4656,Alexis Hodge,debra78@example.net,48,Other,iPhone,2020-10-09,Product inquiry,Product compatibility,Closed,Medium,Chat,00:25:00,06:39:00,3
4660,Shawna Shepherd,clarencecompton@example.org,62,Female,Sony PlayStation,2021-03-13,Refund request,Product compatibility,Pending Customer Response,Low,Phone,08:37:00,,
4661,James Cox,austinroberts@example.com,37,Female,Nikon D,2020-11-04,Technical issue,Product compatibility,Pending Customer Response,High,Social media,17:01:00,,
4664,Christina Torres,willisbruce@example.com,37,Other,GoPro Action Camera,2021-12-01,Billing inquiry,Network problem,Closed,Critical,Social media,02:40:00,11:15:00,5
4665,Laura Johnson,christinepeters@example.net,66,Other,Sony Xperia,2020-05-13,Refund request,Data loss,Closed,Low,Chat,05:32:00,06:21:00,1
4666,Daniel Reed,lunaandrew@example.com,27,Male,Sony 4K HDR TV,2021-12-04,Billing inquiry,Software bug,Closed,High,Chat,01:08:00,23:31:00,5
4667,Abigail Walls,kayla66@example.org,35,Other,Roomba Robot Vacuum,2020-01-20,Billing inquiry,Network problem,Pending Customer Response,Medium,Email,14:58:00,,
4668,Lynn Adams DVM,danielwilson@example.com,24,Male,Sony 4K HDR TV,2020-08-15,Technical issue,Hardware issue,Pending Customer Response,Critical,Social media,04:55:00,,
4670,William Martinez,pauldiaz@example.org,48,Male,Garmin Forerunner,2021-01-06,Billing inquiry,Cancellation request,Closed,Critical,Phone,12:40:00,15:56:00,4
4673,Gary Eaton,michaelevans@example.com,53,Female,Philips Hue Lights,2020-08-25,Technical issue,Battery life,Pending Customer Response,Medium,Chat,09:48:00,,
4675,Lauren Carlson,laneraymond@example.org,59,Male,Amazon Kindle,2021-07-29,Product inquiry,Product recommendation,Closed,Medium,Chat,05:55:00,14:16:00,2
4676,Stephanie Buckley,kayleecampbell@example.com,70,Female,PlayStation,2020-08-09,Cancellation request,Software bug,Closed,Critical,Phone,18:35:00,08:56:00,4
4677,David Morrison,luis38@example.org,66,Female,Nintendo Switch,2021-05-19,Cancellation request,Installation support,Closed,Medium,Email,20:37:00,16:04:00,5
4680,Heather Hurst,hughesjody@example.com,52,Female,Bose SoundLink Speaker,2021-10-01,Refund request,Display issue,Pending Customer Response,High,Email,11:00:00,,
4681,Dorothy Powers,brittany47@example.net,58,Male,Garmin Forerunner,2021-12-24,Cancellation request,Data loss,Pending Customer Response,High,Chat,15:04:00,,
4682,Michael Lopez,candice32@example.com,38,Female,Sony PlayStation,2020-11-12,Cancellation request,Display issue,Pending Customer Response,High,Chat,23:30:00,,
4683,Jacqueline Walker,sramos@example.org,26,Male,Google Nest,2020-01-06,Refund request,Product recommendation,Pending Customer Response,Low,Phone,09:21:00,,
4684,Amy Martin,lgardner@example.net,40,Female,Nintendo Switch,2021-04-08,Technical issue,Installation support,Pending Customer Response,Low,Phone,20:12:00,,
4686,Samuel Miranda,mezabobby@example.net,52,Male,Nest Thermostat,2021-10-02,Product inquiry,Refund request,Closed,High,Phone,13:48:00,13:25:00,3
4689,Heather Spence,jlopez@example.com,28,Other,Dyson Vacuum Cleaner,2021-05-07,Billing inquiry,Network problem,Closed,High,Phone,01:21:00,03:34:00,1
4690,Elizabeth Vasquez,jbaker@example.org,49,Female,Canon EOS,2020-06-24,Technical issue,Delivery problem,Closed,Critical,Phone,07:25:00,06:10:00,1
4692,Amanda Jordan,harrisalex@example.net,59,Male,Lenovo ThinkPad,2021-09-03,Technical issue,Refund request,Pending Customer Response,High,Chat,14:01:00,,
4693,Hannah Fuentes,glandry@example.net,35,Female,GoPro Hero,2021-10-01,Cancellation request,Refund request,Closed,Critical,Chat,10:44:00,15:32:00,3
4694,Duane Hughes,andersonwilliam@example.net,35,Female,Sony Xperia,2021-09-12,Cancellation request,Display issue,Pending Customer Response,Low,Email,05:42:00,,
4696,Ronald Ramos,carriemiller@example.org,56,Other,Google Pixel,2020-06-15,Cancellation request,Product recommendation,Closed,Low,Social media,12:52:00,21:23:00,3
4697,Brian Williams,pcervantes@example.com,37,Other,Asus ROG,2021-01-18,Cancellation request,Peripheral compatibility,Closed,Medium,Phone,11:27:00,09:47:00,5
4700,Kevin Flynn,russellkevin@example.net,44,Other,Fitbit Charge,2021-08-26,Product inquiry,Software bug,Pending Customer Response,Medium,Chat,08:55:00,,
4701,Jose Pena,lindaroberts@example.org,54,Male,Microsoft Xbox Controller,2021-02-17,Billing inquiry,Hardware issue,Closed,Critical,Social media,11:30:00,23:09:00,3
4702,Brittany Rosales,lucasthomas@example.org,29,Female,GoPro Hero,2021-05-20,Cancellation request,Data loss,Closed,High,Chat,08:42:00,03:02:00,3
4704,Brian Brown,williamsmith@example.org,49,Female,LG OLED,2020-09-01,Technical issue,Refund request,Closed,High,Chat,16:29:00,23:13:00,1
4705,Marilyn Ford,christopher50@example.com,54,Other,Xbox,2021-01-27,Refund request,Product compatibility,Closed,Low,Chat,23:24:00,00:37:00,3
4706,Elijah Brown,jfoster@example.org,32,Male,Nikon D,2021-12-17,Cancellation request,Installation support,Closed,High,Chat,02:18:00,11:09:00,5
4707,Stephanie Harris,lewisstacey@example.org,38,Other,Bose QuietComfort,2020-08-26,Product inquiry,Payment issue,Pending Customer Response,High,Phone,02:26:00,,
4709,Lee Watson,rebecca64@example.com,24,Other,Bose QuietComfort,2021-04-02,Billing inquiry,Product compatibility,Closed,Medium,Chat,11:02:00,09:45:00,1
4710,Sarah Davis,ashleykelley@example.net,39,Other,LG OLED,2020-12-25,Cancellation request,Product setup,Pending Customer Response,Medium,Email,16:50:00,,
4711,Randy Vaughn,brian80@example.net,18,Male,iPhone,2021-12-04,Product inquiry,Installation support,Closed,Low,Email,15:18:00,03:39:00,3
4712,Jennifer Warren,jamesandrew@example.net,36,Male,Adobe Photoshop,2021-08-16,Technical issue,Data loss,Closed,Critical,Email,19:43:00,11:30:00,1
4713,Brooke Wolfe,uchavez@example.org,53,Female,Asus ROG,2020-02-19,Refund request,Software bug,Pending Customer Response,Low,Email,08:56:00,,
4715,Heidi Lopez,kellerjimmy@example.net,67,Other,Google Pixel,2021-02-17,Billing inquiry,Network problem,Closed,High,Email,01:25:00,04:31:00,5
4718,Patricia Crawford,cobbdaniel@example.net,21,Female,HP Pavilion,2020-04-25,Refund request,Network problem,Closed,Critical,Social media,10:24:00,09:55:00,5
4719,Jason May,williamsmatthew@example.net,58,Female,Apple AirPods,2020-02-26,Technical issue,Product recommendation,Pending Customer Response,Medium,Email,12:21:00,,
4722,Patricia Gordon,saguirre@example.net,34,Other,Philips Hue Lights,2021-03-11,Technical issue,Network problem,Closed,High,Email,10:35:00,23:28:00,2
4725,David Dorsey,andrew85@example.com,26,Other,Garmin Forerunner,2020-01-09,Technical issue,Peripheral compatibility,Closed,Critical,Email,05:13:00,03:01:00,1
4728,Lucas Liu II,handerson@example.net,26,Male,Microsoft Office,2021-08-19,Product inquiry,Product setup,Pending Customer Response,Medium,Social media,03:30:00,,
4730,Hannah Tapia,carlreid@example.net,33,Other,Sony 4K HDR TV,2021-12-25,Refund request,Delivery problem,Closed,Low,Phone,20:00:00,23:26:00,4
4731,Christopher Rojas,natashajohnson@example.com,31,Other,Samsung Galaxy,2020-09-04,Refund request,Product setup,Pending Customer Response,Critical,Social media,21:34:00,,
4732,Brian Bishop,zanderson@example.com,42,Male,Fitbit Charge,2020-08-19,Technical issue,Data loss,Pending Customer Response,Medium,Email,19:14:00,,
4734,Lori Parker,berrysean@example.org,56,Other,iPhone,2020-09-09,Refund request,Product recommendation,Closed,High,Email,20:13:00,22:08:00,5
4736,Christopher Nelson,kharris@example.org,41,Male,Bose SoundLink Speaker,2020-02-01,Technical issue,Peripheral compatibility,Closed,Critical,Email,20:56:00,21:51:00,3
4738,Miguel Salazar,andrewmckinney@example.org,67,Female,Amazon Echo,2020-01-21,Billing inquiry,Battery life,Closed,Medium,Email,18:22:00,02:43:00,2
4739,Erin Monroe,jacksonscott@example.org,29,Other,iPhone,2020-02-24,Technical issue,Payment issue,Pending Customer Response,Medium,Social media,21:05:00,,
4744,Alicia Johnson,penajoshua@example.com,66,Female,Sony 4K HDR TV,2020-08-04,Product inquiry,Data loss,Closed,High,Phone,11:05:00,16:04:00,2
4746,Christopher Cuevas,jaredramos@example.net,30,Male,Sony Xperia,2020-06-21,Technical issue,Refund request,Closed,Low,Email,20:08:00,07:59:00,1
4747,Antonio Garner,melissa78@example.net,37,Other,Fitbit Versa Smartwatch,2020-04-04,Refund request,Hardware issue,Closed,High,Phone,06:15:00,06:05:00,2
4749,Richard Compton,donnaaustin@example.net,24,Male,GoPro Action Camera,2020-08-06,Product inquiry,Network problem,Closed,Critical,Phone,01:13:00,21:03:00,1
4752,Stephanie Bowman,lisabradley@example.com,62,Female,Xbox,2020-05-27,Cancellation request,Refund request,Pending Customer Response,Medium,Email,05:57:00,,
4753,Jamie Young,miguel85@example.net,19,Female,LG Smart TV,2021-04-02,Product inquiry,Product recommendation,Closed,Low,Phone,22:59:00,22:15:00,4
4754,Maria Bradley,alicia42@example.com,52,Male,Nikon D,2020-10-05,Refund request,Battery life,Pending Customer Response,High,Social media,17:52:00,,
4755,Krista Johnson,michaelnewman@example.org,28,Male,Microsoft Office,2021-02-01,Technical issue,Product compatibility,Pending Customer Response,High,Social media,22:18:00,,
4756,Jason Keller,stephanie32@example.com,20,Male,Bose QuietComfort,2021-03-22,Cancellation request,Account access,Pending Customer Response,Medium,Email,02:16:00,,
4760,Adrian Curry,mckinneyrachel@example.com,23,Female,Microsoft Office,2021-11-23,Billing inquiry,Account access,Pending Customer Response,Low,Email,19:54:00,,
4761,Allen Anderson Jr.,rjohnson@example.net,59,Female,Sony Xperia,2020-03-25,Cancellation request,Refund request,Pending Customer Response,High,Chat,15:13:00,,
4762,Jessica Reyes,michellejones@example.org,27,Female,iPhone,2021-08-12,Billing inquiry,Account access,Pending Customer Response,Medium,Social media,11:15:00,,
4765,Nicholas Thomas,dmarquez@example.com,44,Other,HP Pavilion,2020-10-31,Cancellation request,Product compatibility,Pending Customer Response,Low,Social media,08:22:00,,
4766,Katie Lawrence,stephanie20@example.com,61,Male,Fitbit Charge,2020-09-08,Refund request,Refund request,Closed,Medium,Chat,09:00:00,07:29:00,4
4767,Heather Pham,rfinley@example.net,51,Other,Dell XPS,2021-10-06,Technical issue,Installation support,Closed,Low,Phone,02:24:00,18:40:00,3
4768,Julie Erickson,gmclaughlin@example.net,51,Male,Adobe Photoshop,2020-07-01,Billing inquiry,Display issue,Closed,High,Email,14:56:00,12:02:00,3
4770,Tonya Brady,bmills@example.com,51,Female,Dyson Vacuum Cleaner,2021-12-23,Product inquiry,Display issue,Closed,Low,Social media,07:57:00,05:28:00,4
4771,Amanda Cherry,martinezbrandy@example.com,49,Male,Adobe Photoshop,2021-01-24,Refund request,Payment issue,Closed,High,Phone,05:58:00,03:41:00,1
4773,Olivia Allen,gabrielcohen@example.com,42,Male,PlayStation,2021-05-17,Technical issue,Installation support,Pending Customer Response,Critical,Chat,07:35:00,,
4774,David Kelley,rbenton@example.net,49,Male,Adobe Photoshop,2021-09-06,Technical issue,Installation support,Closed,Critical,Phone,05:40:00,02:48:00,1
4775,Gabriel Carlson,smithalyssa@example.com,24,Male,Microsoft Office,2021-04-13,Cancellation request,Software bug,Closed,Medium,Email,14:23:00,11:33:00,5
4776,Caitlin Holder,imosley@example.net,30,Female,Amazon Kindle,2021-09-05,Billing inquiry,Payment issue,Pending Customer Response,Low,Chat,09:31:00,,
4778,Charles Gonzalez,jeffreyrichard@example.com,61,Other,Nest Thermostat,2020-09-19,Technical issue,Installation support,Closed,High,Phone,02:11:00,11:45:00,5
4779,Adam Johnson,tashley@example.net,48,Male,HP Pavilion,2021-07-16,Technical issue,Product recommendation,Closed,Critical,Chat,04:32:00,05:29:00,1
4782,Mr. Brian Thompson,christinaharrison@example.net,20,Male,Garmin Forerunner,2020-10-20,Cancellation request,Product recommendation,Pending Customer Response,High,Social media,21:29:00,,
4784,Courtney Adams,jermaine65@example.org,28,Female,Nest Thermostat,2020-08-13,Refund request,Cancellation request,Closed,High,Chat,14:58:00,10:46:00,3
4785,Kevin Harris,travis24@example.org,70,Other,Nest Thermostat,2020-11-18,Technical issue,Product setup,Pending Customer Response,Medium,Email,18:00:00,,
4786,Mary Simpson,ebell@example.net,55,Other,Roomba Robot Vacuum,2020-03-02,Cancellation request,Product setup,Pending Customer Response,Low,Social media,00:17:00,,
4789,Brittany Yates,ortegalouis@example.com,23,Male,Microsoft Xbox Controller,2021-04-05,Product inquiry,Peripheral compatibility,Pending Customer Response,Medium,Phone,17:49:00,,
4792,Catherine Ellis,justinknight@example.net,40,Female,PlayStation,2021-06-14,Technical issue,Product setup,Pending Customer Response,Critical,Phone,22:00:00,,
4793,Malik Montgomery,marshallbrandi@example.org,69,Male,Nintendo Switch,2020-03-02,Technical issue,Network problem,Pending Customer Response,Medium,Phone,05:51:00,,
4797,Michael Parker,davislori@example.org,48,Other,Canon EOS,2021-11-24,Billing inquiry,Payment issue,Pending Customer Response,Critical,Email,21:25:00,,
4798,Stephanie Bowman,ericmckinney@example.com,67,Other,Lenovo ThinkPad,2020-03-02,Billing inquiry,Payment issue,Pending Customer Response,High,Chat,12:11:00,,
4799,Nancy Stephens,andersonjay@example.net,48,Other,HP Pavilion,2020-07-17,Billing inquiry,Hardware issue,Pending Customer Response,High,Phone,16:46:00,,
4803,Meghan Jones,craigromero@example.net,38,Male,MacBook Pro,2021-06-05,Refund request,Network problem,Closed,Low,Chat,21:37:00,20:58:00,4
4805,Tiffany Nicholson,cynthiareed@example.com,44,Other,HP Pavilion,2020-06-21,Cancellation request,Installation support,Closed,Medium,Email,02:07:00,13:35:00,4
4806,Roy Williams,robertholmes@example.com,43,Male,HP Pavilion,2021-01-01,Billing inquiry,Data loss,Pending Customer Response,Critical,Email,17:00:00,,
4813,Michelle Wiggins,kimberly00@example.net,35,Female,Nintendo Switch,2021-01-03,Refund request,Product compatibility,Pending Customer Response,Critical,Social media,17:04:00,,
4814,Cody George,robinallen@example.org,48,Male,HP Pavilion,2021-06-29,Billing inquiry,Cancellation request,Pending Customer Response,Low,Phone,23:32:00,,
4815,Paul Hayes,susan97@example.com,19,Other,Dyson Vacuum Cleaner,2020-01-13,Product inquiry,Cancellation request,Pending Customer Response,High,Phone,16:32:00,,
4816,George Baker,evansbarbara@example.org,24,Male,Adobe Photoshop,2020-02-09,Refund request,Account access,Closed,High,Phone,22:07:00,07:12:00,1
4817,Tara Williams,aaroncarter@example.com,24,Female,Fitbit Charge,2020-04-04,Cancellation request,Payment issue,Closed,High,Email,01:16:00,17:14:00,2
4818,Thomas West,whaynes@example.net,25,Female,HP Pavilion,2020-12-13,Refund request,Hardware issue,Closed,High,Social media,09:58:00,11:24:00,5
4821,Jonathan Knight,zross@example.com,70,Female,Microsoft Xbox Controller,2020-03-01,Cancellation request,Cancellation request,Closed,Low,Social media,09:17:00,20:38:00,1
4823,Jordan Reed,vlowe@example.net,25,Other,Dell XPS,2021-02-13,Cancellation request,Delivery problem,Pending Customer Response,Low,Phone,09:28:00,,
4825,Curtis Huff,lauracruz@example.com,69,Other,Xbox,2021-06-10,Cancellation request,Product recommendation,Pending Customer Response,Medium,Email,18:55:00,,
4826,Rachel Welch,darroyo@example.com,52,Other,GoPro Action Camera,2020-12-18,Technical issue,Software bug,Closed,Medium,Phone,20:34:00,17:19:00,4
4829,Mary Gonzalez,iananderson@example.net,22,Female,Samsung Galaxy,2020-04-26,Cancellation request,Hardware issue,Pending Customer Response,Medium,Social media,10:21:00,,
4830,Jennifer Thomas,kwaters@example.org,34,Male,Xbox,2021-07-10,Billing inquiry,Account access,Pending Customer Response,Low,Chat,08:20:00,,
4831,James Smith,debra98@example.net,69,Female,Roomba Robot Vacuum,2020-03-24,Refund request,Product setup,Pending Customer Response,High,Phone,12:59:00,,
4832,Emily Campos,rkelley@example.com,20,Other,Samsung Soundbar,2021-11-03,Cancellation request,Battery life,Closed,Low,Phone,16:10:00,12:59:00,2
4833,Jerry Ruiz,justinlang@example.net,40,Other,Fitbit Charge,2021-08-01,Product inquiry,Payment issue,Closed,High,Email,23:41:00,23:09:00,5
4834,Rachel Brown,schwartzadam@example.org,49,Female,Philips Hue Lights,2021-01-03,Product inquiry,Peripheral compatibility,Pending Customer Response,Medium,Email,15:26:00,,
4835,Anna Barnes,nathanflores@example.com,67,Male,Bose QuietComfort,2021-05-05,Cancellation request,Payment issue,Closed,Low,Email,20:17:00,23:20:00,3
4836,Jamie Cunningham,alex56@example.net,63,Male,Nintendo Switch Pro Controller,2021-04-09,Billing inquiry,Data loss,Pending Customer Response,Medium,Phone,23:56:00,,
4838,Nicholas Williams,landryshawn@example.com,25,Female,Philips Hue Lights,2021-08-18,Product inquiry,Product compatibility,Pending Customer Response,Low,Phone,02:10:00,,
4842,Brandon Young,brennanadam@example.net,59,Other,Bose SoundLink Speaker,2021-04-17,Cancellation request,Hardware issue,Closed,Critical,Phone,00:58:00,22:30:00,3
4843,James Hughes,wharris@example.net,61,Female,GoPro Hero,2020-09-05,Product inquiry,Product compatibility,Closed,Low,Phone,03:48:00,10:56:00,4
4846,Ronald Bell,mdelacruz@example.com,62,Other,Microsoft Xbox Controller,2021-02-02,Billing inquiry,Battery life,Pending Customer Response,Critical,Email,12:49:00,,
4847,James Spencer,brianmendez@example.com,38,Other,Google Pixel,2020-06-16,Technical issue,Network problem,Pending Customer Response,Critical,Social media,12:03:00,,
4850,Charles Burton,dawn31@example.org,56,Other,LG OLED,2021-02-05,Product inquiry,Payment issue,Closed,Low,Chat,19:57:00,18:49:00,1
4851,Mr. Jeremy Wilson,steven97@example.com,49,Male,Canon EOS,2020-09-17,Cancellation request,Hardware issue,Pending Customer Response,Critical,Phone,18:18:00,,
4852,Kristina Nelson,ericaperez@example.org,56,Male,Fitbit Versa Smartwatch,2021-04-04,Refund request,Software bug,Pending Customer Response,Low,Email,18:27:00,,
4853,Charles Patterson,scottsamantha@example.com,34,Other,LG Washing Machine,2021-11-15,Product inquiry,Data loss,Pending Customer Response,Medium,Email,21:19:00,,
4854,Amanda Anderson,mary74@example.org,56,Female,HP Pavilion,2020-08-17,Billing inquiry,Product recommendation,Pending Customer Response,Medium,Email,13:32:00,,
4856,Russell Lopez,proctorelizabeth@example.org,66,Other,Nest Thermostat,2020-08-04,Cancellation request,Delivery problem,Pending Customer Response,Low,Phone,11:16:00,,
4858,Heather Raymond,landerson@example.net,18,Male,Bose SoundLink Speaker,2021-04-16,Cancellation request,Delivery problem,Closed,Critical,Chat,19:00:00,10:58:00,1
4861,Joshua Cameron,jeremy66@example.com,29,Female,LG Smart TV,2021-11-02,Cancellation request,Refund request,Pending Customer Response,Low,Social media,02:58:00,,
4862,Julia Terry,qsmith@example.net,65,Female,Nikon D,2020-12-22,Billing inquiry,Account access,Pending Customer Response,Low,Social media,23:10:00,,
4865,Gabriella Perez,brittney82@example.com,61,Other,Nikon D,2021-02-20,Billing inquiry,Installation support,Pending Customer Response,Medium,Phone,13:23:00,,
4866,Wayne Miller,garciadevin@example.net,20,Other,PlayStation,2021-05-26,Technical issue,Payment issue,Closed,High,Email,20:25:00,05:32:00,5
4867,Michael Harvey,jacksonvernon@example.org,68,Male,Lenovo ThinkPad,2021-10-02,Technical issue,Network problem,Pending Customer Response,Low,Phone,17:59:00,,
4868,Andrew Johnson,zwilliams@example.com,58,Other,Asus ROG,2020-09-28,Cancellation request,Hardware issue,Pending Customer Response,Critical,Email,02:10:00,,
4870,Cynthia Turner,villadamon@example.com,51,Male,Garmin Forerunner,2021-10-25,Billing inquiry,Refund request,Closed,Medium,Social media,06:14:00,21:39:00,2
4871,Caleb Blake,hayeslarry@example.com,28,Other,Xbox,2021-02-17,Product inquiry,Hardware issue,Closed,Critical,Phone,08:20:00,07:37:00,3
4872,Jennifer Russell,webbteresa@example.net,34,Female,Samsung Soundbar,2021-05-09,Cancellation request,Hardware issue,Pending Customer Response,High,Phone,20:28:00,,
4873,John Davis,michaelzamora@example.org,34,Other,Nikon D,2020-11-27,Technical issue,Peripheral compatibility,Pending Customer Response,Critical,Email,00:05:00,,
4874,Christopher Gutierrez,kevin25@example.net,35,Male,Fitbit Charge,2020-07-04,Billing inquiry,Product recommendation,Closed,Medium,Phone,10:58:00,02:45:00,4
4875,Denise Stafford,mitchellcarrie@example.org,23,Other,Samsung Soundbar,2021-12-23,Billing inquiry,Data loss,Closed,High,Email,23:29:00,02:41:00,1
4878,Latoya Ware,ysmith@example.com,64,Male,Canon EOS,2020-09-05,Billing inquiry,Product compatibility,Closed,Medium,Email,11:59:00,10:01:00,1
4879,Brian Howard,nhicks@example.org,25,Male,Google Nest,2020-09-18,Cancellation request,Refund request,Pending Customer Response,High,Social media,19:06:00,,
4882,Maria Lewis DVM,pagenicole@example.net,42,Female,Adobe Photoshop,2021-11-21,Product inquiry,Cancellation request,Pending Customer Response,Low,Email,02:35:00,,
4883,Rebecca Wang,barrysmith@example.com,48,Other,Adobe Photoshop,2020-10-08,Refund request,Product setup,Closed,High,Chat,09:17:00,03:28:00,3
4884,Cameron Miller,dustin39@example.org,27,Female,Samsung Galaxy,2021-09-21,Refund request,Software bug,Closed,Medium,Email,01:12:00,12:01:00,3
4885,Ricky Rodriguez,stonechristopher@example.com,52,Female,Roomba Robot Vacuum,2021-11-23,Technical issue,Product compatibility,Closed,High,Social media,06:00:00,14:22:00,2
4886,Sandy Jones,brooksmichael@example.com,23,Other,LG Washing Machine,2020-11-02,Technical issue,Refund request,Pending Customer Response,Critical,Email,01:39:00,,
4888,Karen Brewer,danielatkinson@example.com,70,Male,Canon DSLR Camera,2020-10-23,Technical issue,Product compatibility,Pending Customer Response,Critical,Social media,17:34:00,,
4889,Jenny Johnson,sarah02@example.net,42,Male,Fitbit Versa Smartwatch,2020-10-24,Billing inquiry,Data loss,Pending Customer Response,Low,Phone,16:21:00,,
4890,Karl Dixon,ronaldjohnson@example.com,30,Female,Sony Xperia,2021-02-22,Cancellation request,Product recommendation,Closed,Medium,Social media,13:13:00,01:30:00,1
4891,Mackenzie Phillips,sharonryan@example.org,55,Other,Xbox,2020-06-29,Technical issue,Peripheral compatibility,Closed,Medium,Email,13:12:00,08:23:00,1
4892,Lisa Hester,jwolfe@example.com,27,Female,Nikon D,2020-06-29,Refund request,Hardware issue,Closed,Low,Chat,00:06:00,05:52:00,4
4893,Mr. Daniel Price DDS,zacharypatel@example.com,42,Other,Bose QuietComfort,2021-10-22,Cancellation request,Cancellation request,Pending Customer Response,Medium,Chat,14:14:00,,
4894,Sarah Nguyen,austin75@example.com,41,Other,Sony PlayStation,2021-12-29,Cancellation request,Network problem,Pending Customer Response,High,Email,12:13:00,,
4895,Edward Hardin,john08@example.org,62,Other,Lenovo ThinkPad,2021-04-12,Refund request,Product recommendation,Closed,High,Email,17:09:00,07:03:00,3
4896,Angela Phillips,damon52@example.org,32,Male,LG Smart TV,2021-10-10,Cancellation request,Software bug,Pending Customer Response,High,Social media,05:51:00,,
4897,Michele Rose,bgreen@example.com,46,Female,Adobe Photoshop,2020-06-11,Product inquiry,Installation support,Pending Customer Response,Critical,Social media,11:13:00,,
4898,Mark Gomez,billynelson@example.org,66,Male,Microsoft Xbox Controller,2021-09-22,Product inquiry,Display issue,Closed,Low,Social media,01:45:00,06:24:00,3
4900,Jason Wagner,summersdavid@example.com,49,Other,Microsoft Xbox Controller,2021-10-08,Billing inquiry,Refund request,Pending Customer Response,Critical,Email,08:43:00,,
4901,Margaret Jones,gardnerjoel@example.com,27,Female,Microsoft Office,2021-01-09,Cancellation request,Product setup,Pending Customer Response,Critical,Email,02:56:00,,
4902,Tami Young,pricebrenda@example.com,65,Male,Samsung Galaxy,2021-05-01,Cancellation request,Hardware issue,Closed,Medium,Social media,09:44:00,13:40:00,3
4903,Heather Potter,alyssaschmitt@example.com,47,Female,HP Pavilion,2020-05-14,Refund request,Data loss,Closed,Critical,Email,07:25:00,21:28:00,5
4905,Gregory Palmer,ohickman@example.net,53,Other,GoPro Action Camera,2021-11-15,Refund request,Product compatibility,Pending Customer Response,Low,Email,13:37:00,,
4907,Christopher Wolf,danielcarter@example.org,27,Male,Nintendo Switch,2020-06-30,Refund request,Delivery problem,Pending Customer Response,Medium,Email,20:30:00,,
4909,Tyler Lowery,tlee@example.net,63,Female,Philips Hue Lights,2021-05-03,Refund request,Account access,Closed,Medium,Phone,21:52:00,15:08:00,2
4910,Randy Clements,jameswatson@example.com,42,Other,Nikon D,2020-07-18,Refund request,Account access,Closed,High,Phone,11:59:00,11:57:00,2
4914,Matthew Nunez,zwoods@example.net,26,Other,GoPro Hero,2021-06-10,Product inquiry,Display issue,Closed,Critical,Email,18:26:00,00:03:00,2
4915,Robert Washington,burtonjulie@example.net,53,Other,Garmin Forerunner,2021-06-28,Refund request,Software bug,Pending Customer Response,Low,Chat,14:39:00,,
4916,Jennifer Vargas,jacobpatrick@example.net,66,Female,Fitbit Versa Smartwatch,2021-10-03,Billing inquiry,Software bug,Closed,Critical,Chat,19:13:00,03:08:00,4
4917,Kimberly Gray,amanda11@example.net,34,Male,Apple AirPods,2021-09-01,Product inquiry,Cancellation request,Pending Customer Response,High,Phone,20:24:00,,
4919,Shaun Williams,boltoncynthia@example.net,49,Male,Xbox,2020-01-05,Technical issue,Payment issue,Pending Customer Response,Low,Social media,17:02:00,,
4920,Victoria Martinez,jackiejones@example.net,23,Female,Google Pixel,2021-12-16,Product inquiry,Network problem,Closed,Low,Social media,07:51:00,18:26:00,2
4922,Mr. Ruben Jenkins,perezmark@example.com,26,Other,Google Pixel,2021-05-14,Refund request,Refund request,Pending Customer Response,Critical,Social media,01:26:00,,
4924,Jason Benson,carrkristi@example.org,50,Female,Samsung Galaxy,2020-11-18,Billing inquiry,Product setup,Closed,Critical,Chat,10:35:00,11:21:00,4
4926,Raymond Ball,adamssusan@example.org,27,Male,Bose SoundLink Speaker,2021-11-08,Product inquiry,Account access,Pending Customer Response,High,Phone,14:52:00,,
4930,Summer Bentley,donna93@example.net,29,Male,Microsoft Office,2020-12-02,Refund request,Product compatibility,Closed,Medium,Chat,14:15:00,18:15:00,1
4931,Richard Butler,vfoster@example.org,38,Male,iPhone,2020-02-28,Product inquiry,Product recommendation,Closed,Low,Social media,08:52:00,09:37:00,4
4933,Crystal Young,laurenhoward@example.com,49,Female,Sony Xperia,2021-03-29,Cancellation request,Payment issue,Pending Customer Response,Critical,Email,04:55:00,,
4934,Rodney Jacobs,pattersonjoshua@example.org,41,Other,Canon EOS,2020-04-21,Technical issue,Product compatibility,Closed,Critical,Chat,12:52:00,16:32:00,4
4936,Timothy Ford,afriedman@example.net,41,Other,MacBook Pro,2021-04-16,Billing inquiry,Battery life,Pending Customer Response,Low,Chat,15:41:00,,
4938,Rachel Sanchez,vperry@example.org,33,Male,LG Smart TV,2021-05-20,Billing inquiry,Account access,Pending Customer Response,Medium,Email,04:09:00,,
4939,Jessica Hernandez MD,frice@example.com,53,Male,HP Pavilion,2020-10-20,Technical issue,Account access,Closed,Critical,Social media,06:02:00,21:05:00,4
4940,Justin Knight,gibsonjohn@example.org,56,Other,PlayStation,2020-05-22,Billing inquiry,Hardware issue,Closed,Medium,Social media,21:47:00,12:09:00,1
4941,Jennifer Mccormick,ybarron@example.com,64,Male,Lenovo ThinkPad,2021-10-22,Cancellation request,Product recommendation,Pending Customer Response,Critical,Social media,21:26:00,,
4943,Lacey Adkins,thomashamilton@example.com,42,Female,Nikon D,2020-07-30,Technical issue,Installation support,Pending Customer Response,Low,Chat,10:35:00,,
4944,Natasha Koch,barrynorman@example.net,70,Male,Samsung Galaxy,2021-09-01,Refund request,Account access,Pending Customer Response,Critical,Social media,23:20:00,,
4945,Michael Brown,millerbrian@example.net,25,Male,iPhone,2021-05-30,Billing inquiry,Display issue,Pending Customer Response,Low,Email,23:13:00,,
4946,Ryan Austin,hollandrichard@example.com,36,Female,Sony Xperia,2020-06-15,Refund request,Hardware issue,Closed,Medium,Chat,10:54:00,14:04:00,1
4948,Autumn Mcgee,merrittdevin@example.org,24,Male,Sony Xperia,2021-07-18,Billing inquiry,Network problem,Closed,Critical,Email,09:33:00,08:17:00,1
4950,Ronald Delgado,bartonshirley@example.com,21,Male,Sony Xperia,2020-11-29,Cancellation request,Software bug,Pending Customer Response,High,Social media,01:24:00,,
4951,Jessica Williamson,emma66@example.com,19,Other,Xbox,2021-03-14,Billing inquiry,Cancellation request,Pending Customer Response,High,Phone,20:54:00,,
4952,Renee White,uschwartz@example.com,48,Male,Asus ROG,2020-03-30,Technical issue,Peripheral compatibility,Pending Customer Response,Critical,Phone,11:23:00,,
4954,Nicole Smith,jamesperez@example.org,25,Female,Canon DSLR Camera,2021-03-25,Product inquiry,Account access,Closed,Low,Social media,08:40:00,14:58:00,2
4955,Christina Dunn,rsparks@example.org,53,Female,Bose QuietComfort,2021-02-24,Cancellation request,Battery life,Closed,Low,Email,08:37:00,12:42:00,1
4956,Scott Peters,saraleon@example.org,67,Male,Nikon D,2020-12-21,Billing inquiry,Hardware issue,Closed,Medium,Email,00:07:00,22:18:00,3
4957,Johnny Cook,susan37@example.net,59,Other,Samsung Galaxy,2020-10-05,Refund request,Product setup,Closed,Critical,Email,14:44:00,22:10:00,2
4958,James Lewis,brianfloyd@example.org,65,Other,Nikon D,2021-03-13,Cancellation request,Display issue,Pending Customer Response,Medium,Chat,13:24:00,,
4960,Lisa Mitchell,joshua89@example.com,29,Other,HP Pavilion,2021-05-02,Billing inquiry,Product recommendation,Pending Customer Response,High,Social media,22:58:00,,
4961,Connie Ferguson,christopherbarnett@example.net,35,Female,Amazon Echo,2021-04-16,Technical issue,Battery life,Pending Customer Response,Low,Phone,20:23:00,,
4963,Marie Davis,noah42@example.com,67,Male,Canon DSLR Camera,2020-06-02,Technical issue,Software bug,Closed,Medium,Email,07:47:00,01:27:00,5
4965,Adam Silva,donaldgordon@example.com,69,Other,Bose QuietComfort,2020-12-28,Billing inquiry,Data loss,Pending Customer Response,Critical,Phone,22:51:00,,
4966,Pamela Gibbs,richard64@example.net,30,Other,Samsung Soundbar,2020-08-29,Cancellation request,Payment issue,Pending Customer Response,Critical,Email,17:05:00,,
4967,Peter Hinton,jamienguyen@example.com,57,Other,Autodesk AutoCAD,2020-07-14,Technical issue,Installation support,Closed,Critical,Chat,13:45:00,14:15:00,4
4968,Kelsey Bartlett,dolson@example.org,56,Male,Fitbit Charge,2020-04-07,Cancellation request,Cancellation request,Pending Customer Response,High,Chat,13:25:00,,
4969,Carly Clark,joannasullivan@example.net,44,Female,Microsoft Surface,2021-04-27,Product inquiry,Account access,Closed,Critical,Phone,08:43:00,00:22:00,3
4971,William Fry,ashley55@example.com,47,Other,Fitbit Charge,2021-09-15,Product inquiry,Display issue,Closed,Critical,Social media,15:18:00,13:17:00,2
4972,Nicole Cooper,morangabriel@example.com,39,Other,GoPro Hero,2020-05-18,Refund request,Refund request,Pending Customer Response,High,Email,04:17:00,,
4974,Elizabeth Wade,juan68@example.net,63,Female,Xbox,2021-10-31,Cancellation request,Peripheral compatibility,Pending Customer Response,High,Email,19:54:00,,
4975,Susan Brown,kathleengreen@example.com,48,Female,Amazon Kindle,2021-01-25,Cancellation request,Display issue,Closed,Medium,Social media,12:24:00,07:00:00,1
4976,Sue Marshall,howardsteven@example.net,21,Female,Amazon Kindle,2021-12-30,Billing inquiry,Account access,Closed,High,Phone,03:29:00,06:27:00,1
4977,Lauren Bailey,mtaylor@example.com,42,Male,Nikon D,2020-05-29,Technical issue,Account access,Closed,Low,Phone,12:40:00,11:25:00,1
4978,Roberto Young,lawrence66@example.com,41,Male,LG OLED,2020-08-31,Technical issue,Installation support,Pending Customer Response,High,Email,09:09:00,,
4981,Linda Garcia,robinsonadrian@example.org,34,Male,Google Pixel,2021-06-08,Product inquiry,Software bug,Closed,Critical,Chat,16:43:00,23:55:00,2
4982,Sandra Rodriguez,sarah57@example.org,38,Male,HP Pavilion,2021-08-25,Technical issue,Delivery problem,Closed,High,Social media,20:53:00,02:40:00,2
4985,Adam Howard,johnwatkins@example.com,69,Male,Nikon D,2021-01-31,Refund request,Peripheral compatibility,Pending Customer Response,Low,Chat,18:43:00,,
4986,Edward Green,brentsanders@example.com,42,Other,Amazon Echo,2021-06-16,Billing inquiry,Account access,Closed,Critical,Email,12:08:00,22:31:00,3
4988,Tammy Hernandez,mackenzie60@example.org,70,Male,Fitbit Versa Smartwatch,2021-05-14,Refund request,Battery life,Pending Customer Response,Medium,Phone,15:15:00,,
4990,Evan Jones,margaret70@example.org,28,Male,iPhone,2021-11-30,Technical issue,Data loss,Closed,Critical,Email,22:05:00,22:08:00,2
4991,Anthony Ashley,michael10@example.net,31,Female,Google Nest,2021-11-05,Cancellation request,Hardware issue,Closed,Medium,Chat,07:20:00,14:05:00,3
4992,Joshua Little,nvasquez@example.com,46,Other,LG Washing Machine,2020-01-03,Refund request,Display issue,Pending Customer Response,High,Social media,04:42:00,,
4993,Billy Martinez,erichull@example.net,43,Female,Bose QuietComfort,2021-10-02,Billing inquiry,Refund request,Closed,Low,Social media,15:17:00,01:08:00,5
4994,Brooke Nicholson,rachelkane@example.net,39,Male,Bose QuietComfort,2021-11-09,Billing inquiry,Software bug,Closed,Low,Phone,13:36:00,08:25:00,4
4997,Cassandra Bush MD,charlescastro@example.org,62,Female,Garmin Forerunner,2021-12-25,Billing inquiry,Hardware issue,Closed,Medium,Chat,03:09:00,15:06:00,4
4999,Jessica Jones,michaelsanders@example.com,68,Male,Dell XPS,2020-06-09,Refund request,Hardware issue,Pending Customer Response,Critical,Email,17:20:00,,
5000,Christine Cobb,emilysilva@example.net,39,Female,Microsoft Xbox Controller,2021-02-11,Cancellation request,Payment issue,Pending Customer Response,Low,Chat,06:11:00,,
5002,Angela Jacobs,stevengibson@example.org,50,Male,Dell XPS,2020-08-14,Billing inquiry,Hardware issue,Pending Customer Response,Critical,Phone,00:56:00,,
5003,Desiree Holloway,joseph37@example.org,41,Female,Sony PlayStation,2021-03-02,Product inquiry,Payment issue,Closed,Medium,Chat,18:32:00,13:21:00,3
5004,Stephanie Cook,fsparks@example.net,22,Female,Nikon D,2020-04-18,Billing inquiry,Delivery problem,Closed,Medium,Email,00:51:00,00:15:00,5
5008,Dennis Singleton,amanda07@example.org,50,Female,Canon EOS,2020-12-06,Refund request,Peripheral compatibility,Pending Customer Response,Medium,Chat,18:13:00,,
5009,Linda Baxter,rhonda25@example.net,25,Male,Microsoft Xbox Controller,2020-11-06,Cancellation request,Payment issue,Pending Customer Response,Critical,Phone,05:01:00,,
5011,Kerry Wright,alexis01@example.net,52,Other,LG Smart TV,2021-06-21,Cancellation request,Display issue,Closed,Medium,Email,14:30:00,00:48:00,4
5012,Shannon Stokes,javier25@example.com,43,Other,Apple AirPods,2021-06-22,Cancellation request,Refund request,Closed,High,Chat,00:27:00,04:10:00,5
5014,Daniel Brown,dayjonathan@example.org,18,Other,Google Pixel,2021-11-21,Product inquiry,Software bug,Closed,Critical,Phone,17:55:00,13:21:00,1
5015,Robert Fisher,bwatkins@example.org,68,Male,Google Nest,2020-08-13,Refund request,Account access,Closed,High,Email,12:52:00,21:29:00,4
5016,Tonya Daniel,nunezmelissa@example.net,38,Male,Bose QuietComfort,2021-05-31,Product inquiry,Refund request,Pending Customer Response,Low,Social media,11:06:00,,
5019,Victoria Gibbs,martintroy@example.org,44,Female,LG Washing Machine,2020-08-19,Cancellation request,Product compatibility,Closed,Critical,Email,10:29:00,16:31:00,1
5022,Kim Sawyer,ysmith@example.net,37,Male,GoPro Hero,2021-05-18,Cancellation request,Product setup,Pending Customer Response,Critical,Phone,20:11:00,,
5023,Suzanne Hart,clarkemarcus@example.org,47,Female,Canon DSLR Camera,2020-03-12,Technical issue,Peripheral compatibility,Pending Customer Response,High,Phone,14:31:00,,
5024,Matthew Jones,mrobbins@example.com,39,Female,Sony PlayStation,2021-09-30,Technical issue,Installation support,Pending Customer Response,High,Phone,17:14:00,,
5025,David Bradshaw,sherryknight@example.org,66,Male,LG OLED,2021-01-13,Cancellation request,Product compatibility,Closed,Medium,Email,23:15:00,09:12:00,3
5026,Brandi Johnson,dbryant@example.net,69,Female,LG Washing Machine,2020-10-09,Technical issue,Peripheral compatibility,Pending Customer Response,Medium,Social media,16:55:00,,
5027,Jordan Moran,troysmith@example.net,61,Female,Canon DSLR Camera,2020-04-23,Cancellation request,Cancellation request,Pending Customer Response,Critical,Social media,06:00:00,,
5029,Brian Lee,travis78@example.net,50,Male,Fitbit Charge,2021-12-26,Billing inquiry,Software bug,Closed,Medium,Social media,12:43:00,00:55:00,4
5030,Mrs. Cheyenne Ross,joshua84@example.org,68,Male,Apple AirPods,2020-07-06,Cancellation request,Peripheral compatibility,Closed,High,Social media,05:07:00,04:08:00,4
5031,Sandra Smith,joylawrence@example.org,54,Female,GoPro Hero,2021-01-29,Product inquiry,Software bug,Pending Customer Response,Medium,Phone,13:31:00,,
5033,Devin Hicks,raymond98@example.org,48,Male,Asus ROG,2021-05-13,Refund request,Battery life,Pending Customer Response,High,Chat,17:58:00,,
5037,Victoria Ramos,oburton@example.net,49,Female,HP Pavilion,2020-09-08,Refund request,Peripheral compatibility,Pending Customer Response,High,Phone,17:14:00,,
5038,William Adkins,richardsbrittney@example.com,52,Female,Nintendo Switch,2020-03-07,Cancellation request,Refund request,Pending Customer Response,Medium,Phone,13:09:00,,
5039,Adam Nelson,ksmith@example.net,21,Other,iPhone,2021-06-22,Product inquiry,Product setup,Pending Customer Response,High,Social media,02:37:00,,
5040,Leslie Douglas,carolinebrandt@example.org,30,Male,Microsoft Office,2021-05-19,Technical issue,Battery life,Pending Customer Response,Medium,Email,01:50:00,,
5041,Clayton Clark,denise27@example.net,32,Male,iPhone,2021-09-13,Cancellation request,Product recommendation,Closed,High,Email,22:30:00,09:10:00,3
5042,Kari Morgan,hayeskyle@example.com,49,Male,Adobe Photoshop,2021-11-14,Refund request,Payment issue,Closed,Critical,Phone,01:50:00,17:50:00,1
5043,Matthew Lam,dananewman@example.net,63,Male,Canon EOS,2021-08-04,Billing inquiry,Data loss,Closed,Critical,Social media,03:47:00,23:34:00,2
5044,Karen Martinez,brandon51@example.com,68,Other,Dell XPS,2021-04-20,Billing inquiry,Account access,Pending Customer Response,High,Chat,04:17:00,,
5045,Christopher West,daniel12@example.org,33,Female,Amazon Kindle,2021-02-23,Cancellation request,Display issue,Pending Customer Response,Medium,Phone,07:05:00,,
5046,Daniel Schneider,kaylaward@example.net,38,Female,Google Nest,2021-04-27,Refund request,Network problem,Pending Customer Response,High,Social media,15:20:00,,
5047,Tonya Howe,paula15@example.org,32,Female,HP Pavilion,2020-11-19,Cancellation request,Peripheral compatibility,Closed,Medium,Phone,10:57:00,12:27:00,3
5048,Dr. Charles Woods,alicemaddox@example.org,42,Female,Amazon Kindle,2021-08-23,Billing inquiry,Delivery problem,Closed,Low,Email,10:15:00,10:10:00,4
5050,Jennifer Miller,jasminelee@example.com,32,Other,Samsung Galaxy,2021-02-02,Product inquiry,Software bug,Pending Customer Response,Critical,Phone,09:53:00,,
5051,Sarah Watson,kaitlyngarcia@example.org,26,Male,Microsoft Xbox Controller,2020-07-26,Cancellation request,Product setup,Pending Customer Response,Critical,Email,02:53:00,,
5052,Johnny Carson,wmcpherson@example.net,70,Male,Sony Xperia,2020-03-06,Product inquiry,Battery life,Pending Customer Response,Critical,Email,06:04:00,,
5054,Nathan Wise Jr.,jordanandrea@example.net,20,Other,Google Nest,2020-09-12,Refund request,Payment issue,Closed,Low,Email,18:21:00,07:45:00,3
5055,Savannah Castaneda,mgibbs@example.org,36,Male,Xbox,2020-05-17,Technical issue,Data loss,Pending Customer Response,Low,Social media,23:57:00,,
5056,Joanne Andersen,penamallory@example.org,70,Female,Dyson Vacuum Cleaner,2020-06-21,Technical issue,Product recommendation,Pending Customer Response,Critical,Phone,15:58:00,,
5058,James Larson,garrettmiranda@example.net,64,Male,Bose SoundLink Speaker,2021-04-21,Billing inquiry,Hardware issue,Pending Customer Response,Medium,Chat,03:33:00,,
5059,Anthony Martin,kyle46@example.org,55,Other,Nintendo Switch,2021-11-21,Product inquiry,Product setup,Closed,Medium,Chat,19:31:00,04:38:00,2
5061,James Odom,michelle45@example.net,57,Male,Canon DSLR Camera,2020-03-03,Refund request,Product setup,Closed,Low,Chat,12:24:00,07:29:00,3
5062,Rebecca Smith,rhonda32@example.org,56,Male,iPhone,2020-04-16,Cancellation request,Refund request,Pending Customer Response,Low,Social media,22:04:00,,
5065,Brandi Allen,craneduane@example.net,44,Other,Asus ROG,2021-08-22,Billing inquiry,Network problem,Closed,Low,Chat,06:18:00,05:06:00,1
5066,Jeffrey Gonzalez,mdavis@example.org,33,Female,Microsoft Surface,2021-03-19,Product inquiry,Cancellation request,Pending Customer Response,Low,Phone,18:37:00,,
5067,Sarah Silva,martinezrose@example.com,45,Female,Xbox,2021-02-15,Cancellation request,Delivery problem,Pending Customer Response,Medium,Social media,08:39:00,,
5068,Michael Jones,joshua84@example.org,43,Female,Sony Xperia,2020-07-30,Technical issue,Product recommendation,Pending Customer Response,Medium,Social media,19:06:00,,
5074,Tina Maldonado,jameshoward@example.com,19,Other,Bose SoundLink Speaker,2020-01-08,Product inquiry,Network problem,Pending Customer Response,High,Social media,05:44:00,,
5075,Walter Delacruz,scott43@example.com,19,Other,Bose QuietComfort,2020-07-13,Billing inquiry,Battery life,Closed,Medium,Phone,11:27:00,03:02:00,1
5076,Sheila Morgan,joshuaevans@example.com,26,Other,Nikon D,2021-04-05,Cancellation request,Account access,Pending Customer Response,High,Social media,15:41:00,,
5077,Rebecca Smith,ugonzalez@example.com,60,Other,Sony 4K HDR TV,2020-04-16,Product inquiry,Software bug,Closed,Medium,Phone,12:55:00,20:24:00,4
5078,Melinda Mitchell,mccarthyjenna@example.net,25,Female,PlayStation,2021-01-24,Product inquiry,Peripheral compatibility,Closed,Critical,Email,06:55:00,03:34:00,3
5079,Steven Krause,saragarcia@example.net,33,Other,GoPro Action Camera,2020-01-05,Billing inquiry,Account access,Pending Customer Response,Low,Chat,19:40:00,,
5081,Dr. Raymond Thompson,manuel89@example.org,49,Male,Xbox,2020-05-11,Cancellation request,Cancellation request,Pending Customer Response,Medium,Phone,03:05:00,,
5082,Pamela Christensen,kadams@example.net,65,Female,Autodesk AutoCAD,2020-07-30,Billing inquiry,Network problem,Pending Customer Response,High,Chat,13:47:00,,
5083,Jennifer Velez,mark86@example.org,46,Female,Amazon Echo,2020-07-02,Refund request,Display issue,Closed,High,Chat,12:37:00,16:08:00,4
5084,Christian Riggs,simpsonchristine@example.net,63,Female,HP Pavilion,2021-12-15,Technical issue,Payment issue,Pending Customer Response,High,Email,18:45:00,,
5085,Seth Brennan,jeanette65@example.com,50,Other,GoPro Hero,2020-03-05,Billing inquiry,Software bug,Pending Customer Response,Medium,Phone,12:28:00,,
5087,John Mckinney,janice05@example.org,25,Male,Apple AirPods,2021-05-07,Billing inquiry,Software bug,Closed,High,Social media,22:12:00,15:53:00,4
5088,Lisa Whitney,tylerross@example.net,56,Other,Asus ROG,2020-02-15,Technical issue,Refund request,Pending Customer Response,Low,Phone,10:28:00,,
5089,Matthew Morris,morajohn@example.net,24,Other,Bose SoundLink Speaker,2021-06-07,Cancellation request,Product compatibility,Pending Customer Response,High,Chat,07:57:00,,
5090,Mrs. Debra Davis,leerachel@example.com,24,Female,Fitbit Charge,2021-10-24,Billing inquiry,Installation support,Pending Customer Response,High,Social media,15:25:00,,
5091,Darren Bartlett,hardylauren@example.net,31,Male,Google Pixel,2020-10-05,Product inquiry,Cancellation request,Pending Customer Response,Low,Email,14:34:00,,
5092,Amy Fuentes,fmathis@example.net,50,Other,Nintendo Switch Pro Controller,2020-06-06,Billing inquiry,Delivery problem,Pending Customer Response,High,Social media,02:06:00,,
5093,Robert Miller,nicholashernandez@example.com,44,Female,GoPro Action Camera,2020-06-30,Technical issue,Product setup,Closed,High,Chat,11:11:00,06:15:00,5
5094,Brittany Bradley,hannah66@example.com,24,Female,Roomba Robot Vacuum,2020-09-10,Refund request,Payment issue,Pending Customer Response,Medium,Social media,23:27:00,,
5095,Jeffrey Shaw,johnrose@example.net,52,Other,iPhone,2021-07-17,Billing inquiry,Software bug,Pending Customer Response,Critical,Phone,01:31:00,,
5096,Brian Santos,laneaustin@example.org,20,Male,HP Pavilion,2020-07-07,Technical issue,Product compatibility,Pending Customer Response,High,Social media,11:17:00,,
5097,Emma Hampton,bennettjodi@example.org,39,Male,Amazon Echo,2020-03-01,Refund request,Cancellation request,Pending Customer Response,Medium,Email,22:38:00,,
5099,Colleen Robinson,bookeranne@example.net,18,Male,Asus ROG,2020-04-25,Billing inquiry,Display issue,Closed,Critical,Email,09:57:00,07:22:00,5
5100,Emily Duarte,kleinisaac@example.com,30,Female,Lenovo ThinkPad,2021-09-08,Refund request,Battery life,Pending Customer Response,High,Social media,23:32:00,,
5102,Valerie Perez,mkerr@example.net,38,Male,Philips Hue Lights,2021-11-27,Billing inquiry,Product setup,Pending Customer Response,Critical,Chat,08:38:00,,
5103,Aaron Henry,marcmyers@example.com,55,Female,HP Pavilion,2021-05-24,Product inquiry,Payment issue,Closed,Medium,Phone,22:54:00,14:18:00,1
5104,Taylor Thompson,melissa67@example.org,26,Female,Roomba Robot Vacuum,2021-03-31,Product inquiry,Data loss,Pending Customer Response,Low,Email,06:42:00,,
5105,Lori Collier,wilsondavid@example.com,68,Other,GoPro Action Camera,2021-05-13,Technical issue,Cancellation request,Pending Customer Response,Low,Email,11:52:00,,
5106,Nicholas Mitchell,daniel99@example.com,36,Male,Samsung Soundbar,2021-09-16,Product inquiry,Product compatibility,Closed,Critical,Email,22:13:00,05:40:00,2
5108,Jason Bowen,jallen@example.org,24,Male,Amazon Echo,2020-05-10,Product inquiry,Network problem,Pending Customer Response,Medium,Chat,20:37:00,,
5109,Anna Pollard,peter00@example.com,45,Male,GoPro Action Camera,2020-10-14,Billing inquiry,Product recommendation,Closed,High,Social media,10:37:00,02:00:00,4
5111,Mary Rush,davidcox@example.org,43,Other,Roomba Robot Vacuum,2020-04-29,Refund request,Refund request,Pending Customer Response,Critical,Email,04:10:00,,
5112,Alison Gates,michelle81@example.com,59,Female,Bose SoundLink Speaker,2020-06-19,Refund request,Product compatibility,Closed,Medium,Social media,14:32:00,17:40:00,1
5113,Adam Jones MD,michael08@example.net,53,Female,LG OLED,2020-05-21,Technical issue,Product compatibility,Closed,Medium,Email,14:04:00,04:27:00,3
5114,Robert Phillips DDS,adam06@example.net,37,Other,Amazon Kindle,2020-01-06,Technical issue,Product compatibility,Closed,High,Phone,14:17:00,18:13:00,1
5115,Kevin Rodriguez,brianmorris@example.org,48,Other,GoPro Hero,2021-06-09,Product inquiry,Data loss,Pending Customer Response,Low,Social media,21:20:00,,
5118,Karen Shelton,christopher29@example.net,44,Female,Amazon Echo,2021-04-09,Cancellation request,Installation support,Closed,High,Email,19:14:00,12:42:00,3
5119,Kimberly Wood,cynthia35@example.com,22,Other,Amazon Echo,2020-02-28,Product inquiry,Display issue,Closed,Medium,Social media,00:01:00,23:08:00,2
5120,Breanna Hanson,michelle39@example.net,23,Female,iPhone,2021-01-08,Cancellation request,Cancellation request,Closed,High,Email,11:50:00,13:50:00,3
5121,Summer Wallace,dustin31@example.org,27,Other,Microsoft Surface,2020-03-28,Product inquiry,Peripheral compatibility,Pending Customer Response,Critical,Chat,09:58:00,,
5122,Bryan Norman,keith89@example.org,34,Other,Adobe Photoshop,2021-01-30,Product inquiry,Network problem,Pending Customer Response,Medium,Chat,10:50:00,,
5123,Jessica Sandoval,cookmichelle@example.com,28,Female,Samsung Galaxy,2021-03-17,Billing inquiry,Product compatibility,Closed,Low,Chat,08:24:00,11:39:00,1
5124,Benjamin Key,carolynjackson@example.org,39,Other,LG OLED,2021-09-28,Cancellation request,Product recommendation,Closed,Critical,Phone,08:57:00,02:43:00,1
5127,Holly Oliver,nancysanchez@example.com,46,Male,Sony PlayStation,2021-02-19,Cancellation request,Peripheral compatibility,Closed,High,Chat,02:04:00,16:27:00,3
5128,Daniel Newton,curtis59@example.org,24,Other,Garmin Forerunner,2020-07-24,Billing inquiry,Payment issue,Closed,High,Chat,12:41:00,04:49:00,4
5129,Jason Burns,xgoodman@example.com,51,Other,LG OLED,2020-07-21,Cancellation request,Product compatibility,Closed,Low,Phone,00:31:00,11:09:00,5
5130,Wendy Gentry,samanthaavila@example.org,39,Male,Nest Thermostat,2020-04-14,Technical issue,Product recommendation,Pending Customer Response,Medium,Chat,05:45:00,,
5131,Christopher Long,benjamin76@example.com,31,Male,Philips Hue Lights,2021-07-20,Product inquiry,Product setup,Pending Customer Response,Low,Email,21:42:00,,
5132,Laura Collins,umejia@example.net,26,Female,Sony 4K HDR TV,2020-08-20,Refund request,Battery life,Pending Customer Response,Medium,Phone,11:15:00,,
5133,David Williams,nmiller@example.com,38,Male,Nintendo Switch,2020-04-10,Billing inquiry,Hardware issue,Closed,Medium,Email,10:41:00,07:30:00,5
5134,Michael Pollard,hpatel@example.net,53,Male,Sony 4K HDR TV,2020-09-17,Cancellation request,Peripheral compatibility,Closed,Medium,Email,02:48:00,23:28:00,2
5135,Michele Holloway,maria91@example.com,46,Female,Samsung Soundbar,2020-10-07,Technical issue,Product compatibility,Pending Customer Response,Critical,Chat,08:28:00,,
5137,John Alvarez,christina93@example.com,51,Other,Roomba Robot Vacuum,2021-09-26,Product inquiry,Peripheral compatibility,Pending Customer Response,Medium,Social media,05:22:00,,
5138,David Cherry,lowetammy@example.net,63,Male,Amazon Echo,2020-08-25,Cancellation request,Payment issue,Pending Customer Response,Low,Social media,07:03:00,,
5139,Gerald Harrison,amandaolson@example.net,21,Other,Sony PlayStation,2020-02-11,Cancellation request,Account access,Closed,Low,Chat,00:37:00,01:08:00,5
5140,Mr. Paul Stark,carrilloanne@example.com,54,Male,Dell XPS,2021-02-19,Product inquiry,Data loss,Pending Customer Response,Medium,Email,22:09:00,,
5142,Robert Williams,goodwintimothy@example.com,54,Male,Autodesk AutoCAD,2021-01-17,Product inquiry,Data loss,Pending Customer Response,Low,Social media,09:16:00,,
5144,Misty Hernandez,rebeccamckinney@example.org,25,Female,Samsung Soundbar,2021-07-11,Billing inquiry,Product compatibility,Closed,Critical,Email,01:19:00,00:55:00,4
5145,Justin Weiss,merrittjessica@example.com,65,Other,Samsung Soundbar,2020-11-03,Product inquiry,Display issue,Closed,Critical,Email,19:16:00,11:37:00,2
5146,Theresa Stevenson,nicholas97@example.org,36,Female,Amazon Echo,2020-02-20,Product inquiry,Software bug,Closed,Critical,Email,03:43:00,07:13:00,2
5147,Melissa Evans,imcgee@example.org,51,Other,Adobe Photoshop,2021-03-03,Billing inquiry,Installation support,Pending Customer Response,Critical,Chat,21:46:00,,
5148,Allison Stevenson,franklinjamie@example.com,21,Male,Microsoft Xbox Controller,2021-01-13,Technical issue,Network problem,Closed,Low,Social media,14:08:00,15:45:00,2
5149,Yesenia Miles,dchavez@example.org,39,Other,Dell XPS,2021-01-06,Billing inquiry,Software bug,Closed,Low,Phone,22:13:00,07:44:00,2
5150,Karen Russell,holly78@example.com,18,Female,Adobe Photoshop,2021-09-14,Cancellation request,Product setup,Pending Customer Response,Low,Email,16:12:00,,
5151,Sarah Robles,richardesparza@example.net,34,Other,Bose SoundLink Speaker,2020-06-29,Technical issue,Battery life,Pending Customer Response,Low,Phone,22:10:00,,
5152,Jeffrey Williams,bradleywhitaker@example.com,48,Other,Autodesk AutoCAD,2021-11-12,Cancellation request,Peripheral compatibility,Closed,Low,Phone,22:09:00,02:12:00,3
5153,Jacob Yu,timothyballard@example.net,19,Male,GoPro Action Camera,2020-01-28,Technical issue,Delivery problem,Closed,Critical,Email,02:48:00,02:51:00,1
5154,David Hudson,jeffreywilliams@example.com,66,Male,Fitbit Versa Smartwatch,2021-03-20,Refund request,Delivery problem,Closed,Critical,Phone,16:24:00,18:23:00,4
5155,Gary Morgan,brian51@example.net,58,Other,GoPro Hero,2021-09-20,Product inquiry,Product setup,Closed,Low,Phone,03:39:00,02:52:00,4
5157,Robert Barnes,schneidervictoria@example.com,53,Female,Google Nest,2020-11-07,Product inquiry,Peripheral compatibility,Closed,Medium,Phone,10:15:00,22:54:00,3
5158,Alexander Lee,jfrey@example.org,20,Female,Samsung Galaxy,2021-07-14,Cancellation request,Display issue,Closed,Critical,Social media,00:40:00,06:26:00,5
5161,Jessica Vang,hmoore@example.net,33,Male,Garmin Forerunner,2020-12-15,Technical issue,Peripheral compatibility,Closed,Critical,Chat,12:38:00,20:13:00,2
5164,John Andersen,brian77@example.net,50,Male,Sony PlayStation,2021-11-24,Cancellation request,Peripheral compatibility,Closed,Medium,Phone,02:08:00,07:10:00,4
5166,Victor Gibbs,vwilliams@example.com,47,Male,Autodesk AutoCAD,2020-04-02,Refund request,Software bug,Pending Customer Response,Low,Email,11:48:00,,
5168,Brenda Warner,wisedebra@example.net,51,Female,Amazon Kindle,2020-11-28,Cancellation request,Refund request,Closed,Medium,Phone,04:29:00,02:21:00,3
5169,Ryan Craig,charles05@example.com,33,Other,HP Pavilion,2021-03-24,Technical issue,Product setup,Pending Customer Response,High,Social media,11:24:00,,
5170,Gina Conley,armstrongbrianna@example.com,20,Female,Amazon Echo,2020-12-05,Billing inquiry,Installation support,Closed,Low,Social media,14:44:00,15:49:00,4
5171,Kevin Richardson,durhammatthew@example.org,43,Female,Amazon Kindle,2020-02-20,Billing inquiry,Product compatibility,Closed,Low,Chat,12:55:00,14:08:00,3
5172,Cassie Watson,mgardner@example.org,69,Male,MacBook Pro,2021-11-16,Refund request,Cancellation request,Pending Customer Response,Medium,Phone,03:36:00,,
5173,Edward Nguyen,christina62@example.com,63,Male,LG Smart TV,2020-10-18,Cancellation request,Software bug,Pending Customer Response,High,Social media,14:18:00,,
5174,Caitlin Harper,christopher23@example.com,69,Female,Canon DSLR Camera,2021-06-17,Refund request,Display issue,Closed,Medium,Chat,11:35:00,16:35:00,2
5175,Lisa Swanson,yfranco@example.com,41,Other,Roomba Robot Vacuum,2021-07-06,Billing inquiry,Hardware issue,Closed,High,Social media,21:22:00,01:40:00,2
5176,Jeffrey Chavez,cgriffin@example.com,46,Female,LG OLED,2020-10-23,Refund request,Battery life,Pending Customer Response,High,Phone,15:28:00,,
5177,Tammy Henderson,rsparks@example.org,27,Other,Canon EOS,2021-07-30,Refund request,Battery life,Pending Customer Response,High,Social media,10:06:00,,
5178,John Strickland,leewilliams@example.net,32,Female,Fitbit Charge,2021-10-26,Refund request,Installation support,Pending Customer Response,High,Social media,22:12:00,,
5179,Victoria Sawyer,carol93@example.net,37,Other,GoPro Hero,2020-10-03,Refund request,Delivery problem,Closed,Low,Email,15:42:00,23:48:00,5
5180,Jessica Armstrong,timothy97@example.org,18,Male,Autodesk AutoCAD,2020-07-20,Technical issue,Installation support,Closed,Critical,Phone,15:06:00,18:02:00,3
5183,Keith Tucker,dennissavage@example.com,59,Male,Google Pixel,2021-12-22,Billing inquiry,Payment issue,Pending Customer Response,Medium,Email,21:20:00,,
5186,Martha Williams,angelajordan@example.com,18,Female,Asus ROG,2020-12-08,Cancellation request,Product setup,Closed,Low,Phone,08:34:00,00:02:00,2
5187,Jacqueline Perez,uhanson@example.net,63,Other,Sony PlayStation,2020-06-02,Cancellation request,Data loss,Closed,Medium,Phone,08:55:00,22:35:00,2
5190,Justin Mcconnell,cjones@example.net,68,Male,Google Nest,2021-08-19,Refund request,Refund request,Closed,High,Email,17:14:00,22:58:00,3
5192,Joshua Alvarez,evanscraig@example.org,20,Other,Autodesk AutoCAD,2020-11-27,Billing inquiry,Account access,Closed,Medium,Chat,17:26:00,12:59:00,1
5196,Ryan Riggs,oray@example.org,63,Female,Samsung Soundbar,2021-05-14,Refund request,Cancellation request,Closed,Low,Social media,17:51:00,04:50:00,1
5197,Mary Avila,leahmalone@example.org,51,Female,Bose SoundLink Speaker,2021-01-23,Technical issue,Product recommendation,Closed,Medium,Phone,14:41:00,11:36:00,4
5198,Heather Silva,morenoscott@example.org,35,Other,Autodesk AutoCAD,2020-02-13,Refund request,Payment issue,Pending Customer Response,High,Social media,20:41:00,,
5199,Susan Kennedy,myerschristopher@example.com,45,Male,Samsung Galaxy,2020-01-21,Technical issue,Delivery problem,Pending Customer Response,Low,Chat,23:41:00,,
5201,Thomas Wright,lhess@example.org,18,Female,iPhone,2020-07-26,Cancellation request,Network problem,Pending Customer Response,High,Email,22:13:00,,
5203,Alexander Guzman,afranco@example.net,65,Other,Sony Xperia,2020-08-27,Refund request,Battery life,Closed,Medium,Email,09:30:00,21:16:00,3
5204,Andrea Garcia,fcarter@example.org,36,Other,Adobe Photoshop,2020-05-23,Refund request,Account access,Closed,Medium,Social media,22:10:00,11:52:00,5
5210,Shelby Taylor,wilkinsoncarol@example.net,41,Female,Philips Hue Lights,2020-09-19,Product inquiry,Battery life,Closed,Medium,Email,18:34:00,06:16:00,1
5211,Gabrielle Knight,twu@example.net,60,Other,Nest Thermostat,2021-02-09,Product inquiry,Battery life,Closed,Low,Chat,05:00:00,22:44:00,4
5212,Lydia Golden,tcole@example.net,44,Male,Sony 4K HDR TV,2021-07-13,Billing inquiry,Battery life,Closed,Low,Email,09:56:00,04:16:00,4
5213,Henry Daniels,calvinwright@example.net,37,Female,GoPro Hero,2021-03-04,Cancellation request,Battery life,Pending Customer Response,Critical,Phone,19:31:00,,
5215,Amber Herrera,heatherjohnson@example.org,26,Female,Garmin Forerunner,2020-01-13,Cancellation request,Peripheral compatibility,Closed,Low,Email,00:30:00,18:12:00,4
5218,Julie Perez,richard48@example.net,44,Male,iPhone,2020-01-21,Refund request,Refund request,Closed,High,Chat,16:36:00,09:40:00,4
5219,Laura Orr,millereric@example.com,59,Male,Apple AirPods,2021-05-13,Cancellation request,Product compatibility,Pending Customer Response,Critical,Chat,08:42:00,,
5224,Hunter Hayes,bennettdevin@example.net,32,Male,Adobe Photoshop,2020-12-01,Product inquiry,Product setup,Closed,High,Phone,09:51:00,23:50:00,3
5225,Cindy Ruiz,kristin36@example.net,46,Male,Google Pixel,2020-09-23,Cancellation request,Delivery problem,Pending Customer Response,Critical,Chat,06:15:00,,
5228,Deanna Davis,adamharrell@example.com,62,Male,Amazon Echo,2021-09-26,Technical issue,Installation support,Closed,Low,Social media,02:11:00,00:23:00,5
5229,Dr. Brian Melton,riveramelissa@example.net,52,Other,Apple AirPods,2021-01-08,Refund request,Payment issue,Pending Customer Response,High,Chat,14:11:00,,
5230,Daniel Jimenez,aprilmejia@example.org,65,Other,Bose QuietComfort,2021-02-27,Billing inquiry,Hardware issue,Closed,Medium,Social media,08:45:00,21:09:00,5
5231,Christy Burke,itucker@example.com,69,Other,LG OLED,2021-12-23,Billing inquiry,Battery life,Closed,Medium,Email,05:19:00,08:51:00,2
5232,Anna Stone,robinsonyolanda@example.org,45,Other,Sony Xperia,2020-10-07,Technical issue,Battery life,Closed,Low,Phone,15:24:00,07:50:00,2
5234,Kristina Williams,julieedwards@example.com,33,Other,LG Washing Machine,2021-07-10,Cancellation request,Refund request,Closed,Medium,Social media,12:48:00,11:59:00,3
5237,Kevin Jacobs,hjohnson@example.org,52,Male,Garmin Forerunner,2021-05-13,Refund request,Refund request,Closed,Medium,Social media,22:36:00,03:54:00,4
5238,Stacy Lynch,jharris@example.net,65,Other,Autodesk AutoCAD,2020-05-04,Technical issue,Hardware issue,Closed,Critical,Phone,21:13:00,17:48:00,4
5239,Nicholas Coffey,hughesdanielle@example.net,40,Female,LG OLED,2020-09-13,Refund request,Display issue,Pending Customer Response,Critical,Social media,08:24:00,,
5240,Maria Wong,tuckernancy@example.com,36,Male,Samsung Galaxy,2021-10-27,Technical issue,Display issue,Closed,Medium,Phone,23:02:00,08:30:00,4
5241,Robin Webster,ralvarado@example.org,67,Other,HP Pavilion,2021-08-20,Cancellation request,Cancellation request,Closed,Low,Chat,04:40:00,19:51:00,3
5242,Brittany Tucker,xali@example.org,45,Other,LG Washing Machine,2020-09-24,Technical issue,Account access,Closed,High,Email,11:45:00,20:05:00,5
5243,John Butler,keithprice@example.org,56,Female,Google Pixel,2020-01-03,Technical issue,Payment issue,Pending Customer Response,Critical,Email,08:59:00,,
5244,Barbara Martinez,william51@example.net,42,Female,Amazon Kindle,2020-10-13,Billing inquiry,Refund request,Pending Customer Response,Medium,Social media,00:44:00,,
5245,Manuel Cook,christinavincent@example.net,45,Male,Canon EOS,2021-04-02,Cancellation request,Display issue,Closed,High,Social media,04:44:00,06:38:00,5
5246,Jennifer Clark,smithscott@example.org,32,Male,GoPro Hero,2021-04-22,Cancellation request,Network problem,Closed,High,Chat,19:11:00,14:33:00,5
5247,Kathryn Austin,patelrobert@example.org,62,Other,iPhone,2021-07-12,Billing inquiry,Cancellation request,Closed,Medium,Phone,04:58:00,04:10:00,1
5248,Julie Robinson,mcdonalddebra@example.net,53,Other,Samsung Soundbar,2020-07-24,Refund request,Display issue,Closed,Critical,Email,01:59:00,07:56:00,2
5249,Andrea Cole,perrykemp@example.net,62,Female,Canon EOS,2021-06-06,Billing inquiry,Software bug,Pending Customer Response,Medium,Chat,20:07:00,,
5251,Diana Cordova,joshuawilson@example.net,66,Other,Nintendo Switch Pro Controller,2021-10-21,Refund request,Delivery problem,Closed,Medium,Social media,21:54:00,12:56:00,3
5252,Andrea Bowen,gabriel25@example.net,55,Other,Microsoft Office,2021-02-06,Product inquiry,Display issue,Pending Customer Response,Medium,Phone,04:05:00,,
5253,Kelly Walton,nguyenheather@example.org,63,Female,LG Washing Machine,2020-08-29,Billing inquiry,Delivery problem,Closed,High,Phone,12:50:00,07:29:00,2
5259,Megan Ryan,alyssavasquez@example.com,58,Male,Nest Thermostat,2020-07-07,Refund request,Hardware issue,Pending Customer Response,Critical,Phone,09:12:00,,
5260,Stephanie Padilla,alec99@example.org,53,Male,Amazon Kindle,2021-01-01,Product inquiry,Product recommendation,Pending Customer Response,High,Email,02:15:00,,
5261,Linda Owens,christinemolina@example.net,18,Other,Microsoft Surface,2021-04-05,Billing inquiry,Payment issue,Pending Customer Response,Medium,Social media,20:31:00,,
5264,Luke Williamson,rebeccanichols@example.org,27,Female,Bose SoundLink Speaker,2021-07-06,Technical issue,Product setup,Closed,High,Phone,01:48:00,14:00:00,4
5265,Ashley Hayden,jeffrey47@example.com,30,Male,Fitbit Versa Smartwatch,2020-08-18,Refund request,Account access,Closed,Low,Social media,15:38:00,18:53:00,3
5266,Roger Thomas,parsonsstephanie@example.org,34,Male,MacBook Pro,2021-09-26,Billing inquiry,Software bug,Pending Customer Response,Medium,Phone,20:34:00,,
5267,Chelsea West,tharris@example.com,54,Other,Apple AirPods,2021-06-02,Billing inquiry,Refund request,Pending Customer Response,Critical,Social media,16:24:00,,
5268,Janet Farmer,arielwells@example.net,31,Other,Microsoft Office,2020-10-11,Refund request,Battery life,Pending Customer Response,Medium,Social media,12:11:00,,
5269,Claudia Miller,egonzalez@example.org,47,Male,Nikon D,2020-08-04,Refund request,Battery life,Closed,Low,Chat,11:59:00,16:15:00,2
5271,Kristy Santos,wandawest@example.org,50,Other,Nikon D,2020-06-15,Cancellation request,Payment issue,Pending Customer Response,High,Social media,23:19:00,,
5272,Zachary Murphy,oferguson@example.com,19,Male,Google Nest,2020-09-03,Product inquiry,Account access,Closed,High,Email,20:28:00,13:42:00,3
5273,Ashley White,cclements@example.com,20,Other,LG Washing Machine,2020-07-28,Product inquiry,Product compatibility,Closed,Critical,Phone,15:00:00,01:19:00,5
5275,Emily Graham,ngibson@example.net,29,Female,iPhone,2021-03-23,Billing inquiry,Delivery problem,Pending Customer Response,Medium,Phone,07:16:00,,
5276,Melissa Castro,phillip76@example.net,48,Female,Amazon Kindle,2020-02-08,Refund request,Delivery problem,Pending Customer Response,High,Phone,21:17:00,,
5279,Ray Walton,jason39@example.org,64,Other,Sony Xperia,2021-08-03,Billing inquiry,Peripheral compatibility,Pending Customer Response,Low,Phone,10:42:00,,
5282,Sara Williams,anthony95@example.com,61,Other,Microsoft Office,2020-04-07,Billing inquiry,Delivery problem,Pending Customer Response,Medium,Social media,02:12:00,,
5284,Steven Doyle,pmartinez@example.net,52,Female,PlayStation,2020-03-18,Product inquiry,Product compatibility,Closed,High,Social media,20:24:00,14:44:00,4
5285,Darryl Hunter,brett82@example.org,69,Other,LG Washing Machine,2020-06-20,Product inquiry,Refund request,Pending Customer Response,High,Chat,23:01:00,,
5287,Chelsea Oconnor,catherine19@example.net,62,Female,Microsoft Surface,2020-02-25,Product inquiry,Payment issue,Pending Customer Response,High,Chat,15:32:00,,
5289,Kyle Holmes,staffordmakayla@example.com,31,Other,GoPro Hero,2020-06-04,Billing inquiry,Delivery problem,Closed,Critical,Chat,06:42:00,05:50:00,1
5290,Sara Camacho,thomas87@example.net,66,Other,Microsoft Office,2021-10-29,Cancellation request,Network problem,Closed,Critical,Phone,08:33:00,19:07:00,4
5292,Matthew Snow,xjones@example.net,37,Female,GoPro Action Camera,2020-03-27,Cancellation request,Network problem,Closed,High,Chat,16:42:00,05:20:00,4
5293,Monica Walker,mary51@example.net,55,Other,MacBook Pro,2021-06-25,Billing inquiry,Software bug,Closed,Critical,Social media,03:57:00,18:30:00,3
5294,Jessica Pierce,angieyoung@example.net,24,Male,Samsung Galaxy,2021-04-03,Product inquiry,Delivery problem,Pending Customer Response,High,Chat,07:02:00,,
5298,Nicole Mcgee,osbornfrank@example.org,36,Other,LG OLED,2020-12-06,Technical issue,Hardware issue,Closed,Medium,Chat,16:56:00,02:53:00,3
5299,Taylor Blake,brookepayne@example.com,28,Male,Autodesk AutoCAD,2021-08-04,Billing inquiry,Software bug,Pending Customer Response,High,Chat,12:52:00,,
5300,Ronald Brown PhD,nhayes@example.net,27,Male,Nintendo Switch Pro Controller,2020-01-10,Cancellation request,Payment issue,Pending Customer Response,Medium,Chat,09:59:00,,
5301,Nicholas Blake,banksrodney@example.com,33,Female,PlayStation,2021-08-25,Product inquiry,Software bug,Closed,Critical,Phone,16:47:00,14:38:00,2
5302,Corey Hanna,bondtammy@example.org,35,Female,Canon EOS,2021-08-11,Technical issue,Peripheral compatibility,Pending Customer Response,Medium,Social media,12:45:00,,
5305,Amanda Davis,alejandra02@example.org,33,Female,Samsung Galaxy,2021-04-27,Product inquiry,Battery life,Closed,Medium,Email,10:36:00,06:47:00,1
5306,Kathleen Martinez,farmerchad@example.net,34,Other,Garmin Forerunner,2020-12-02,Cancellation request,Product setup,Pending Customer Response,Low,Email,06:50:00,,
5307,Jeffery Smith,freemanalan@example.com,69,Other,Canon EOS,2020-01-26,Technical issue,Refund request,Closed,Medium,Email,00:58:00,00:07:00,3
5308,Mark Moreno,joymedina@example.org,50,Other,Asus ROG,2020-01-08,Product inquiry,Installation support,Closed,Critical,Email,01:34:00,07:57:00,3
5309,Shane Perez,benjaminharris@example.net,18,Male,Sony Xperia,2021-07-04,Refund request,Account access,Closed,Medium,Phone,12:41:00,11:25:00,1
5311,Phillip Barnett,lisagates@example.com,33,Female,LG Smart TV,2020-06-17,Refund request,Battery life,Pending Customer Response,Critical,Chat,18:00:00,,
5312,Megan Lewis,james28@example.org,51,Male,Google Pixel,2020-02-04,Cancellation request,Battery life,Closed,Medium,Chat,19:24:00,03:52:00,5
5313,Michael Welch,wvasquez@example.net,53,Other,Amazon Kindle,2021-01-17,Technical issue,Battery life,Pending Customer Response,Critical,Chat,09:45:00,,
5314,Hector Peters,kimemily@example.com,34,Female,Asus ROG,2020-04-07,Cancellation request,Product setup,Pending Customer Response,High,Phone,17:11:00,,
5315,Billy Barber,qrobertson@example.org,43,Female,Dell XPS,2020-06-04,Technical issue,Product compatibility,Pending Customer Response,Low,Phone,17:59:00,,
5316,Ryan Malone,dtran@example.org,54,Male,LG OLED,2020-10-19,Refund request,Product compatibility,Closed,High,Social media,04:12:00,20:38:00,2
5318,Scott Wiggins,jamesthompson@example.com,69,Male,Canon EOS,2021-12-24,Refund request,Account access,Pending Customer Response,High,Chat,22:32:00,,
5320,Kimberly Montes,yshelton@example.org,61,Other,Xbox,2020-12-21,Billing inquiry,Cancellation request,Closed,Medium,Chat,15:02:00,00:50:00,1
5323,Christine Mcguire,baileypeter@example.com,37,Female,Sony Xperia,2021-10-05,Technical issue,Refund request,Pending Customer Response,Medium,Chat,16:30:00,,
5328,Samantha Williams,jamesmurphy@example.net,55,Other,LG Smart TV,2021-05-28,Cancellation request,Delivery problem,Pending Customer Response,High,Email,10:16:00,,
5329,Steve Fleming,dennis21@example.net,55,Other,Google Nest,2020-11-25,Technical issue,Software bug,Pending Customer Response,Medium,Social media,13:43:00,,
5330,Colton Pacheco,andrew42@example.org,53,Male,Canon EOS,2021-07-21,Refund request,Product compatibility,Pending Customer Response,Critical,Chat,03:51:00,,
5331,Jodi Williams,hlong@example.org,63,Female,Fitbit Charge,2020-06-16,Technical issue,Network problem,Pending Customer Response,Critical,Chat,16:13:00,,
5336,Courtney Carter,nathanvaughn@example.net,22,Male,Xbox,2021-05-24,Technical issue,Peripheral compatibility,Pending Customer Response,High,Chat,15:13:00,,
5337,Shirley Murphy,stephanie18@example.net,52,Other,MacBook Pro,2021-10-03,Technical issue,Account access,Pending Customer Response,Critical,Email,07:55:00,,
5339,Diana Harrington,tamarastephens@example.com,67,Male,HP Pavilion,2021-11-09,Technical issue,Delivery problem,Pending Customer Response,Low,Phone,12:58:00,,
5340,Christopher Case,steinrebecca@example.com,39,Other,Canon DSLR Camera,2020-10-31,Cancellation request,Refund request,Pending Customer Response,Low,Phone,17:56:00,,
5341,Charles Davis,terrymontgomery@example.net,58,Female,Asus ROG,2021-10-24,Product inquiry,Refund request,Pending Customer Response,Low,Email,07:53:00,,
5342,Rebecca Barnes,rebecca66@example.com,48,Male,Sony 4K HDR TV,2020-09-28,Billing inquiry,Peripheral compatibility,Closed,Medium,Chat,20:56:00,14:01:00,4
5343,Chase Gonzales,boltonwilliam@example.com,32,Other,Nest Thermostat,2020-05-29,Technical issue,Data loss,Pending Customer Response,Critical,Phone,23:56:00,,
5344,Andrea Herrera,margaretmason@example.com,62,Other,Philips Hue Lights,2020-06-29,Product inquiry,Installation support,Closed,Medium,Social media,00:57:00,02:26:00,5
5345,William Ross,moranjonathan@example.com,35,Other,Dyson Vacuum Cleaner,2021-11-15,Refund request,Hardware issue,Pending Customer Response,High,Phone,13:28:00,,
5350,Deborah Hoffman,mary06@example.org,20,Other,Sony PlayStation,2020-04-11,Product inquiry,Software bug,Pending Customer Response,Critical,Chat,18:13:00,,
5351,Angela Reynolds,yfisher@example.net,44,Female,Roomba Robot Vacuum,2020-03-01,Cancellation request,Product compatibility,Closed,Critical,Social media,13:56:00,14:34:00,5
5353,Christian Price,spencer79@example.org,59,Female,Roomba Robot Vacuum,2020-09-03,Billing inquiry,Peripheral compatibility,Closed,Low,Social media,23:23:00,19:47:00,4
5354,Ryan Rivas,kathrynchang@example.org,33,Other,Philips Hue Lights,2021-01-19,Refund request,Delivery problem,Closed,High,Chat,14:14:00,02:12:00,2
5356,Shane Bean,benjamin64@example.com,28,Female,Fitbit Versa Smartwatch,2020-02-09,Technical issue,Product recommendation,Pending Customer Response,Low,Email,01:10:00,,
5357,Jennifer Smith,williamsemily@example.org,48,Other,Dell XPS,2020-05-19,Refund request,Refund request,Closed,Medium,Phone,17:59:00,06:25:00,1
5358,Melissa Larson MD,kcolon@example.com,34,Other,Sony 4K HDR TV,2020-09-15,Technical issue,Software bug,Closed,Critical,Social media,20:21:00,11:50:00,5
5359,Billy Logan,rware@example.org,69,Other,Asus ROG,2020-04-28,Refund request,Refund request,Closed,Low,Social media,19:09:00,18:55:00,5
5360,Joanna Green,spencetodd@example.org,64,Female,Nintendo Switch,2020-05-10,Product inquiry,Data loss,Pending Customer Response,Low,Social media,21:33:00,,
5361,Matthew Gibson,donald17@example.net,32,Other,Sony Xperia,2021-02-02,Billing inquiry,Delivery problem,Pending Customer Response,Low,Phone,06:48:00,,
5362,Holly Donovan,jon60@example.org,45,Other,Nintendo Switch,2020-02-05,Product inquiry,Hardware issue,Pending Customer Response,Critical,Chat,19:20:00,,
5363,Robert Greer,heather44@example.com,66,Female,Amazon Kindle,2021-01-12,Product inquiry,Account access,Pending Customer Response,Medium,Chat,17:57:00,,
5364,Phillip Curry,frank06@example.net,61,Female,Roomba Robot Vacuum,2020-12-07,Cancellation request,Network problem,Closed,Critical,Chat,23:19:00,17:27:00,2
5365,Richard Conway,ksmith@example.net,30,Male,PlayStation,2021-05-21,Billing inquiry,Software bug,Pending Customer Response,Low,Chat,14:37:00,,
5367,Jacob Lewis,whoffman@example.org,61,Other,Amazon Echo,2020-08-26,Cancellation request,Installation support,Pending Customer Response,Critical,Phone,05:07:00,,
5368,Stephen Chambers,jeremywalker@example.com,49,Male,Fitbit Versa Smartwatch,2020-09-14,Billing inquiry,Network problem,Closed,Medium,Social media,12:51:00,08:35:00,1
5369,Joseph Fox,sherikeith@example.org,48,Male,Bose QuietComfort,2020-01-13,Product inquiry,Payment issue,Closed,Critical,Social media,22:15:00,11:32:00,4
5371,William Oconnor,vargasgregory@example.net,50,Female,Sony Xperia,2020-06-20,Product inquiry,Data loss,Closed,Critical,Chat,03:00:00,16:06:00,5
5373,Kerri Murphy,richardconley@example.org,70,Female,Apple AirPods,2021-11-18,Cancellation request,Installation support,Pending Customer Response,Medium,Phone,00:17:00,,
5374,Joshua Hall,morenotammy@example.net,53,Other,PlayStation,2021-09-11,Cancellation request,Cancellation request,Closed,Low,Social media,13:45:00,07:15:00,4
5376,Adam Pope,heidi83@example.net,55,Female,Samsung Galaxy,2020-05-26,Refund request,Battery life,Pending Customer Response,Critical,Social media,22:16:00,,
5377,Raymond Hughes,amoran@example.com,28,Other,Garmin Forerunner,2021-04-11,Product inquiry,Payment issue,Pending Customer Response,Low,Social media,09:52:00,,
5378,Charles Stewart,acunningham@example.com,47,Female,Apple AirPods,2021-08-28,Product inquiry,Refund request,Pending Customer Response,Low,Chat,10:08:00,,
5379,Steven Wilson,gibbscarol@example.net,51,Male,HP Pavilion,2021-05-08,Cancellation request,Payment issue,Pending Customer Response,Low,Phone,05:06:00,,
5380,Amber Nelson,riverajohn@example.net,63,Other,Autodesk AutoCAD,2021-03-12,Cancellation request,Delivery problem,Closed,Critical,Social media,11:44:00,05:49:00,4
5381,Barbara Lara,hjones@example.com,49,Female,Fitbit Versa Smartwatch,2020-03-11,Billing inquiry,Hardware issue,Closed,Low,Phone,04:30:00,11:50:00,4
5382,Andrea Cross,edwardsamy@example.net,40,Female,iPhone,2020-04-18,Technical issue,Peripheral compatibility,Pending Customer Response,Critical,Social media,00:15:00,,
5383,Justin Cross,patrickellis@example.org,68,Male,Nintendo Switch,2021-12-14,Technical issue,Product setup,Closed,Medium,Social media,01:32:00,23:54:00,4
5384,Michael Taylor,hendersonjeffrey@example.net,31,Female,MacBook Pro,2020-01-24,Technical issue,Payment issue,Pending Customer Response,High,Social media,11:36:00,,
5385,Audrey Mccarthy MD,bobby48@example.com,25,Female,Philips Hue Lights,2021-10-08,Product inquiry,Installation support,Pending Customer Response,Medium,Social media,17:08:00,,
5388,Shannon Cameron,yjenkins@example.com,57,Female,GoPro Hero,2021-05-13,Refund request,Product compatibility,Closed,High,Email,08:31:00,07:47:00,1
5389,Jonathan Chang,xperkins@example.org,36,Other,Microsoft Office,2021-04-11,Technical issue,Battery life,Pending Customer Response,High,Email,01:02:00,,
5390,David Holloway,kimberly26@example.com,25,Female,Fitbit Charge,2021-01-18,Billing inquiry,Product compatibility,Pending Customer Response,Medium,Phone,17:42:00,,
5391,Cynthia Gibbs,robert81@example.org,68,Male,Nintendo Switch Pro Controller,2021-09-18,Cancellation request,Refund request,Pending Customer Response,Medium,Chat,16:48:00,,
5392,Tina Arnold,owoods@example.org,56,Female,PlayStation,2020-08-23,Billing inquiry,Software bug,Pending Customer Response,Medium,Phone,09:54:00,,
5393,Justin Diaz,adrianalandry@example.org,57,Female,Apple AirPods,2020-11-06,Technical issue,Refund request,Pending Customer Response,Low,Social media,13:56:00,,
5394,Leah Murray,brittany32@example.net,47,Male,iPhone,2021-10-25,Cancellation request,Peripheral compatibility,Pending Customer Response,Critical,Social media,01:56:00,,
5395,Joseph Smith,crawfordjulian@example.net,44,Female,Canon DSLR Camera,2020-01-24,Billing inquiry,Refund request,Closed,Critical,Social media,01:23:00,09:08:00,3
5396,Justin Thompson,campbellnicholas@example.com,36,Female,Apple AirPods,2020-02-29,Technical issue,Payment issue,Closed,Critical,Chat,20:37:00,14:49:00,3
5397,Steven Novak,carlsanchez@example.com,47,Other,Canon DSLR Camera,2020-08-09,Billing inquiry,Payment issue,Pending Customer Response,Medium,Email,21:57:00,,
5399,Tiffany Reid,lynnestrada@example.org,24,Female,Sony Xperia,2020-11-12,Refund request,Delivery problem,Pending Customer Response,Medium,Chat,07:10:00,,
5401,Andrew Atkins,powellanthony@example.com,52,Male,Fitbit Charge,2020-05-16,Billing inquiry,Network problem,Closed,Medium,Phone,15:32:00,10:23:00,4
5402,Joseph Peters,tracyroman@example.com,49,Other,Philips Hue Lights,2021-08-28,Cancellation request,Refund request,Pending Customer Response,Medium,Phone,22:34:00,,
5403,Holly Allen,mccartytracy@example.org,69,Other,Garmin Forerunner,2020-12-25,Cancellation request,Payment issue,Pending Customer Response,Critical,Social media,00:48:00,,
5404,Wayne Rodriguez,schultzjessica@example.com,50,Male,GoPro Hero,2020-02-17,Cancellation request,Delivery problem,Closed,Critical,Social media,11:34:00,03:25:00,5
5406,Nathan Phillips,clarkthomas@example.net,27,Male,Amazon Echo,2020-07-17,Billing inquiry,Payment issue,Pending Customer Response,Low,Social media,03:51:00,,
5407,Darrell Jacobson,alyssa19@example.org,28,Other,Dyson Vacuum Cleaner,2020-11-06,Product inquiry,Product setup,Pending Customer Response,Critical,Chat,07:37:00,,
5410,Emily Hull,jbuck@example.com,33,Female,Sony Xperia,2021-04-15,Technical issue,Battery life,Closed,Low,Phone,08:47:00,14:39:00,1
5411,Jeffrey Smith,parkergary@example.com,39,Female,Microsoft Xbox Controller,2020-01-19,Cancellation request,Cancellation request,Pending Customer Response,Medium,Social media,02:38:00,,
5413,Scott Rhodes,audrey20@example.com,50,Male,Nest Thermostat,2021-09-18,Product inquiry,Peripheral compatibility,Pending Customer Response,Medium,Phone,13:52:00,,
5415,Kimberly Crosby,landrews@example.org,52,Male,Sony Xperia,2021-08-02,Billing inquiry,Delivery problem,Pending Customer Response,Medium,Phone,17:00:00,,
5416,Nicole Knight,johnhess@example.com,46,Female,Bose QuietComfort,2020-08-20,Refund request,Software bug,Pending Customer Response,High,Chat,13:49:00,,
5417,Danielle Reed,ujennings@example.org,50,Female,Google Pixel,2021-02-26,Cancellation request,Delivery problem,Closed,Medium,Phone,06:17:00,18:37:00,2
5418,Mr. David Richardson,francischristy@example.org,66,Other,Nest Thermostat,2020-09-08,Refund request,Network problem,Pending Customer Response,Medium,Chat,00:32:00,,
5421,Lauren Taylor,morrislisa@example.org,64,Female,Amazon Kindle,2021-06-04,Product inquiry,Product recommendation,Pending Customer Response,Critical,Chat,01:29:00,,
5424,Anne Ramsey,cramsey@example.org,63,Male,Nest Thermostat,2021-08-22,Cancellation request,Hardware issue,Pending Customer Response,Critical,Social media,19:45:00,,
5427,Maureen Bates,wnavarro@example.org,50,Female,Microsoft Xbox Controller,2021-02-28,Technical issue,Installation support,Closed,Low,Phone,17:40:00,18:46:00,2
5429,Jordan Short,jjackson@example.net,31,Male,GoPro Action Camera,2020-04-28,Technical issue,Payment issue,Closed,Critical,Email,23:47:00,05:36:00,3
5432,Olivia Henderson,allen01@example.org,63,Other,Lenovo ThinkPad,2020-07-15,Product inquiry,Hardware issue,Pending Customer Response,High,Email,01:06:00,,
5434,Kevin Duke,justin60@example.net,59,Other,Microsoft Xbox Controller,2021-02-25,Refund request,Software bug,Pending Customer Response,Medium,Email,06:05:00,,
5436,David Walter,pamelaaguirre@example.org,51,Female,GoPro Action Camera,2020-03-31,Technical issue,Cancellation request,Closed,Low,Chat,07:46:00,10:50:00,2
5437,Crystal Phillips,hwarren@example.org,58,Other,LG Washing Machine,2020-07-04,Technical issue,Product compatibility,Closed,Critical,Social media,23:59:00,14:37:00,4
5438,Melinda Smith,jgreen@example.net,18,Other,Microsoft Office,2020-04-04,Cancellation request,Battery life,Closed,High,Chat,15:56:00,06:55:00,4
5441,Dr. Tammy Meyer DVM,mpeters@example.com,35,Female,Bose SoundLink Speaker,2020-03-16,Cancellation request,Hardware issue,Closed,Critical,Chat,00:31:00,06:50:00,3
5442,Phyllis Jordan,sgalvan@example.net,52,Male,MacBook Pro,2020-01-31,Refund request,Product recommendation,Pending Customer Response,High,Chat,18:47:00,,
5443,Sarah Cisneros,maustin@example.org,21,Female,Bose SoundLink Speaker,2021-02-08,Refund request,Battery life,Closed,Low,Phone,09:41:00,04:20:00,3
5444,Eric Hogan,millermichael@example.org,36,Other,Sony PlayStation,2021-10-22,Technical issue,Account access,Closed,Medium,Social media,12:10:00,16:53:00,2
5445,Brandon Chang,adamlawrence@example.com,64,Male,Philips Hue Lights,2021-12-24,Cancellation request,Data loss,Pending Customer Response,Low,Email,01:47:00,,
5446,Jenny Miller DDS,ericmarquez@example.com,44,Female,GoPro Hero,2020-01-08,Billing inquiry,Account access,Closed,Medium,Phone,11:10:00,13:00:00,4
5447,Curtis Kelly,jeffrey49@example.com,21,Other,PlayStation,2021-10-30,Product inquiry,Hardware issue,Closed,High,Phone,15:27:00,05:32:00,5
5450,Holly James,erogers@example.net,61,Male,Google Pixel,2021-11-27,Cancellation request,Account access,Pending Customer Response,Low,Phone,06:07:00,,
5451,Jason Miller,heatheradams@example.net,52,Female,LG OLED,2020-05-07,Refund request,Installation support,Closed,High,Phone,05:09:00,01:50:00,1
5453,Michael Hunter,mhale@example.com,42,Female,Fitbit Versa Smartwatch,2020-09-11,Refund request,Delivery problem,Closed,Critical,Social media,07:08:00,10:13:00,1
5454,Nancy Blake,ple@example.net,19,Male,Google Pixel,2021-03-01,Product inquiry,Account access,Pending Customer Response,Critical,Chat,02:12:00,,
5455,Juan Castro,trevor25@example.net,52,Female,Samsung Galaxy,2021-05-01,Cancellation request,Network problem,Pending Customer Response,Medium,Email,07:18:00,,
5456,Brandon Russell,vincentlopez@example.com,70,Male,Apple AirPods,2020-06-07,Product inquiry,Network problem,Closed,High,Phone,03:07:00,21:46:00,4
5457,Jorge Williams,carlosatkins@example.com,42,Other,LG Smart TV,2021-04-10,Refund request,Refund request,Pending Customer Response,Medium,Phone,12:45:00,,
5458,Olivia Nunez,tgallegos@example.org,39,Female,Sony 4K HDR TV,2021-05-27,Billing inquiry,Network problem,Closed,Low,Social media,18:07:00,16:50:00,2
5459,Cheryl Smith,wrightkelly@example.org,45,Other,Nintendo Switch,2020-08-16,Cancellation request,Refund request,Pending Customer Response,High,Phone,02:14:00,,
5461,Brittany Washington,amanda61@example.com,23,Male,Philips Hue Lights,2020-10-27,Product inquiry,Product setup,Closed,Medium,Phone,18:57:00,14:53:00,3
5462,Mr. John Garcia DDS,thomasmaria@example.com,53,Female,Apple AirPods,2021-05-29,Cancellation request,Account access,Closed,Medium,Social media,21:07:00,12:20:00,1
5466,Anthony Kaufman,thomasyoung@example.net,53,Female,Dyson Vacuum Cleaner,2021-05-16,Cancellation request,Installation support,Pending Customer Response,High,Chat,05:22:00,,
5467,Elizabeth Kelly,omatthews@example.net,64,Male,Lenovo ThinkPad,2020-01-18,Product inquiry,Refund request,Closed,Medium,Email,05:50:00,17:27:00,1
5468,Meghan Fields,benjamin03@example.org,28,Male,Samsung Soundbar,2021-04-25,Product inquiry,Installation support,Closed,Medium,Social media,19:50:00,17:42:00,3
5469,Denise Dudley,gina55@example.com,70,Female,LG Smart TV,2020-07-19,Billing inquiry,Payment issue,Pending Customer Response,Low,Email,06:09:00,,
5470,Andrew Stone,thomas22@example.net,45,Female,LG OLED,2021-03-06,Billing inquiry,Display issue,Pending Customer Response,Medium,Chat,17:13:00,,
5471,Charles Thornton,robert57@example.net,53,Female,Asus ROG,2020-07-29,Refund request,Peripheral compatibility,Closed,High,Email,07:24:00,12:01:00,5
5473,Dustin Vasquez,salinasjohn@example.net,32,Female,Sony Xperia,2021-09-05,Refund request,Peripheral compatibility,Closed,Medium,Social media,04:43:00,11:49:00,1
5474,Dominique Burke,laurabrandt@example.org,60,Other,PlayStation,2021-02-18,Technical issue,Cancellation request,Closed,High,Social media,23:41:00,02:36:00,2
5475,Meagan Pacheco,msanchez@example.net,38,Male,Dyson Vacuum Cleaner,2020-06-04,Technical issue,Battery life,Closed,Medium,Social media,19:04:00,18:12:00,4
5476,James Garcia,courtneyjames@example.com,36,Female,Autodesk AutoCAD,2021-05-07,Technical issue,Peripheral compatibility,Closed,Low,Email,11:50:00,06:53:00,5
5478,Cheryl Mccoy,palmerwilliam@example.org,42,Male,Apple AirPods,2020-08-15,Product inquiry,Software bug,Closed,Medium,Social media,14:07:00,17:25:00,5
5479,Melissa Holder,theresagraham@example.org,35,Male,Apple AirPods,2021-08-01,Billing inquiry,Hardware issue,Closed,High,Social media,16:12:00,14:18:00,1
5482,Morgan Mills,henrymaddox@example.com,40,Male,Google Nest,2020-12-23,Product inquiry,Software bug,Closed,Medium,Phone,00:06:00,19:50:00,1
5484,Joseph Weiss,rduran@example.net,62,Male,GoPro Action Camera,2020-09-03,Billing inquiry,Product setup,Pending Customer Response,Low,Social media,00:10:00,,
5486,Isaac Wright,edwardwallace@example.com,46,Male,Amazon Kindle,2020-12-26,Billing inquiry,Data loss,Pending Customer Response,Critical,Phone,19:37:00,,
5487,Ashley Yoder,echristensen@example.com,33,Female,Google Nest,2021-04-29,Technical issue,Software bug,Pending Customer Response,Low,Social media,21:03:00,,
5488,Stacey Harrison,robert12@example.com,52,Female,Nest Thermostat,2020-02-28,Billing inquiry,Account access,Closed,Medium,Phone,11:34:00,10:48:00,5
5489,Sharon Thomas,jwilson@example.org,19,Male,iPhone,2021-01-18,Technical issue,Product recommendation,Pending Customer Response,Medium,Social media,22:39:00,,
5492,Thomas Ward,bdavidson@example.com,59,Male,Canon EOS,2021-04-09,Cancellation request,Product compatibility,Closed,Critical,Phone,08:31:00,12:16:00,1
5495,Dustin Keller,amandamartinez@example.com,20,Female,LG Washing Machine,2020-05-31,Technical issue,Software bug,Closed,Low,Chat,05:56:00,02:42:00,1
5497,Desiree Hill,moorebryan@example.org,44,Female,Garmin Forerunner,2021-02-05,Technical issue,Peripheral compatibility,Pending Customer Response,High,Email,13:07:00,,
5499,Joel Smith,robertpatterson@example.org,45,Male,Dyson Vacuum Cleaner,2021-04-20,Technical issue,Battery life,Pending Customer Response,High,Social media,22:12:00,,
5501,Aaron Norris,michaelbarbara@example.net,62,Male,Nikon D,2020-01-02,Technical issue,Software bug,Pending Customer Response,Medium,Email,09:33:00,,
5502,Lisa Roy,michael31@example.net,29,Male,Amazon Kindle,2021-02-06,Refund request,Cancellation request,Pending Customer Response,Medium,Social media,21:57:00,,
5503,Sheila Wilson,craigcook@example.net,34,Other,Bose QuietComfort,2021-07-12,Refund request,Installation support,Closed,Critical,Phone,21:27:00,19:41:00,3
5504,Jasmine Mcdowell,garciadenise@example.net,52,Male,GoPro Hero,2021-06-22,Technical issue,Network problem,Closed,Medium,Email,09:47:00,13:05:00,1
5506,Michael Campbell,danielmercer@example.org,28,Female,Fitbit Charge,2020-07-14,Refund request,Refund request,Pending Customer Response,Critical,Email,09:39:00,,
5510,Jonathan Thompson,uday@example.com,33,Other,Dell XPS,2021-08-28,Product inquiry,Display issue,Pending Customer Response,High,Email,15:41:00,,
5511,Manuel Hudson,parkrobert@example.net,38,Female,Canon DSLR Camera,2020-03-05,Cancellation request,Hardware issue,Closed,Low,Email,06:41:00,03:00:00,4
5512,Haley Collins,pgreen@example.org,47,Other,Canon EOS,2021-10-18,Billing inquiry,Payment issue,Closed,Critical,Phone,17:14:00,08:06:00,3
5513,Michael White,scott77@example.net,22,Male,Samsung Galaxy,2021-04-16,Refund request,Battery life,Pending Customer Response,Critical,Social media,14:31:00,,
5514,Bruce Hernandez,phamamanda@example.net,45,Other,Microsoft Xbox Controller,2021-06-26,Product inquiry,Payment issue,Closed,Critical,Email,19:17:00,02:32:00,1
5515,Emma Bell,mary59@example.net,31,Male,Bose QuietComfort,2020-02-09,Refund request,Display issue,Closed,Medium,Email,22:17:00,06:26:00,2
5517,Bradley Henderson,royhall@example.com,18,Other,LG Washing Machine,2021-09-12,Product inquiry,Data loss,Pending Customer Response,Medium,Phone,22:01:00,,
5519,Evelyn Watkins,zfoley@example.net,64,Male,Microsoft Surface,2020-11-10,Cancellation request,Hardware issue,Closed,Medium,Chat,19:19:00,10:44:00,3
5520,Bryan Robbins,brandoncunningham@example.net,51,Male,Bose SoundLink Speaker,2021-05-22,Product inquiry,Refund request,Pending Customer Response,Medium,Chat,10:02:00,,
5521,Janice Gilbert,lopeztyler@example.com,68,Male,GoPro Action Camera,2021-02-17,Billing inquiry,Battery life,Pending Customer Response,High,Chat,14:10:00,,
5522,Timothy Baker,mendezjames@example.org,47,Other,Sony PlayStation,2021-12-25,Product inquiry,Display issue,Pending Customer Response,Medium,Chat,07:40:00,,
5523,Dan Dixon,castrogabriel@example.net,31,Female,Microsoft Surface,2020-01-04,Refund request,Installation support,Closed,High,Social media,18:51:00,21:15:00,2
5524,Sharon Simpson,gpetty@example.com,48,Female,Canon EOS,2021-03-02,Cancellation request,Product recommendation,Closed,Critical,Social media,21:22:00,23:33:00,3
5527,Rebecca Rodriguez,pmorris@example.org,56,Other,Amazon Echo,2020-12-17,Cancellation request,Software bug,Pending Customer Response,Low,Phone,16:55:00,,
5528,Robert Wilson,ann15@example.net,18,Male,Xbox,2020-09-30,Technical issue,Network problem,Pending Customer Response,High,Email,04:32:00,,
5534,Robert Fuller,brandon94@example.org,40,Female,Lenovo ThinkPad,2020-02-03,Refund request,Software bug,Pending Customer Response,Critical,Social media,11:34:00,,
5535,Jessica Porter,michael19@example.com,35,Other,Samsung Galaxy,2020-10-22,Cancellation request,Network problem,Pending Customer Response,Low,Phone,10:43:00,,
5536,Michael Reyes,thomasbrown@example.com,65,Male,Adobe Photoshop,2021-06-03,Technical issue,Installation support,Pending Customer Response,Low,Chat,19:29:00,,
5537,Heather Brown,jhoward@example.com,34,Male,LG Washing Machine,2021-11-18,Refund request,Display issue,Pending Customer Response,High,Social media,07:35:00,,
5538,Jessica Chase,wschwartz@example.com,45,Female,Samsung Galaxy,2021-02-02,Technical issue,Software bug,Closed,Low,Phone,23:53:00,13:18:00,2
5540,Karen Rowland,qweiss@example.com,27,Female,Nest Thermostat,2021-05-09,Technical issue,Product setup,Closed,High,Phone,02:31:00,09:54:00,5
5541,Madison Aguilar,lorimason@example.com,45,Other,Sony 4K HDR TV,2020-01-26,Refund request,Network problem,Closed,Low,Phone,18:43:00,00:41:00,5
5542,Jason Brown,andrea53@example.com,34,Female,Amazon Echo,2021-04-30,Billing inquiry,Product setup,Pending Customer Response,Critical,Social media,20:34:00,,
5543,Andrew Campbell,caleb56@example.net,43,Female,Dyson Vacuum Cleaner,2020-11-15,Product inquiry,Payment issue,Closed,Medium,Phone,02:18:00,04:04:00,4
5544,Jordan Kim,travis24@example.org,65,Male,GoPro Hero,2021-04-01,Product inquiry,Account access,Pending Customer Response,Critical,Chat,02:19:00,,
5545,George Haynes,jayhernandez@example.com,44,Male,Nest Thermostat,2020-06-12,Product inquiry,Battery life,Pending Customer Response,Critical,Chat,20:27:00,,
5547,Michelle Morris,youngdeborah@example.org,42,Female,Canon DSLR Camera,2021-03-16,Technical issue,Product recommendation,Pending Customer Response,High,Chat,20:24:00,,
5548,Anthony Byrd,enavarro@example.org,53,Other,Canon DSLR Camera,2020-08-09,Refund request,Software bug,Closed,High,Email,17:14:00,18:31:00,2
5549,Zachary Sandoval,michele82@example.com,66,Male,iPhone,2021-01-03,Cancellation request,Network problem,Pending Customer Response,Low,Social media,04:41:00,,
5550,Joshua Gillespie,elizabethking@example.net,55,Other,Google Pixel,2020-01-08,Billing inquiry,Product setup,Closed,High,Social media,01:55:00,07:03:00,3
5553,Tina Moore,vanessamarshall@example.net,20,Other,Sony 4K HDR TV,2020-10-17,Refund request,Display issue,Closed,High,Phone,17:39:00,22:44:00,1
5555,Brian Simpson,patriciawilliams@example.org,42,Male,Microsoft Xbox Controller,2021-02-01,Technical issue,Network problem,Pending Customer Response,Low,Email,13:08:00,,
5557,Sherry Douglas,becky06@example.com,42,Other,LG OLED,2020-12-22,Cancellation request,Product recommendation,Closed,Low,Email,06:34:00,04:23:00,1
5558,Anthony Mcguire,richardray@example.net,39,Female,GoPro Action Camera,2021-01-08,Technical issue,Battery life,Closed,Low,Phone,16:26:00,19:28:00,1
5561,Rachael Waller,justin57@example.org,38,Female,Canon EOS,2020-08-07,Product inquiry,Product compatibility,Pending Customer Response,High,Email,10:43:00,,
5562,Jessica Phillips,david00@example.com,55,Other,Fitbit Versa Smartwatch,2021-02-17,Refund request,Software bug,Pending Customer Response,Medium,Chat,02:27:00,,
5563,Amanda Gray,stephenslogan@example.org,46,Male,Xbox,2021-04-05,Product inquiry,Delivery problem,Pending Customer Response,High,Email,01:03:00,,
5564,Daniel Brown,dudleycynthia@example.org,42,Male,Dell XPS,2020-02-11,Billing inquiry,Cancellation request,Pending Customer Response,Critical,Email,14:17:00,,
5565,David Green,hannahhensley@example.org,19,Other,Samsung Galaxy,2021-08-18,Refund request,Data loss,Closed,Low,Social media,17:35:00,04:58:00,1
5566,William Callahan,thogan@example.org,45,Female,Google Nest,2021-12-23,Refund request,Payment issue,Pending Customer Response,High,Social media,08:29:00,,
5567,Brittany Woods,castillosabrina@example.org,66,Female,Bose QuietComfort,2021-01-16,Billing inquiry,Refund request,Pending Customer Response,Low,Social media,02:46:00,,
5569,Matthew Vazquez,pooletimothy@example.com,64,Male,Lenovo ThinkPad,2020-03-03,Product inquiry,Refund request,Closed,High,Phone,13:41:00,17:50:00,5
5575,Leslie Casey,tvargas@example.com,67,Male,HP Pavilion,2021-10-27,Refund request,Software bug,Closed,Medium,Email,21:34:00,02:13:00,2
5576,Jennifer Jackson,conniehobbs@example.com,56,Other,GoPro Action Camera,2020-06-11,Refund request,Peripheral compatibility,Pending Customer Response,High,Social media,11:26:00,,
5577,Jennifer Copeland,millermatthew@example.org,42,Female,PlayStation,2020-12-16,Billing inquiry,Product recommendation,Pending Customer Response,Critical,Email,09:40:00,,
5578,Joy Brown,yanderson@example.net,30,Female,GoPro Action Camera,2021-06-02,Product inquiry,Network problem,Closed,Critical,Email,03:21:00,15:50:00,1
5580,Michael Webb,reynoldslisa@example.net,46,Female,Microsoft Xbox Controller,2020-06-10,Billing inquiry,Product recommendation,Pending Customer Response,Medium,Chat,05:35:00,,
5581,Heather Lopez,hansonbeth@example.com,30,Female,Google Pixel,2021-01-15,Product inquiry,Battery life,Pending Customer Response,Low,Phone,18:46:00,,
5583,Gerald Nash,cbrown@example.com,42,Other,Fitbit Versa Smartwatch,2020-01-05,Product inquiry,Display issue,Pending Customer Response,High,Email,22:24:00,,
5584,Todd Moore,shannonrichardson@example.com,30,Male,Fitbit Versa Smartwatch,2020-06-22,Product inquiry,Product recommendation,Pending Customer Response,Medium,Email,17:33:00,,
5586,Joseph Meyers,kennethbrady@example.com,70,Male,Adobe Photoshop,2020-08-12,Cancellation request,Data loss,Closed,Medium,Chat,20:05:00,07:36:00,1
5587,Mariah Robinson,bmoreno@example.org,32,Other,Microsoft Surface,2021-11-03,Technical issue,Hardware issue,Pending Customer Response,Medium,Social media,17:26:00,,
5589,Steven Montgomery,scottpetersen@example.org,49,Female,Apple AirPods,2021-05-18,Product inquiry,Software bug,Closed,Low,Chat,10:09:00,15:46:00,3
5590,Amanda Pratt,shannon31@example.net,29,Male,HP Pavilion,2021-08-10,Billing inquiry,Product compatibility,Pending Customer Response,Medium,Email,11:59:00,,
5592,Richard Walker,thomas32@example.com,43,Female,Amazon Echo,2021-11-05,Refund request,Battery life,Pending Customer Response,Low,Email,11:02:00,,
5593,Joshua Daniels,ashleydelgado@example.org,26,Male,Asus ROG,2021-10-06,Product inquiry,Product setup,Pending Customer Response,Medium,Email,07:14:00,,
5594,Melissa Hoffman,nicholas70@example.com,32,Other,Autodesk AutoCAD,2021-06-16,Refund request,Delivery problem,Closed,Low,Chat,08:36:00,16:54:00,2
5595,Jeffrey Martinez,linda39@example.org,20,Other,Sony PlayStation,2021-12-04,Refund request,Peripheral compatibility,Pending Customer Response,High,Social media,18:31:00,,
5596,Juan Brock,kimberlyjohnson@example.org,55,Female,Adobe Photoshop,2021-04-15,Cancellation request,Battery life,Pending Customer Response,Medium,Social media,07:27:00,,
5597,Clayton Wolf,stephanie41@example.net,61,Male,Microsoft Surface,2020-07-08,Refund request,Hardware issue,Pending Customer Response,Low,Email,14:23:00,,
5598,Valerie Jimenez,ronaldbryant@example.net,56,Male,GoPro Action Camera,2021-01-14,Billing inquiry,Installation support,Pending Customer Response,Low,Phone,05:54:00,,
5599,Jessica Brown,kacosta@example.org,24,Male,GoPro Hero,2021-08-14,Billing inquiry,Payment issue,Pending Customer Response,Low,Phone,20:48:00,,
5600,Antonio Edwards,dboyd@example.net,45,Female,Samsung Soundbar,2020-11-24,Product inquiry,Product compatibility,Pending Customer Response,Medium,Email,04:22:00,,
5601,Kristine Chen,yfitzgerald@example.net,64,Female,Amazon Kindle,2020-04-10,Technical issue,Product setup,Closed,High,Social media,09:35:00,21:53:00,4
5602,Leslie Thompson,charvey@example.net,44,Other,Fitbit Charge,2020-06-21,Product inquiry,Cancellation request,Closed,High,Chat,13:49:00,20:21:00,4
5603,Cody Clark,jeffrey08@example.net,25,Other,Roomba Robot Vacuum,2021-02-01,Product inquiry,Product setup,Pending Customer Response,Critical,Chat,03:24:00,,
5604,Ariana Mann,jacobpeters@example.net,22,Female,Dyson Vacuum Cleaner,2021-02-25,Product inquiry,Display issue,Pending Customer Response,High,Social media,04:35:00,,
5605,Robert Hanna DDS,sullivandiamond@example.org,67,Female,Microsoft Office,2020-09-20,Technical issue,Installation support,Closed,Low,Phone,22:33:00,14:21:00,5
5606,Vickie Kent,edwarderickson@example.org,26,Male,Google Pixel,2020-07-01,Product inquiry,Display issue,Pending Customer Response,Critical,Chat,11:44:00,,
5607,Sherry Bass,hsullivan@example.net,35,Female,Samsung Galaxy,2021-03-17,Refund request,Software bug,Pending Customer Response,High,Email,23:06:00,,
5608,John Mcconnell,williammendoza@example.org,60,Other,Microsoft Xbox Controller,2020-02-05,Cancellation request,Cancellation request,Pending Customer Response,Critical,Phone,11:43:00,,
5609,Rebecca Brown,tperez@example.com,26,Female,Xbox,2020-07-13,Technical issue,Data loss,Closed,High,Phone,22:27:00,07:27:00,2
5610,Dustin Taylor,fromero@example.net,41,Female,Sony Xperia,2021-02-23,Refund request,Product setup,Pending Customer Response,Low,Phone,12:38:00,,
5611,Shane Merritt,wmatthews@example.org,37,Male,GoPro Action Camera,2020-10-27,Refund request,Refund request,Pending Customer Response,High,Social media,06:58:00,,
5612,Ann Parks,stevengalvan@example.net,58,Other,Asus ROG,2020-04-19,Billing inquiry,Software bug,Closed,Critical,Phone,06:37:00,11:49:00,3
5613,Emily Logan,timothy60@example.net,32,Female,HP Pavilion,2020-02-01,Cancellation request,Product setup,Closed,Critical,Chat,08:54:00,15:13:00,4
5614,Sara Bonilla,littleadam@example.net,21,Other,Microsoft Xbox Controller,2021-04-21,Product inquiry,Peripheral compatibility,Closed,High,Social media,02:34:00,18:00:00,2
5620,Amanda Gilmore,ryanfox@example.com,63,Male,Autodesk AutoCAD,2020-02-27,Refund request,Product recommendation,Closed,Medium,Phone,18:50:00,17:06:00,5
5622,Jeffrey Torres,joshua05@example.net,44,Female,Microsoft Office,2021-06-15,Refund request,Software bug,Closed,Low,Email,10:24:00,03:36:00,3
5624,Michael Vaughan,bmarshall@example.net,33,Female,Amazon Kindle,2021-04-01,Refund request,Payment issue,Pending Customer Response,Critical,Social media,12:30:00,,
5625,John Perez,herrerabrian@example.org,24,Female,Bose SoundLink Speaker,2021-06-05,Billing inquiry,Delivery problem,Closed,High,Social media,12:51:00,16:30:00,4
5626,Hannah Jones,michael92@example.org,63,Other,Canon DSLR Camera,2020-09-14,Cancellation request,Product setup,Closed,Critical,Chat,12:14:00,21:39:00,2
5628,Susan Medina,wendy43@example.com,25,Male,Bose QuietComfort,2020-03-22,Refund request,Payment issue,Closed,High,Phone,18:31:00,21:46:00,3
5630,James Hancock,marksdanielle@example.net,24,Male,Google Pixel,2021-07-18,Product inquiry,Network problem,Closed,Medium,Social media,05:52:00,22:42:00,2
5633,Jose Erickson,emilyparsons@example.org,42,Female,Nintendo Switch,2021-09-26,Product inquiry,Cancellation request,Pending Customer Response,High,Email,11:52:00,,
5636,Stephanie Ortega,panderson@example.net,70,Other,Canon DSLR Camera,2021-09-23,Product inquiry,Software bug,Closed,Low,Email,22:15:00,15:29:00,1
5637,Alison Clark,mrogers@example.org,28,Male,LG Washing Machine,2021-06-11,Product inquiry,Network problem,Closed,Low,Phone,04:19:00,18:47:00,3
5641,Stephen Carter,williamhoffman@example.net,40,Female,Microsoft Surface,2020-11-12,Refund request,Account access,Closed,Medium,Email,19:31:00,22:15:00,3
5643,Shannon Lee,xwatson@example.net,58,Other,LG Washing Machine,2021-03-27,Refund request,Battery life,Closed,Low,Email,01:55:00,13:38:00,2
5646,Molly George,ibell@example.org,39,Other,GoPro Hero,2020-09-17,Product inquiry,Account access,Closed,High,Chat,01:02:00,04:53:00,3
5648,Lawrence Contreras,jeremiah27@example.org,37,Male,Canon EOS,2020-10-23,Product inquiry,Account access,Closed,Medium,Chat,06:47:00,06:52:00,5
5650,Lauren Wiggins,ksmith@example.com,69,Other,Nintendo Switch,2021-03-27,Refund request,Refund request,Closed,Critical,Social media,11:49:00,10:56:00,5
5651,Mike Harris,richard82@example.net,49,Female,Canon EOS,2021-06-19,Refund request,Delivery problem,Closed,Medium,Email,21:31:00,02:06:00,2
5652,Christopher Lang,snydersheryl@example.org,60,Female,Dyson Vacuum Cleaner,2021-01-19,Technical issue,Payment issue,Pending Customer Response,Critical,Email,01:38:00,,
5653,Kenneth Parrish,jason31@example.net,29,Female,GoPro Action Camera,2020-09-26,Refund request,Product setup,Pending Customer Response,Low,Email,12:18:00,,
5656,Phillip Robinson,julie28@example.com,47,Male,Bose SoundLink Speaker,2020-04-29,Technical issue,Peripheral compatibility,Pending Customer Response,Medium,Chat,18:14:00,,
5658,Brandon Rhodes,susan46@example.org,52,Male,Nikon D,2021-11-29,Cancellation request,Payment issue,Closed,Critical,Phone,17:06:00,10:05:00,5
5662,Kimberly Baker,lpeters@example.net,70,Female,Philips Hue Lights,2020-02-04,Cancellation request,Product setup,Pending Customer Response,Critical,Chat,03:05:00,,
5663,Stephanie Roberts,akirby@example.org,57,Female,Samsung Galaxy,2020-08-15,Refund request,Payment issue,Closed,Medium,Email,11:24:00,22:55:00,5
5664,Mason Rodgers,qbrown@example.com,54,Other,GoPro Hero,2020-10-09,Product inquiry,Hardware issue,Pending Customer Response,Low,Email,20:03:00,,
5665,Larry Lawrence,ffitzgerald@example.com,46,Male,Roomba Robot Vacuum,2021-04-23,Technical issue,Product compatibility,Closed,High,Chat,03:30:00,20:30:00,5
5666,Jessica George,edwardhaas@example.org,25,Male,Canon EOS,2021-01-21,Product inquiry,Network problem,Closed,Critical,Phone,14:42:00,16:07:00,4
5667,Joseph Rose,tammy38@example.com,24,Other,Samsung Galaxy,2020-03-19,Billing inquiry,Peripheral compatibility,Pending Customer Response,Low,Chat,13:48:00,,
5668,Kimberly Cervantes,harrisgeorge@example.com,19,Female,Philips Hue Lights,2020-09-15,Billing inquiry,Product compatibility,Closed,High,Social media,05:34:00,04:29:00,4
5669,Melinda Edwards,gloveramanda@example.com,50,Female,GoPro Hero,2020-10-15,Technical issue,Battery life,Closed,Low,Phone,03:06:00,19:11:00,4
5670,Abigail Kennedy,millerjennifer@example.org,31,Female,Dell XPS,2021-06-06,Refund request,Refund request,Pending Customer Response,Low,Social media,11:16:00,,
5671,Suzanne Peters,krose@example.net,42,Male,Dyson Vacuum Cleaner,2021-11-19,Product inquiry,Delivery problem,Closed,High,Email,22:37:00,21:04:00,5
5672,Eric May,bcollier@example.com,55,Other,Nintendo Switch,2020-11-01,Billing inquiry,Product compatibility,Closed,Low,Chat,23:17:00,17:49:00,3
5673,Brooke Foster,jasonsmith@example.net,38,Male,PlayStation,2020-07-28,Refund request,Installation support,Pending Customer Response,Critical,Social media,13:38:00,,
5674,Kelly Velasquez,laneblake@example.org,45,Male,Nest Thermostat,2020-05-06,Billing inquiry,Account access,Closed,Critical,Phone,16:53:00,08:12:00,1
5676,Karen Ford,xwatson@example.com,21,Female,Microsoft Xbox Controller,2020-08-08,Billing inquiry,Network problem,Closed,Low,Email,07:27:00,06:43:00,1
5677,David Lawrence,dking@example.org,24,Other,Sony PlayStation,2021-01-04,Refund request,Installation support,Pending Customer Response,Medium,Chat,05:14:00,,
5679,Crystal Preston,brian47@example.net,51,Female,Nikon D,2021-11-12,Technical issue,Product recommendation,Closed,Low,Social media,22:44:00,15:14:00,4
5681,Austin Thomas,michaellutz@example.com,20,Other,Samsung Galaxy,2020-02-08,Cancellation request,Display issue,Pending Customer Response,Medium,Chat,08:21:00,,
5682,Taylor Murray,stacy05@example.net,44,Female,Xbox,2020-02-12,Product inquiry,Product setup,Closed,Critical,Email,18:53:00,14:11:00,5
5683,Vickie Nash,elizabethpearson@example.net,24,Female,Google Pixel,2020-06-15,Refund request,Installation support,Pending Customer Response,High,Email,12:52:00,,
5684,Hannah Davis,noahpaul@example.net,64,Male,Fitbit Charge,2021-02-16,Product inquiry,Product recommendation,Closed,Medium,Chat,11:04:00,22:26:00,2
5685,Tony Mitchell,rachel87@example.org,22,Male,Google Pixel,2020-03-19,Refund request,Software bug,Closed,High,Chat,17:35:00,08:03:00,4
5686,Jesse Holland,gomezjulie@example.com,65,Male,Bose SoundLink Speaker,2020-09-08,Billing inquiry,Product setup,Pending Customer Response,Low,Social media,18:23:00,,
5687,Jacob Frank,caseybecker@example.com,54,Other,Fitbit Charge,2020-01-28,Technical issue,Product recommendation,Closed,High,Chat,03:12:00,14:10:00,2
5689,Lori Hess,christopherschwartz@example.org,18,Female,Garmin Forerunner,2021-04-26,Billing inquiry,Data loss,Pending Customer Response,Medium,Phone,22:31:00,,
5690,Paul Gilbert,sthomas@example.org,20,Female,Nikon D,2021-11-21,Refund request,Payment issue,Pending Customer Response,Low,Social media,19:03:00,,
5691,Bailey Moore,kristengarcia@example.net,46,Female,Xbox,2020-10-05,Product inquiry,Data loss,Pending Customer Response,Low,Chat,03:15:00,,
5692,Daniel Baldwin,ysullivan@example.org,63,Other,GoPro Hero,2021-05-18,Refund request,Cancellation request,Pending Customer Response,High,Phone,15:39:00,,
5693,Brian Clark,emaldonado@example.com,60,Female,Samsung Soundbar,2021-09-16,Technical issue,Account access,Pending Customer Response,Medium,Chat,08:05:00,,
5694,Collin Sanchez,villanuevaedwin@example.org,43,Other,Lenovo ThinkPad,2020-01-21,Technical issue,Data loss,Closed,Critical,Chat,08:55:00,11:40:00,4
5695,Sara Cox,lwest@example.net,24,Male,PlayStation,2020-03-06,Billing inquiry,Hardware issue,Closed,High,Chat,17:49:00,17:09:00,1
5696,Brooke Long,david14@example.org,63,Female,Google Nest,2021-03-27,Cancellation request,Display issue,Pending Customer Response,High,Phone,07:23:00,,
5699,Joshua Quinn,greenejohn@example.net,69,Male,Amazon Kindle,2021-07-20,Billing inquiry,Installation support,Pending Customer Response,Critical,Chat,04:35:00,,
5700,Gary Cantu,armstrongerika@example.net,34,Female,iPhone,2021-04-30,Billing inquiry,Software bug,Closed,Low,Phone,15:11:00,11:23:00,5
5703,Michael Gibbs,denise50@example.org,32,Male,Asus ROG,2021-06-29,Product inquiry,Data loss,Pending Customer Response,Low,Social media,16:16:00,,
5704,Matthew Reyes,aaronwilliams@example.org,36,Male,HP Pavilion,2021-11-07,Refund request,Network problem,Closed,Low,Email,20:53:00,20:22:00,1
5705,Megan Perez,williamsangela@example.com,30,Female,Nintendo Switch,2020-09-06,Cancellation request,Refund request,Pending Customer Response,Low,Chat,12:45:00,,
5706,Robert Anderson,audreyanderson@example.org,67,Male,Microsoft Office,2020-06-27,Cancellation request,Software bug,Closed,Low,Social media,00:38:00,04:26:00,4
5707,Renee Hopkins,michaelbrown@example.net,67,Female,Samsung Soundbar,2021-06-24,Product inquiry,Refund request,Pending Customer Response,Low,Phone,23:28:00,,
5709,Ricky Garner,daniel54@example.net,62,Male,Samsung Soundbar,2020-11-29,Technical issue,Battery life,Pending Customer Response,Critical,Chat,00:42:00,,
5712,Julie Anderson,uturner@example.com,62,Female,Amazon Kindle,2020-08-19,Technical issue,Display issue,Pending Customer Response,High,Social media,03:59:00,,
5714,Karina Mcmahon,elizabethmanning@example.org,29,Other,Fitbit Versa Smartwatch,2020-06-29,Billing inquiry,Product setup,Closed,Critical,Chat,05:03:00,10:25:00,4
5716,William Hendricks,jeffsmith@example.net,35,Female,Amazon Echo,2021-02-25,Refund request,Refund request,Closed,Medium,Phone,08:18:00,10:08:00,3
5717,Jerry Warren,eriksmith@example.net,57,Female,Microsoft Xbox Controller,2020-01-16,Refund request,Display issue,Closed,Critical,Chat,12:13:00,21:15:00,1
5718,Amanda Simpson,llee@example.org,58,Other,LG Smart TV,2020-11-19,Technical issue,Data loss,Closed,High,Phone,18:17:00,10:46:00,5
5719,Patty Torres,greenejohn@example.com,38,Female,LG Smart TV,2021-05-27,Technical issue,Battery life,Pending Customer Response,Medium,Email,05:49:00,,
5721,John Martin,johnsdavid@example.org,34,Female,Amazon Kindle,2020-03-13,Cancellation request,Peripheral compatibility,Pending Customer Response,Critical,Social media,01:44:00,,
5722,Zoe Roberts,david61@example.org,21,Other,Autodesk AutoCAD,2021-07-01,Refund request,Payment issue,Closed,Medium,Social media,22:58:00,08:15:00,3
5723,Christopher Adams,rileycarrie@example.com,60,Male,iPhone,2020-09-19,Cancellation request,Hardware issue,Closed,Low,Social media,21:07:00,19:11:00,3
5724,Jennifer Robinson,nzavala@example.net,68,Other,Dyson Vacuum Cleaner,2021-10-08,Cancellation request,Display issue,Pending Customer Response,Critical,Chat,15:25:00,,
5726,Lance Miller,bvincent@example.com,58,Female,Asus ROG,2020-09-22,Refund request,Product setup,Pending Customer Response,Low,Social media,21:41:00,,
5727,Jessica Smith,whogan@example.org,58,Other,PlayStation,2020-02-18,Product inquiry,Delivery problem,Closed,Low,Chat,10:49:00,03:20:00,3
5730,Thomas Barnett,iball@example.net,59,Other,Google Nest,2020-07-25,Billing inquiry,Network problem,Closed,Low,Phone,23:21:00,20:21:00,4
5731,Cindy Klein,hawkinsannette@example.com,31,Female,Amazon Kindle,2021-02-19,Billing inquiry,Hardware issue,Closed,Low,Email,07:04:00,08:36:00,4
5732,Jennifer Roberts,christine34@example.org,61,Male,Nikon D,2021-05-10,Billing inquiry,Network problem,Closed,Critical,Chat,04:45:00,06:46:00,2
5733,Heather Love,paul26@example.net,19,Female,Apple AirPods,2021-07-25,Technical issue,Display issue,Closed,High,Chat,02:48:00,06:06:00,3
5735,Amy Braun,michael99@example.org,61,Female,Autodesk AutoCAD,2021-12-12,Technical issue,Data loss,Pending Customer Response,Critical,Chat,20:19:00,,
5736,Jennifer Morris,sarahthornton@example.org,70,Male,LG Smart TV,2020-06-15,Technical issue,Display issue,Pending Customer Response,Medium,Chat,05:55:00,,
5737,Kimberly Porter,eross@example.org,70,Other,GoPro Hero,2020-11-26,Cancellation request,Peripheral compatibility,Closed,Low,Email,21:12:00,15:06:00,1
5738,Beth Wright,carrie68@example.net,20,Male,Nikon D,2021-04-23,Billing inquiry,Refund request,Closed,High,Email,14:49:00,10:16:00,5
5740,John Sutton,jenniferthornton@example.com,69,Male,Fitbit Versa Smartwatch,2020-08-14,Product inquiry,Product recommendation,Closed,Medium,Social media,08:20:00,09:34:00,3
5741,John Stephens,zbailey@example.org,51,Other,Asus ROG,2020-08-23,Cancellation request,Product recommendation,Closed,Low,Email,02:03:00,20:45:00,1
5743,Anthony Lopez,twalker@example.org,40,Male,Nintendo Switch Pro Controller,2021-05-24,Product inquiry,Product compatibility,Pending Customer Response,Low,Email,07:56:00,,
5744,David Taylor,amandaburton@example.net,32,Female,PlayStation,2021-07-08,Technical issue,Software bug,Closed,Critical,Chat,08:39:00,11:36:00,3
5745,Luis Williams,coreynunez@example.org,42,Male,LG Washing Machine,2021-02-01,Technical issue,Cancellation request,Closed,Critical,Email,13:57:00,19:56:00,3
5746,Todd Zimmerman,reevesvanessa@example.org,30,Female,Nintendo Switch Pro Controller,2020-09-10,Refund request,Hardware issue,Pending Customer Response,Critical,Social media,10:53:00,,
5749,Edward Patterson,wilkersonseth@example.com,30,Other,Amazon Echo,2021-05-08,Refund request,Network problem,Pending Customer Response,Low,Phone,13:20:00,,
5751,Brianna Flores,ubryant@example.org,52,Male,GoPro Hero,2021-08-21,Product inquiry,Product recommendation,Closed,High,Social media,18:55:00,11:28:00,3
5753,Patricia Pacheco,mitchellmaria@example.net,41,Male,Nest Thermostat,2021-09-14,Billing inquiry,Account access,Pending Customer Response,Critical,Email,06:38:00,,
5756,Ronald Sloan,edwardwright@example.org,18,Male,MacBook Pro,2021-03-26,Product inquiry,Product compatibility,Pending Customer Response,Medium,Phone,11:08:00,,
5759,James Bryan,ryan19@example.com,38,Other,Nintendo Switch,2020-04-23,Technical issue,Network problem,Closed,Medium,Social media,01:37:00,00:47:00,4
5760,Cynthia Cole,tiffanymoody@example.org,47,Female,HP Pavilion,2020-04-17,Cancellation request,Data loss,Closed,Low,Phone,16:30:00,04:43:00,2
5761,Stephanie Wright,livingstontravis@example.com,28,Female,Samsung Galaxy,2020-02-28,Billing inquiry,Payment issue,Closed,Critical,Phone,10:46:00,21:24:00,5
5763,Michelle Potter,crystalkennedy@example.org,27,Other,Sony PlayStation,2020-09-15,Product inquiry,Product setup,Pending Customer Response,Critical,Social media,07:32:00,,
5764,Nicholas Adams,tsmith@example.org,38,Other,Fitbit Versa Smartwatch,2020-04-22,Cancellation request,Product setup,Pending Customer Response,Medium,Phone,06:03:00,,
5765,George Estes,ortegajeffery@example.com,38,Other,Samsung Galaxy,2021-05-10,Technical issue,Refund request,Pending Customer Response,High,Phone,12:14:00,,
5766,Scott Mooney,mollydunlap@example.org,69,Male,Sony Xperia,2020-01-20,Product inquiry,Hardware issue,Closed,High,Phone,21:02:00,12:46:00,2
5767,Bethany Walton,melanie71@example.org,52,Other,Xbox,2020-09-04,Cancellation request,Hardware issue,Pending Customer Response,Critical,Social media,09:52:00,,
5768,Tracy Goodwin,kmoore@example.net,53,Male,Microsoft Xbox Controller,2020-07-18,Cancellation request,Cancellation request,Closed,Critical,Social media,16:47:00,23:20:00,5
5769,Bryan Anderson,tyler86@example.net,26,Female,Garmin Forerunner,2021-09-22,Cancellation request,Peripheral compatibility,Pending Customer Response,Low,Chat,13:15:00,,
5770,Roy Chandler,jose90@example.org,48,Male,Samsung Soundbar,2020-08-27,Cancellation request,Payment issue,Pending Customer Response,Low,Chat,04:46:00,,
5771,Danny Contreras,newtonkenneth@example.org,30,Male,Adobe Photoshop,2021-12-08,Cancellation request,Software bug,Pending Customer Response,Critical,Social media,13:26:00,,
5772,Corey Klein PhD,olsenphillip@example.net,26,Female,Nikon D,2021-07-06,Product inquiry,Peripheral compatibility,Closed,Medium,Chat,11:31:00,04:41:00,3
5773,Mrs. Ashley Andrews,franklinkenneth@example.net,44,Other,Nikon D,2020-12-14,Refund request,Product recommendation,Pending Customer Response,Critical,Social media,04:00:00,,
5774,James Rodriguez,ruizamber@example.org,24,Other,Lenovo ThinkPad,2020-06-29,Refund request,Hardware issue,Pending Customer Response,High,Phone,06:51:00,,
5775,Michael Taylor,carlreese@example.com,47,Male,Garmin Forerunner,2021-10-12,Technical issue,Account access,Pending Customer Response,Medium,Social media,20:11:00,,
5776,Donna Griffith,james18@example.org,43,Male,Samsung Galaxy,2020-04-06,Product inquiry,Display issue,Pending Customer Response,Medium,Phone,19:45:00,,
5777,Mark Williams,alexandralee@example.net,51,Male,Asus ROG,2020-11-28,Technical issue,Product setup,Closed,Medium,Chat,11:27:00,00:09:00,1
5779,Shannon White,john39@example.org,50,Male,Sony 4K HDR TV,2021-12-07,Billing inquiry,Data loss,Pending Customer Response,Medium,Phone,08:23:00,,
5780,Taylor Wilson,kevin69@example.com,32,Male,LG Washing Machine,2020-05-19,Billing inquiry,Product recommendation,Closed,High,Social media,22:03:00,08:57:00,2
5781,Elizabeth Young,andrew49@example.net,30,Female,Microsoft Surface,2021-03-18,Technical issue,Cancellation request,Pending Customer Response,Medium,Chat,13:55:00,,
5782,Melanie Thomas,cesarmoore@example.net,39,Male,iPhone,2021-09-17,Cancellation request,Hardware issue,Closed,Low,Social media,12:21:00,19:17:00,4
5785,Andrew Bailey,jeanne96@example.net,61,Other,Apple AirPods,2020-07-30,Billing inquiry,Hardware issue,Closed,High,Social media,20:16:00,05:32:00,1
5786,Wendy Garcia,aliabigail@example.org,61,Male,LG Smart TV,2020-03-19,Billing inquiry,Installation support,Closed,Critical,Phone,02:42:00,04:00:00,3
5787,Randy Holmes,lisaorozco@example.com,55,Female,Canon DSLR Camera,2021-03-01,Refund request,Display issue,Pending Customer Response,Critical,Chat,10:03:00,,
5788,James Sanchez,michelleyoung@example.net,48,Male,Sony PlayStation,2021-04-15,Cancellation request,Cancellation request,Pending Customer Response,Critical,Social media,06:26:00,,
5789,Richard Cole,danielsselena@example.org,67,Other,Lenovo ThinkPad,2021-03-13,Billing inquiry,Refund request,Pending Customer Response,Low,Social media,18:56:00,,
5790,Sheila Michael,bhinton@example.com,19,Female,Samsung Galaxy,2021-06-12,Refund request,Peripheral compatibility,Closed,Critical,Phone,01:19:00,08:52:00,1
5792,Megan Young,jim66@example.org,56,Female,Sony PlayStation,2020-07-22,Refund request,Account access,Closed,Low,Email,07:16:00,12:04:00,1
5793,Charles Fisher,jroth@example.org,27,Other,Garmin Forerunner,2020-04-13,Product inquiry,Software bug,Closed,Critical,Social media,11:59:00,12:21:00,4
5796,Suzanne Harris,christine88@example.net,46,Male,Nintendo Switch Pro Controller,2021-03-02,Technical issue,Cancellation request,Pending Customer Response,Low,Social media,16:51:00,,
5797,Laura Anderson,juliecarroll@example.net,55,Male,Xbox,2021-08-28,Billing inquiry,Payment issue,Pending Customer Response,Medium,Email,15:02:00,,
5798,David Howe,kristinstephens@example.com,24,Female,Dell XPS,2020-02-21,Billing inquiry,Delivery problem,Pending Customer Response,Medium,Email,20:26:00,,
5799,Mr. Samuel Chapman,michael13@example.org,26,Other,Nikon D,2020-09-25,Technical issue,Product recommendation,Closed,Critical,Chat,21:46:00,19:33:00,5
5800,Shannon Mcdonald,samuel06@example.org,59,Female,LG OLED,2020-09-12,Cancellation request,Product setup,Pending Customer Response,High,Chat,15:49:00,,
5802,Luke Vega,ann51@example.net,21,Female,Samsung Soundbar,2021-05-16,Product inquiry,Installation support,Closed,High,Email,21:54:00,05:23:00,4
5803,Mrs. Samantha Logan,omar07@example.com,23,Female,Fitbit Versa Smartwatch,2020-02-25,Cancellation request,Account access,Closed,Low,Phone,17:56:00,13:08:00,2
5805,Christopher Baker,kennedymatthew@example.org,60,Other,Sony Xperia,2021-08-27,Billing inquiry,Hardware issue,Pending Customer Response,Low,Email,23:59:00,,
5806,Eric Weber,kaitlynmorris@example.com,27,Female,Nikon D,2020-05-20,Billing inquiry,Account access,Closed,Low,Email,17:35:00,11:07:00,2
5807,Jason Lozano,anna89@example.com,33,Other,Bose SoundLink Speaker,2020-10-06,Cancellation request,Product setup,Closed,Critical,Email,21:01:00,01:41:00,1
5808,Jennifer Warren,reneeburke@example.org,22,Female,GoPro Hero,2020-06-10,Billing inquiry,Delivery problem,Pending Customer Response,Medium,Chat,06:13:00,,
5809,Joshua Brown,danielcurtis@example.org,70,Male,Amazon Kindle,2021-09-29,Cancellation request,Installation support,Pending Customer Response,Medium,Phone,16:22:00,,
5810,Brian Ward,campbelljoseph@example.com,32,Male,Roomba Robot Vacuum,2020-03-23,Cancellation request,Account access,Closed,Medium,Social media,05:10:00,10:12:00,5
5811,Lisa Bell,paul77@example.net,41,Female,Microsoft Surface,2020-04-06,Cancellation request,Delivery problem,Pending Customer Response,Low,Social media,01:08:00,,
5814,Sandra Fritz,pierceeric@example.net,42,Male,Nikon D,2021-02-02,Refund request,Product compatibility,Pending Customer Response,Critical,Social media,21:38:00,,
5815,Trevor Miller,james88@example.org,26,Female,Dyson Vacuum Cleaner,2021-10-25,Billing inquiry,Account access,Closed,Low,Social media,09:42:00,20:16:00,5
5816,Heather Castro,lindaschneider@example.com,54,Female,Amazon Echo,2020-10-25,Billing inquiry,Software bug,Closed,Medium,Phone,22:53:00,15:37:00,2
5817,Kevin Sexton,fischerjonathan@example.org,61,Female,Nest Thermostat,2020-09-02,Billing inquiry,Product setup,Pending Customer Response,Low,Social media,12:58:00,,
5819,Andrew Kelly,amandacampbell@example.com,65,Other,Philips Hue Lights,2021-08-21,Refund request,Product compatibility,Pending Customer Response,High,Chat,20:07:00,,
5820,Joseph Davis,jbrown@example.com,20,Other,Bose QuietComfort,2021-09-14,Product inquiry,Hardware issue,Closed,Medium,Phone,06:51:00,15:07:00,4
5822,John Jones,paul01@example.net,55,Female,GoPro Hero,2020-09-29,Technical issue,Product recommendation,Pending Customer Response,High,Chat,21:49:00,,
5823,Shelia Larsen,wongamy@example.org,63,Female,Nintendo Switch Pro Controller,2021-01-28,Billing inquiry,Cancellation request,Closed,Medium,Phone,09:29:00,10:18:00,2
5824,Wanda Moreno,brian14@example.org,33,Other,LG Smart TV,2021-03-25,Cancellation request,Product compatibility,Pending Customer Response,Medium,Chat,08:24:00,,
5826,Brittany Barnett,walterskimberly@example.com,68,Female,Dyson Vacuum Cleaner,2020-06-01,Refund request,Peripheral compatibility,Closed,Critical,Email,00:43:00,08:53:00,1
5827,Nicole Fitzpatrick,terrence88@example.org,40,Male,Canon DSLR Camera,2020-04-03,Refund request,Product recommendation,Pending Customer Response,Medium,Chat,14:50:00,,
5828,Jessica Cordova,blairjessica@example.com,23,Male,Canon DSLR Camera,2021-04-18,Technical issue,Delivery problem,Closed,Low,Email,11:36:00,05:41:00,4
5829,Sara Romero,jennifer28@example.net,20,Male,Sony Xperia,2020-06-20,Billing inquiry,Data loss,Closed,Medium,Social media,03:48:00,21:57:00,2
5832,Gregory Davis,rachael51@example.com,33,Female,Xbox,2020-05-19,Billing inquiry,Installation support,Closed,Low,Phone,14:14:00,15:35:00,4
5833,Paul Hill,sean23@example.net,60,Female,LG OLED,2021-02-03,Refund request,Product compatibility,Pending Customer Response,Critical,Chat,15:13:00,,
5834,Jake Murray,robert86@example.com,45,Female,Google Pixel,2021-12-26,Product inquiry,Cancellation request,Closed,Low,Phone,12:29:00,21:27:00,5
5835,Erika Ford,benjamin16@example.net,36,Other,Canon DSLR Camera,2021-11-20,Technical issue,Delivery problem,Pending Customer Response,Critical,Email,03:46:00,,
5836,Shane Brown,patrick32@example.com,56,Male,Amazon Echo,2020-12-02,Product inquiry,Delivery problem,Pending Customer Response,Low,Social media,19:00:00,,
5840,Angela Murray,robertlopez@example.com,20,Other,Google Nest,2020-07-04,Billing inquiry,Display issue,Closed,Low,Chat,08:15:00,19:17:00,5
5841,John Davis,ryandougherty@example.net,50,Other,Dyson Vacuum Cleaner,2020-01-11,Cancellation request,Display issue,Pending Customer Response,Medium,Chat,04:30:00,,
5846,Brandon Floyd,elizabethmyers@example.com,66,Other,LG Washing Machine,2021-01-24,Product inquiry,Delivery problem,Closed,Medium,Chat,11:13:00,02:25:00,1
5847,Elizabeth Anderson,iweeks@example.com,46,Female,Fitbit Charge,2020-04-15,Technical issue,Delivery problem,Closed,Low,Social media,21:00:00,09:06:00,1
5848,Paige Williams,santosashley@example.org,21,Other,GoPro Action Camera,2020-12-11,Cancellation request,Hardware issue,Closed,Medium,Email,14:22:00,20:14:00,4
5852,Michael Morris,christinapowell@example.org,28,Male,Microsoft Office,2020-11-02,Refund request,Network problem,Closed,Medium,Chat,19:28:00,14:02:00,2
5853,Barbara Gonzales,houstonanthony@example.com,26,Female,Canon DSLR Camera,2020-02-23,Refund request,Product recommendation,Closed,Medium,Chat,11:52:00,02:25:00,3
5854,Jeremy Miller,jolsen@example.net,37,Male,Dell XPS,2020-12-05,Product inquiry,Peripheral compatibility,Closed,Medium,Phone,06:39:00,21:43:00,5
5855,Haley Hanson,craig85@example.org,56,Female,Bose SoundLink Speaker,2021-09-23,Refund request,Data loss,Closed,Critical,Social media,03:14:00,22:36:00,3
5856,Anna Rivera,bsantos@example.com,21,Other,Microsoft Office,2021-12-08,Technical issue,Data loss,Closed,High,Chat,20:15:00,04:01:00,4
5857,Teresa Contreras,jameshill@example.net,69,Male,Google Nest,2020-10-16,Refund request,Peripheral compatibility,Pending Customer Response,Low,Social media,18:16:00,,
5858,Adrienne Foley,meyerkaren@example.net,63,Male,Autodesk AutoCAD,2021-02-24,Billing inquiry,Peripheral compatibility,Pending Customer Response,Medium,Chat,00:26:00,,
5860,Isabella Lewis,cindy54@example.com,70,Other,Nintendo Switch Pro Controller,2020-05-04,Technical issue,Installation support,Closed,High,Phone,19:41:00,07:11:00,4
5862,Angel Briggs,lday@example.org,69,Female,Dyson Vacuum Cleaner,2020-06-18,Product inquiry,Product recommendation,Pending Customer Response,Critical,Social media,15:01:00,,
5863,Gerald Moore,nelsonphyllis@example.net,34,Male,Philips Hue Lights,2020-10-15,Cancellation request,Payment issue,Closed,High,Phone,09:21:00,01:57:00,4
5864,Tina Myers,jose88@example.com,50,Female,Lenovo ThinkPad,2020-05-13,Refund request,Product compatibility,Pending Customer Response,Medium,Chat,20:44:00,,
5865,Traci Montgomery,gobrien@example.com,37,Male,Sony Xperia,2020-03-17,Refund request,Software bug,Closed,High,Social media,07:29:00,00:45:00,1
5866,Mark Smith,ginabaker@example.org,19,Female,Garmin Forerunner,2021-03-31,Refund request,Software bug,Closed,Critical,Phone,13:22:00,18:14:00,4
5867,Brittany Thompson,robertkerr@example.net,57,Other,Canon EOS,2020-04-18,Refund request,Installation support,Closed,Critical,Email,21:19:00,23:10:00,1
5868,Miranda Clark,wthomas@example.net,41,Other,LG Smart TV,2021-09-29,Billing inquiry,Installation support,Closed,Low,Chat,04:23:00,15:48:00,1
5870,Dana Doyle,georgebrown@example.org,56,Other,Canon EOS,2020-09-15,Product inquiry,Delivery problem,Closed,High,Social media,13:58:00,21:05:00,1
5872,Andrew Murphy,larry43@example.org,25,Other,Autodesk AutoCAD,2020-10-02,Product inquiry,Network problem,Pending Customer Response,Medium,Email,06:52:00,,
5874,Kenneth Adkins,villamichael@example.org,38,Other,HP Pavilion,2021-05-29,Product inquiry,Payment issue,Pending Customer Response,Critical,Social media,18:08:00,,
5876,Christopher Sanchez,chenderek@example.com,48,Other,Lenovo ThinkPad,2021-11-01,Technical issue,Network problem,Closed,Medium,Social media,00:14:00,19:01:00,3
5878,Rhonda Austin,charles58@example.com,37,Other,LG Smart TV,2020-10-29,Refund request,Payment issue,Pending Customer Response,Medium,Social media,10:18:00,,
5879,Jamie Williams,vsanford@example.org,24,Female,LG Washing Machine,2021-02-20,Cancellation request,Network problem,Pending Customer Response,Low,Social media,23:23:00,,
5880,Margaret Reed,natalie96@example.net,40,Male,Samsung Galaxy,2021-11-24,Product inquiry,Cancellation request,Pending Customer Response,Medium,Phone,11:18:00,,
5882,Tara Roberts,youngelizabeth@example.net,65,Other,Asus ROG,2020-11-05,Refund request,Data loss,Pending Customer Response,Critical,Phone,05:57:00,,
5885,Kelly Jordan,yeseniaporter@example.com,19,Other,Autodesk AutoCAD,2020-09-22,Product inquiry,Cancellation request,Closed,Medium,Phone,11:15:00,16:27:00,1
5886,Michael Rodriguez,rcontreras@example.org,49,Male,Amazon Kindle,2021-02-07,Refund request,Delivery problem,Closed,Low,Chat,09:45:00,07:39:00,1
5890,Joshua Moore,rogerswilliam@example.com,48,Male,Fitbit Charge,2020-07-18,Refund request,Data loss,Closed,High,Email,12:28:00,23:19:00,1
5893,Kathleen Kelley,emilygentry@example.net,32,Male,PlayStation,2021-06-14,Product inquiry,Network problem,Closed,Low,Social media,04:14:00,21:03:00,4
5894,Matthew Moore,bryanolson@example.net,46,Other,Samsung Galaxy,2020-11-23,Product inquiry,Data loss,Pending Customer Response,Critical,Email,05:33:00,,
5895,Samuel Chen,lancechen@example.org,65,Other,Samsung Soundbar,2020-07-09,Refund request,Delivery problem,Pending Customer Response,Medium,Social media,06:24:00,,
5896,Kayla Jones,davidjenkins@example.net,60,Female,Amazon Echo,2021-06-25,Product inquiry,Hardware issue,Pending Customer Response,High,Email,14:55:00,,
5898,Amanda Lewis,laura05@example.com,48,Male,Nintendo Switch Pro Controller,2021-08-08,Refund request,Refund request,Pending Customer Response,Low,Chat,11:42:00,,
5900,Rose Cruz,comptonjeremy@example.net,65,Female,Dell XPS,2021-06-09,Product inquiry,Payment issue,Closed,High,Chat,04:16:00,19:10:00,1
5901,Kevin Bailey,benjamin21@example.com,48,Other,Amazon Kindle,2021-02-01,Cancellation request,Battery life,Pending Customer Response,Medium,Chat,09:14:00,,
5902,Christie Hartman,allenwilliam@example.org,62,Other,Garmin Forerunner,2020-10-08,Cancellation request,Cancellation request,Closed,Critical,Email,20:01:00,02:33:00,5
5903,Rebecca Bryant,vrodriguez@example.com,61,Female,Sony Xperia,2021-07-09,Billing inquiry,Product compatibility,Pending Customer Response,Critical,Phone,06:10:00,,
5904,Julie Escobar,fmartin@example.org,28,Male,Bose QuietComfort,2021-08-16,Product inquiry,Product setup,Pending Customer Response,Medium,Email,09:55:00,,
5905,Ryan Gordon,zfischer@example.net,51,Other,Microsoft Surface,2021-05-22,Billing inquiry,Product setup,Closed,Medium,Social media,01:48:00,10:54:00,4
5906,Jack Jones,fergusonlisa@example.org,47,Female,LG Smart TV,2020-03-28,Technical issue,Network problem,Pending Customer Response,Medium,Social media,15:50:00,,
5907,Jessica Buckley,bethjones@example.com,35,Other,Google Nest,2020-07-30,Cancellation request,Data loss,Pending Customer Response,High,Chat,03:38:00,,
5908,Alex Rhodes,timothymccarthy@example.org,65,Female,Sony 4K HDR TV,2020-01-07,Billing inquiry,Account access,Pending Customer Response,Critical,Phone,20:05:00,,
5910,Michael Baker,cooperjustin@example.com,56,Other,Lenovo ThinkPad,2021-06-20,Product inquiry,Product recommendation,Closed,Critical,Chat,11:09:00,14:09:00,2
5912,Michael Wells,justin79@example.net,63,Other,LG OLED,2020-09-14,Billing inquiry,Product setup,Closed,Low,Email,08:30:00,16:46:00,4
5913,Sara Cortez,kyle89@example.com,70,Female,Roomba Robot Vacuum,2020-10-13,Refund request,Product setup,Pending Customer Response,Critical,Email,00:37:00,,
5918,Jeffrey Nguyen,ricardo62@example.net,21,Female,Samsung Soundbar,2021-03-25,Technical issue,Installation support,Closed,High,Email,13:22:00,16:04:00,1
5919,Daniel Mckinney,rachaelnelson@example.com,18,Female,GoPro Hero,2021-02-22,Billing inquiry,Payment issue,Closed,Critical,Email,02:33:00,16:10:00,2
5920,Stephanie Smith,vhudson@example.com,41,Female,Nintendo Switch,2021-05-20,Technical issue,Peripheral compatibility,Closed,Critical,Social media,06:24:00,20:32:00,3
5922,Cindy Reeves,sgay@example.org,35,Other,Roomba Robot Vacuum,2021-08-16,Billing inquiry,Delivery problem,Pending Customer Response,Medium,Phone,15:26:00,,
5923,Barbara Clark,katherineoneill@example.net,46,Other,Nintendo Switch Pro Controller,2020-10-15,Refund request,Battery life,Pending Customer Response,Medium,Email,05:15:00,,
5924,Lisa Chavez,ygay@example.org,52,Male,Amazon Echo,2020-01-01,Product inquiry,Product recommendation,Pending Customer Response,Low,Chat,11:52:00,,
5925,Nancy Richards,tanner23@example.org,68,Other,Nintendo Switch Pro Controller,2021-11-29,Cancellation request,Peripheral compatibility,Pending Customer Response,Low,Phone,11:36:00,,
5929,Diana Potter,zsnyder@example.net,27,Other,Xbox,2021-07-04,Billing inquiry,Product recommendation,Pending Customer Response,High,Phone,11:24:00,,
5930,Alexander Andrade,andrea00@example.com,27,Other,Samsung Galaxy,2021-07-10,Refund request,Display issue,Closed,Low,Phone,07:35:00,06:19:00,4
5931,Thomas Brown,stephendavidson@example.net,47,Male,Garmin Forerunner,2021-09-11,Billing inquiry,Product compatibility,Closed,Low,Chat,20:09:00,22:42:00,4
5932,Anita Roberts,thomas15@example.net,38,Male,Amazon Echo,2021-12-24,Billing inquiry,Display issue,Pending Customer Response,Medium,Chat,23:46:00,,
5933,Miranda Roberts,robert52@example.com,69,Male,Philips Hue Lights,2020-12-25,Billing inquiry,Product setup,Pending Customer Response,Medium,Social media,18:38:00,,
5934,Robert Russell,vjenkins@example.com,28,Other,Samsung Soundbar,2021-02-08,Product inquiry,Data loss,Pending Customer Response,High,Chat,06:19:00,,
5937,Robert Allison,swood@example.com,25,Other,Sony Xperia,2021-05-19,Billing inquiry,Refund request,Pending Customer Response,Medium,Phone,14:56:00,,
5939,Gary Galloway,davidrivers@example.org,56,Other,Garmin Forerunner,2021-12-07,Product inquiry,Installation support,Closed,Medium,Social media,19:47:00,17:39:00,3
5940,Michael Dominguez,michaelwright@example.org,57,Female,Microsoft Office,2020-03-01,Cancellation request,Display issue,Closed,Medium,Phone,09:36:00,04:33:00,3
5942,Travis Hernandez,ifletcher@example.org,68,Other,GoPro Hero,2020-01-09,Billing inquiry,Product recommendation,Pending Customer Response,High,Email,16:15:00,,
5944,Suzanne Patton,laura40@example.org,44,Male,MacBook Pro,2020-02-03,Refund request,Cancellation request,Closed,Critical,Social media,23:48:00,16:28:00,3
5945,David Hernandez,ataylor@example.org,43,Male,Microsoft Xbox Controller,2020-09-21,Billing inquiry,Delivery problem,Closed,Critical,Chat,15:19:00,19:35:00,2
5946,Jessica Johnson,ygutierrez@example.org,24,Other,Fitbit Versa Smartwatch,2021-08-09,Technical issue,Product recommendation,Pending Customer Response,Low,Social media,04:36:00,,
5947,Kimberly Patterson,robert79@example.com,36,Other,HP Pavilion,2021-07-18,Technical issue,Refund request,Pending Customer Response,Medium,Social media,11:17:00,,
5948,Kenneth Williams,sawyerpatricia@example.org,18,Male,Amazon Echo,2020-01-22,Cancellation request,Installation support,Pending Customer Response,High,Phone,19:48:00,,
5950,Paul Parks,mikehahn@example.net,56,Male,Amazon Echo,2020-12-19,Cancellation request,Product recommendation,Closed,Medium,Email,00:48:00,03:41:00,3
5951,Miranda Cooley,samuel98@example.com,62,Male,Garmin Forerunner,2020-08-15,Billing inquiry,Battery life,Closed,Critical,Phone,07:20:00,06:22:00,4
5952,Teresa Jones,vargasjessica@example.com,46,Other,Garmin Forerunner,2021-12-25,Refund request,Network problem,Closed,High,Chat,19:53:00,22:40:00,4
5955,Julie Wells,brittany20@example.net,44,Female,Bose SoundLink Speaker,2020-08-18,Billing inquiry,Battery life,Pending Customer Response,High,Social media,18:25:00,,
5957,Brian Morton,adamatkinson@example.net,34,Other,Lenovo ThinkPad,2021-10-28,Technical issue,Network problem,Closed,High,Social media,14:51:00,18:08:00,3
5960,Leah Fernandez,atkinsonmelissa@example.net,69,Male,Asus ROG,2020-05-11,Cancellation request,Hardware issue,Closed,Low,Phone,11:13:00,06:18:00,3
5961,Scott Hahn,ealvarado@example.com,65,Other,HP Pavilion,2020-06-22,Cancellation request,Battery life,Closed,Critical,Phone,15:21:00,11:49:00,5
5962,Katie Thomas,grantmark@example.net,30,Female,LG Smart TV,2021-12-22,Billing inquiry,Installation support,Closed,Medium,Email,19:22:00,17:27:00,5
5963,Mary Porter DDS,olong@example.com,38,Female,Nikon D,2021-06-08,Technical issue,Product setup,Pending Customer Response,Medium,Email,01:35:00,,
5964,Steven Stark,tinajames@example.org,63,Male,Nest Thermostat,2021-03-26,Billing inquiry,Delivery problem,Pending Customer Response,Low,Phone,02:20:00,,
5966,Jordan Khan,amandaroberts@example.org,61,Male,Sony 4K HDR TV,2021-08-09,Cancellation request,Hardware issue,Closed,High,Chat,00:43:00,02:13:00,1
5967,Paula Anderson,summerpatterson@example.net,30,Male,Nest Thermostat,2021-03-27,Cancellation request,Installation support,Pending Customer Response,Medium,Social media,05:43:00,,
5968,Dylan King,carlaharris@example.com,49,Male,Garmin Forerunner,2020-03-28,Refund request,Data loss,Pending Customer Response,Low,Social media,22:38:00,,
5969,Janet Lewis,bperkins@example.net,59,Female,Dyson Vacuum Cleaner,2020-09-17,Technical issue,Refund request,Closed,Medium,Social media,09:38:00,13:07:00,5
5970,Lindsey Duran,raymond89@example.net,66,Male,Microsoft Xbox Controller,2021-08-26,Product inquiry,Refund request,Pending Customer Response,Critical,Email,17:03:00,,
5971,Mary Bell,hodgesnicholas@example.com,47,Male,Asus ROG,2020-10-25,Cancellation request,Account access,Closed,Low,Email,05:59:00,01:33:00,4
5973,Julie Fields,janet45@example.org,37,Female,LG Washing Machine,2021-02-08,Technical issue,Delivery problem,Closed,High,Social media,22:30:00,09:19:00,2
5974,Carol Russell,darleneryan@example.net,19,Female,iPhone,2020-04-16,Product inquiry,Peripheral compatibility,Pending Customer Response,High,Chat,16:50:00,,
5976,Brandon Joseph Jr.,petermaxwell@example.org,28,Other,Amazon Echo,2020-08-01,Refund request,Delivery problem,Pending Customer Response,High,Phone,20:11:00,,
5980,Hayden Foster,stephensonreginald@example.org,57,Other,Roomba Robot Vacuum,2021-07-14,Billing inquiry,Installation support,Closed,Critical,Phone,23:13:00,19:30:00,1
5981,Justin Ross,zacharywilson@example.net,30,Male,Amazon Echo,2021-11-16,Product inquiry,Account access,Closed,Low,Social media,06:20:00,16:24:00,4
5983,Keith Silva,wbrown@example.net,65,Female,Lenovo ThinkPad,2020-12-05,Billing inquiry,Hardware issue,Closed,Low,Chat,07:10:00,10:55:00,1
5984,Catherine James,steven52@example.net,28,Other,Asus ROG,2020-07-09,Technical issue,Peripheral compatibility,Closed,Low,Email,09:14:00,09:18:00,5
5988,Barry Myers,xball@example.org,49,Male,Nest Thermostat,2021-06-10,Refund request,Hardware issue,Pending Customer Response,Medium,Chat,08:31:00,,
5990,Dillon Marshall,emilywilliams@example.org,40,Other,Roomba Robot Vacuum,2020-04-09,Cancellation request,Cancellation request,Pending Customer Response,High,Social media,12:27:00,,
5991,Daniel Martinez,robertsonmichael@example.com,25,Male,Nintendo Switch Pro Controller,2021-02-03,Refund request,Peripheral compatibility,Closed,Low,Phone,09:01:00,11:30:00,4
5992,Johnny Mann,michaelcox@example.net,47,Other,Adobe Photoshop,2021-07-02,Technical issue,Payment issue,Closed,Medium,Phone,10:21:00,05:02:00,2
5993,Ronald Branch,tyler64@example.net,31,Male,Philips Hue Lights,2021-12-10,Billing inquiry,Network problem,Closed,High,Phone,15:17:00,10:56:00,1
5994,Bradley Hampton,gary68@example.com,24,Other,Xbox,2021-09-01,Cancellation request,Network problem,Pending Customer Response,Low,Social media,11:11:00,,
5995,Joseph Reed,wrussell@example.org,26,Other,Fitbit Versa Smartwatch,2020-01-05,Cancellation request,Installation support,Pending Customer Response,Medium,Email,09:50:00,,
5997,Victoria Simmons,washingtonchristian@example.net,70,Other,Nikon D,2021-04-01,Product inquiry,Battery life,Closed,High,Phone,04:46:00,11:16:00,2
6000,Lisa Logan,christian83@example.net,59,Other,Philips Hue Lights,2021-10-05,Cancellation request,Product setup,Pending Customer Response,Low,Email,22:59:00,,
6002,Janet Wright,patrickgordon@example.com,60,Male,Amazon Echo,2020-08-13,Product inquiry,Delivery problem,Pending Customer Response,High,Phone,15:51:00,,
6003,Juan Walsh,gallen@example.net,52,Male,LG Smart TV,2021-11-30,Technical issue,Product recommendation,Pending Customer Response,Critical,Chat,11:49:00,,
6005,Breanna Abbott,ryanlee@example.com,49,Male,Philips Hue Lights,2020-09-07,Technical issue,Battery life,Pending Customer Response,High,Social media,00:14:00,,
6006,Christopher Underwood,daniel67@example.com,30,Female,Amazon Kindle,2020-01-28,Billing inquiry,Battery life,Pending Customer Response,Medium,Chat,08:56:00,,
6007,Sara Torres,ddean@example.org,38,Female,Microsoft Surface,2021-12-01,Product inquiry,Peripheral compatibility,Pending Customer Response,Medium,Chat,11:10:00,,
6008,Andre Jones,salinaswilliam@example.net,25,Other,HP Pavilion,2020-03-16,Technical issue,Software bug,Pending Customer Response,Low,Social media,16:57:00,,
6011,Nathaniel Garrett,eric30@example.org,45,Female,Nest Thermostat,2020-02-17,Refund request,Product recommendation,Closed,Medium,Phone,01:54:00,13:38:00,4
6012,Mandy Fitzgerald,seanbuckley@example.com,33,Male,PlayStation,2020-05-16,Cancellation request,Data loss,Pending Customer Response,Critical,Phone,01:19:00,,
6013,Robin Calhoun,enorris@example.org,27,Male,LG Smart TV,2021-02-18,Refund request,Data loss,Pending Customer Response,Medium,Chat,12:10:00,,
6014,Brian Campbell,ubates@example.org,49,Female,PlayStation,2021-10-14,Refund request,Battery life,Closed,Medium,Phone,13:21:00,04:30:00,3
6017,Cynthia Moyer,dianajohnson@example.org,60,Female,Nintendo Switch Pro Controller,2021-11-16,Product inquiry,Product compatibility,Pending Customer Response,Low,Social media,21:00:00,,
6018,Donald Cross,thomassmith@example.net,37,Male,Fitbit Charge,2020-09-21,Billing inquiry,Battery life,Closed,Critical,Phone,00:49:00,08:46:00,2
6019,Nancy Roberts,hosborne@example.net,54,Other,Microsoft Office,2021-12-27,Cancellation request,Display issue,Closed,Critical,Chat,08:18:00,05:28:00,1
6020,Dr. Michael Wilson,nrhodes@example.org,44,Male,GoPro Hero,2021-12-17,Technical issue,Battery life,Pending Customer Response,Critical,Phone,03:32:00,,
6021,Todd Vaughn,djefferson@example.org,52,Female,Fitbit Versa Smartwatch,2021-08-27,Billing inquiry,Refund request,Closed,Medium,Email,03:07:00,21:10:00,2
6022,Patricia Irwin,pnguyen@example.net,57,Other,Microsoft Office,2021-05-22,Billing inquiry,Product setup,Closed,Medium,Phone,14:09:00,22:32:00,1
6023,Nicholas Rodriguez,bsmith@example.net,18,Other,Roomba Robot Vacuum,2020-05-22,Billing inquiry,Product recommendation,Closed,Low,Phone,19:10:00,11:29:00,2
6024,Sarah Finley,ericwelch@example.org,27,Male,Lenovo ThinkPad,2021-03-04,Cancellation request,Network problem,Closed,Medium,Email,05:20:00,22:23:00,2
6026,Michael Nichols,robertnguyen@example.com,69,Other,Bose SoundLink Speaker,2020-11-03,Technical issue,Cancellation request,Pending Customer Response,Critical,Phone,20:35:00,,
6027,Tyrone Howard,marqueztimothy@example.net,34,Other,Amazon Kindle,2020-09-26,Product inquiry,Cancellation request,Closed,Medium,Phone,10:21:00,08:47:00,3
6028,Maurice Horne,thomasgordon@example.org,68,Female,GoPro Hero,2020-01-07,Cancellation request,Network problem,Closed,Medium,Phone,02:50:00,09:36:00,4
6031,Lauren Jones,lmurray@example.com,59,Other,Amazon Kindle,2020-05-01,Billing inquiry,Refund request,Closed,Medium,Phone,10:33:00,06:57:00,4
6033,Christopher Sutton,vazquezwilliam@example.net,32,Other,Bose QuietComfort,2021-11-09,Product inquiry,Product setup,Closed,Critical,Email,18:54:00,11:56:00,1
6034,Tamara Nelson,blakelindsey@example.com,45,Male,Autodesk AutoCAD,2021-05-20,Product inquiry,Product compatibility,Pending Customer Response,Medium,Email,22:07:00,,
6035,Kimberly Brown,robert71@example.com,55,Other,Samsung Galaxy,2020-02-29,Technical issue,Peripheral compatibility,Closed,Critical,Chat,13:43:00,09:44:00,4
6038,Mark Odonnell,keith42@example.com,57,Other,Philips Hue Lights,2020-10-09,Product inquiry,Data loss,Pending Customer Response,Low,Email,13:55:00,,
6040,William Sanchez,xdavis@example.org,28,Male,iPhone,2020-03-26,Billing inquiry,Hardware issue,Pending Customer Response,High,Chat,19:37:00,,
6041,Richard Mcdonald,mpatterson@example.org,37,Female,LG Washing Machine,2021-08-18,Product inquiry,Product recommendation,Pending Customer Response,Medium,Phone,15:58:00,,
6043,Benjamin Mccoy,dthomas@example.com,53,Other,Canon EOS,2020-05-26,Refund request,Account access,Closed,High,Social media,17:31:00,02:08:00,1
6045,Amber Chen,hamptonandrew@example.net,50,Male,Nintendo Switch Pro Controller,2020-06-08,Refund request,Payment issue,Pending Customer Response,Critical,Social media,11:40:00,,
6046,Ryan Miller,lbrewer@example.com,63,Female,Sony 4K HDR TV,2020-06-12,Billing inquiry,Data loss,Closed,Low,Phone,14:01:00,18:10:00,2
6048,Lori Warren,charles80@example.com,50,Female,Adobe Photoshop,2021-01-13,Technical issue,Refund request,Closed,Critical,Chat,04:55:00,18:27:00,5
6049,Jessica Vincent,wmcdowell@example.net,46,Other,LG OLED,2020-01-30,Cancellation request,Hardware issue,Closed,Medium,Email,22:28:00,08:37:00,1
6051,Laura Rivera,blackmatthew@example.net,61,Female,LG OLED,2020-09-03,Cancellation request,Peripheral compatibility,Pending Customer Response,Low,Email,01:19:00,,
6052,Richard Summers,ryan58@example.org,49,Female,LG OLED,2021-07-12,Product inquiry,Payment issue,Closed,Critical,Social media,14:58:00,16:50:00,4
6053,Cheryl Fisher,xcarr@example.com,63,Other,Samsung Soundbar,2021-03-06,Product inquiry,Payment issue,Closed,Low,Email,10:53:00,21:07:00,1
6054,Jason Bradford,christopher65@example.net,65,Male,Nintendo Switch Pro Controller,2020-09-05,Billing inquiry,Product compatibility,Pending Customer Response,Medium,Phone,06:33:00,,
6055,Susan Adkins,liumatthew@example.com,26,Female,Bose SoundLink Speaker,2021-10-05,Billing inquiry,Display issue,Closed,Critical,Social media,20:21:00,03:43:00,4
6057,Stacey Franklin,bwalters@example.org,51,Male,Amazon Echo,2020-12-01,Billing inquiry,Hardware issue,Closed,Medium,Chat,21:56:00,05:34:00,5
6058,David Lin,denise95@example.com,23,Other,GoPro Hero,2021-04-04,Refund request,Refund request,Closed,Low,Social media,00:51:00,06:12:00,3
6059,Nicholas Gordon,barnesmelanie@example.org,47,Male,Amazon Echo,2021-09-12,Technical issue,Product recommendation,Closed,Low,Email,23:27:00,02:57:00,2
6060,Christine Jordan,hannahcruz@example.com,65,Female,HP Pavilion,2021-05-30,Product inquiry,Network problem,Closed,Low,Social media,07:21:00,01:55:00,2
6061,Kristin Clark,priscillamoore@example.net,69,Other,Fitbit Charge,2020-06-22,Billing inquiry,Product recommendation,Pending Customer Response,Critical,Email,17:42:00,,
6065,Roger Lambert,stephen41@example.net,43,Other,Sony Xperia,2020-11-15,Cancellation request,Peripheral compatibility,Closed,Critical,Email,11:25:00,02:08:00,1
6068,Adam Bennett,tmeyer@example.com,55,Female,Apple AirPods,2020-09-12,Product inquiry,Network problem,Pending Customer Response,Medium,Chat,01:24:00,,
6069,Anthony Brown,yfoster@example.com,67,Other,Sony 4K HDR TV,2021-10-21,Cancellation request,Hardware issue,Pending Customer Response,Medium,Phone,14:36:00,,
6072,Becky Brown,marthastark@example.org,65,Male,Philips Hue Lights,2021-01-10,Billing inquiry,Data loss,Closed,Critical,Email,05:04:00,05:27:00,3
6074,Nicole Ward,jnichols@example.net,49,Female,Canon DSLR Camera,2021-09-25,Refund request,Product compatibility,Pending Customer Response,High,Email,02:07:00,,
6076,Catherine Gomez,fulleranna@example.net,57,Male,Google Pixel,2020-04-23,Cancellation request,Payment issue,Pending Customer Response,Low,Chat,06:32:00,,
6078,Stephanie Hughes,leeandrew@example.com,41,Male,Xbox,2021-12-29,Product inquiry,Cancellation request,Closed,High,Email,04:52:00,08:36:00,1
6079,Jonathan Glover,jrussell@example.com,26,Male,Xbox,2021-06-11,Technical issue,Account access,Closed,High,Social media,00:12:00,06:31:00,1
6080,Dawn James,sean39@example.net,44,Female,Garmin Forerunner,2021-01-23,Technical issue,Cancellation request,Closed,Low,Social media,21:09:00,15:05:00,2
6082,Michele Bentley,tristanrussell@example.org,70,Other,Sony PlayStation,2020-09-08,Cancellation request,Delivery problem,Closed,Medium,Social media,19:34:00,14:12:00,1
6085,Frank Black,carlawilliams@example.org,27,Other,Bose QuietComfort,2021-05-13,Cancellation request,Account access,Closed,Medium,Social media,00:48:00,07:16:00,4
6086,Jessica Martinez,lindsay57@example.net,54,Other,Nintendo Switch,2021-08-19,Billing inquiry,Peripheral compatibility,Pending Customer Response,Medium,Social media,18:34:00,,
6087,Patty Thomas,vkim@example.com,34,Female,Nikon D,2021-08-21,Product inquiry,Account access,Closed,Medium,Social media,05:24:00,02:00:00,4
6089,Richard Contreras,garrettjessica@example.net,25,Other,Bose SoundLink Speaker,2020-08-09,Refund request,Software bug,Closed,Medium,Social media,04:07:00,00:39:00,3
6091,Richard Keller,christopherberger@example.net,32,Other,LG Washing Machine,2020-09-12,Refund request,Cancellation request,Pending Customer Response,Medium,Phone,17:04:00,,
6093,Mrs. Stephanie Mora PhD,virginiaferguson@example.net,61,Other,Dell XPS,2020-03-08,Refund request,Cancellation request,Pending Customer Response,Low,Phone,13:50:00,,
6096,Carol Wilson,fosterlinda@example.org,62,Female,GoPro Action Camera,2020-07-15,Refund request,Product setup,Closed,Medium,Social media,20:58:00,13:16:00,3
6098,Carol Norris,lisaarcher@example.net,42,Male,GoPro Action Camera,2021-07-22,Technical issue,Delivery problem,Closed,Critical,Chat,08:10:00,17:14:00,2
6099,Vickie Johnson,steven40@example.org,47,Male,Sony Xperia,2021-01-28,Billing inquiry,Display issue,Closed,High,Social media,16:49:00,17:14:00,1
6100,Laura Cook,khernandez@example.com,20,Male,Nintendo Switch,2020-02-23,Billing inquiry,Cancellation request,Pending Customer Response,High,Chat,03:33:00,,
6102,Amy Ward,adrianpatrick@example.net,63,Male,Amazon Kindle,2021-03-22,Product inquiry,Payment issue,Closed,Critical,Social media,18:03:00,23:52:00,4
6103,Kristin Fitzgerald,michelleortega@example.com,35,Female,Nest Thermostat,2021-01-03,Refund request,Payment issue,Pending Customer Response,Medium,Social media,09:22:00,,
6106,George Johnson,suttonjames@example.net,64,Female,Google Nest,2021-09-13,Refund request,Data loss,Closed,Critical,Phone,21:01:00,20:09:00,4
6107,Karen Williams,thomasrivera@example.net,23,Male,Nikon D,2020-03-29,Billing inquiry,Cancellation request,Closed,High,Social media,01:31:00,02:15:00,2
6109,Daniel Barber,matthewpeterson@example.com,42,Male,Asus ROG,2020-04-09,Billing inquiry,Refund request,Pending Customer Response,Medium,Chat,01:42:00,,
6111,Joseph Donaldson,lori22@example.org,64,Other,Adobe Photoshop,2021-12-14,Product inquiry,Refund request,Closed,Critical,Social media,21:19:00,14:41:00,3
6112,Laura Sanchez,amandaolsen@example.com,44,Other,Nest Thermostat,2020-10-22,Technical issue,Installation support,Closed,Medium,Social media,04:44:00,11:07:00,5
6115,Cynthia Smith,douglas84@example.com,38,Female,Microsoft Xbox Controller,2021-11-25,Product inquiry,Product setup,Pending Customer Response,Medium,Phone,21:54:00,,
6116,Victor Todd,nelsonroy@example.com,41,Male,Xbox,2020-09-28,Refund request,Software bug,Closed,High,Phone,05:10:00,23:50:00,2
6117,Maria Raymond,melissa81@example.com,55,Female,Canon EOS,2020-10-18,Billing inquiry,Payment issue,Closed,Medium,Social media,23:04:00,07:42:00,1
6118,Joseph Copeland,urice@example.com,31,Male,LG Smart TV,2021-05-09,Product inquiry,Product recommendation,Pending Customer Response,High,Social media,07:40:00,,
6122,Matthew Berg,millerkevin@example.net,60,Female,Samsung Galaxy,2020-07-21,Technical issue,Data loss,Closed,High,Chat,02:01:00,11:24:00,3
6123,Jamie Phelps,debragarcia@example.com,23,Female,Bose SoundLink Speaker,2020-03-06,Product inquiry,Payment issue,Closed,Critical,Email,18:02:00,15:56:00,2
6124,Kenneth Johnson,tina63@example.com,24,Other,PlayStation,2020-10-20,Product inquiry,Product recommendation,Pending Customer Response,High,Chat,13:50:00,,
6125,Brian Frey,george09@example.com,36,Other,LG OLED,2020-10-29,Refund request,Display issue,Closed,Low,Social media,18:56:00,03:52:00,3
6130,Miss Linda Thornton,timothyhernandez@example.com,51,Female,Adobe Photoshop,2021-12-29,Technical issue,Installation support,Closed,High,Social media,08:05:00,02:27:00,5
6132,Amber Hernandez,katherine24@example.org,35,Female,GoPro Hero,2021-08-31,Refund request,Data loss,Pending Customer Response,Medium,Chat,03:45:00,,
6133,Tina Washington,philip89@example.org,45,Other,Roomba Robot Vacuum,2021-11-05,Cancellation request,Account access,Closed,Critical,Email,21:50:00,02:41:00,1
6135,Matthew Cox,robertskelsey@example.com,62,Male,Bose QuietComfort,2020-01-09,Billing inquiry,Product setup,Closed,Low,Social media,01:52:00,07:15:00,3
6136,Scott Cain DVM,casey27@example.org,49,Male,Fitbit Charge,2021-03-22,Product inquiry,Product recommendation,Closed,High,Social media,19:32:00,18:31:00,3
6138,Scott Riddle,jgardner@example.com,23,Other,Samsung Soundbar,2021-11-05,Cancellation request,Hardware issue,Pending Customer Response,Low,Email,09:49:00,,
6139,Richard Obrien,bakerronald@example.org,29,Female,Fitbit Versa Smartwatch,2021-03-19,Refund request,Battery life,Pending Customer Response,Medium,Chat,01:01:00,,
6141,Jenna Reese,daniel45@example.net,30,Other,Fitbit Versa Smartwatch,2020-12-30,Technical issue,Network problem,Closed,High,Email,04:43:00,08:05:00,1
6143,Jennifer Villegas,paulastephens@example.com,35,Other,GoPro Hero,2020-10-25,Cancellation request,Hardware issue,Closed,Low,Phone,01:11:00,23:33:00,3
6146,Jennifer Marks,uryan@example.org,66,Other,Sony PlayStation,2020-05-03,Technical issue,Display issue,Closed,Low,Social media,21:51:00,16:37:00,1
6147,Jordan Rodriguez MD,davidpowers@example.com,34,Male,Garmin Forerunner,2021-02-08,Technical issue,Product recommendation,Pending Customer Response,Critical,Phone,03:49:00,,
6149,Felicia Stanton,jacobking@example.org,18,Female,LG Washing Machine,2021-05-11,Technical issue,Product setup,Closed,Low,Social media,00:13:00,18:54:00,4
6151,Kevin Nicholson,aaron89@example.net,18,Male,Samsung Galaxy,2021-01-03,Refund request,Data loss,Closed,Medium,Email,04:55:00,00:03:00,4
6152,Cody Wright,pellis@example.org,34,Female,Xbox,2020-01-24,Product inquiry,Battery life,Pending Customer Response,High,Social media,09:21:00,,
6153,Bradley Wilcox,michael58@example.net,65,Female,Sony 4K HDR TV,2021-05-16,Cancellation request,Hardware issue,Closed,Critical,Email,20:24:00,14:36:00,3
6154,Sarah Whitaker,colechristopher@example.com,57,Other,Philips Hue Lights,2020-03-01,Technical issue,Network problem,Closed,High,Phone,01:41:00,14:20:00,4
6155,Brandy Jones,jacob51@example.com,44,Other,Microsoft Office,2021-05-04,Billing inquiry,Product compatibility,Closed,Low,Chat,00:49:00,04:26:00,4
6157,Robert Wright,thomaskelly@example.net,20,Male,Adobe Photoshop,2021-11-17,Refund request,Cancellation request,Closed,Medium,Chat,03:25:00,06:20:00,2
6158,Alexander Gonzales,vmorales@example.org,59,Other,Nest Thermostat,2020-09-16,Product inquiry,Product recommendation,Closed,High,Email,04:31:00,13:25:00,4
6159,Andrew Dougherty,fletchersteven@example.com,34,Other,Amazon Kindle,2021-05-21,Technical issue,Refund request,Closed,Critical,Chat,00:29:00,13:17:00,4
6160,Lisa Green,ssosa@example.com,41,Male,Dell XPS,2020-09-09,Technical issue,Product compatibility,Pending Customer Response,High,Email,20:18:00,,
6162,Brad Harris,michaelmartin@example.org,32,Other,Canon EOS,2020-01-10,Technical issue,Payment issue,Pending Customer Response,Medium,Chat,21:19:00,,
6164,Eric Lopez,josewalsh@example.org,38,Female,Adobe Photoshop,2021-12-03,Refund request,Data loss,Pending Customer Response,Low,Social media,06:02:00,,
6165,Deborah Johnson,kimberlyadams@example.net,40,Male,Fitbit Versa Smartwatch,2021-08-07,Technical issue,Network problem,Pending Customer Response,Medium,Phone,21:12:00,,
6166,Stephen Lopez,lauradavis@example.net,62,Other,Samsung Galaxy,2020-10-13,Technical issue,Cancellation request,Closed,High,Chat,00:50:00,16:56:00,5
6167,Sabrina Frank,zray@example.org,45,Female,Philips Hue Lights,2020-08-07,Billing inquiry,Product recommendation,Pending Customer Response,Critical,Phone,19:04:00,,
6168,David Garcia,marsheduardo@example.net,42,Other,Roomba Robot Vacuum,2021-11-24,Refund request,Installation support,Closed,High,Email,03:58:00,19:34:00,2
6169,Darrell Carroll,carlabrown@example.org,33,Other,Adobe Photoshop,2020-11-25,Product inquiry,Product compatibility,Closed,High,Phone,14:12:00,11:32:00,1
6170,Angela Miller,cwu@example.org,41,Male,LG Washing Machine,2021-06-30,Product inquiry,Installation support,Pending Customer Response,Medium,Social media,21:52:00,,
6172,Taylor Koch,debbiewalker@example.org,59,Female,Xbox,2021-04-21,Product inquiry,Account access,Pending Customer Response,Medium,Phone,07:19:00,,
6173,Walter Kirk,qvazquez@example.net,36,Male,Roomba Robot Vacuum,2020-10-07,Refund request,Display issue,Pending Customer Response,Low,Email,06:10:00,,
6174,Betty Maldonado,romerobrian@example.org,25,Female,Sony PlayStation,2021-12-07,Refund request,Product compatibility,Closed,Medium,Email,06:34:00,23:58:00,4
6175,Kelsey Hurst,kellerjennifer@example.com,53,Male,Xbox,2020-03-29,Technical issue,Product recommendation,Closed,Critical,Social media,10:37:00,10:59:00,5
6177,Isaiah Lawrence,jaclyn83@example.net,26,Other,Amazon Kindle,2021-10-01,Billing inquiry,Peripheral compatibility,Closed,Medium,Chat,19:29:00,23:28:00,4
6178,Stacey Simpson,rross@example.org,55,Other,Samsung Soundbar,2020-04-07,Cancellation request,Software bug,Closed,Low,Chat,23:49:00,12:26:00,5
6179,Karen Hill,cory75@example.org,38,Female,Dyson Vacuum Cleaner,2021-04-22,Cancellation request,Product recommendation,Pending Customer Response,Critical,Social media,12:25:00,,
6180,John Moore,kurt86@example.com,24,Other,Fitbit Versa Smartwatch,2021-09-24,Cancellation request,Data loss,Pending Customer Response,Medium,Phone,06:29:00,,
6182,Brian Lee,kjames@example.net,21,Female,Sony 4K HDR TV,2021-02-21,Cancellation request,Display issue,Closed,High,Phone,06:25:00,09:43:00,3
6184,Pedro Bird,jacquelinenelson@example.com,37,Other,Canon DSLR Camera,2021-09-01,Refund request,Delivery problem,Pending Customer Response,Critical,Email,07:13:00,,
6185,Cynthia Davis,morganjohn@example.net,22,Other,Samsung Galaxy,2020-01-02,Cancellation request,Data loss,Closed,High,Email,11:15:00,18:42:00,1
6187,Rebecca Hall,hallpatrick@example.com,26,Female,Microsoft Surface,2021-10-02,Technical issue,Refund request,Closed,High,Email,07:01:00,02:32:00,2
6188,Philip Randall,mallen@example.com,56,Female,LG Washing Machine,2021-09-23,Billing inquiry,Product setup,Closed,Medium,Email,21:51:00,17:14:00,1
6193,Craig Gomez,rachelhamilton@example.net,33,Male,Dell XPS,2021-08-31,Product inquiry,Data loss,Pending Customer Response,Critical,Social media,09:11:00,,
6194,Russell Martinez,huntercastro@example.org,69,Male,Sony Xperia,2021-08-08,Technical issue,Network problem,Closed,Low,Social media,01:32:00,23:33:00,3
6196,Robert Garrett,anthony89@example.net,28,Male,iPhone,2020-07-28,Refund request,Product recommendation,Closed,High,Social media,03:18:00,02:03:00,1
6197,Jennifer Ortiz,toddmoreno@example.net,47,Male,Dell XPS,2021-07-23,Cancellation request,Account access,Closed,Critical,Phone,04:08:00,14:43:00,5
6198,Taylor Ramirez,stephen30@example.com,22,Female,Nikon D,2020-05-25,Refund request,Product setup,Closed,High,Phone,14:08:00,09:22:00,4
6199,Lucas Johnson,zacharylopez@example.net,39,Female,Dyson Vacuum Cleaner,2021-05-28,Refund request,Peripheral compatibility,Closed,High,Email,00:47:00,05:50:00,2
6201,Sabrina Armstrong,meghanpratt@example.org,23,Female,Dell XPS,2020-08-23,Technical issue,Network problem,Closed,High,Phone,15:46:00,00:01:00,2
6202,Susan Bennett,elizabethandersen@example.com,43,Female,Roomba Robot Vacuum,2021-07-16,Refund request,Payment issue,Closed,Critical,Social media,09:48:00,01:26:00,5
6204,Robert Rogers,wrivera@example.com,51,Other,Fitbit Versa Smartwatch,2021-02-16,Billing inquiry,Cancellation request,Closed,Critical,Email,00:54:00,11:00:00,5
6205,Danielle Dean,jesse31@example.net,67,Female,Microsoft Xbox Controller,2021-03-17,Technical issue,Product setup,Closed,High,Email,02:23:00,08:00:00,2
6206,Michelle Barrett,hubbardjohn@example.net,70,Male,Sony PlayStation,2021-12-09,Cancellation request,Product compatibility,Pending Customer Response,Critical,Chat,09:49:00,,
6208,Anthony Adams,uschwartz@example.org,65,Male,Amazon Echo,2020-07-14,Billing inquiry,Cancellation request,Pending Customer Response,Low,Phone,07:19:00,,
6209,Ashley Ramsey,kathleennewman@example.net,51,Other,Amazon Echo,2021-10-13,Billing inquiry,Hardware issue,Pending Customer Response,Critical,Chat,10:07:00,,
6210,Mrs. Jamie Mendez DDS,ruizadam@example.net,50,Male,Sony PlayStation,2020-11-19,Billing inquiry,Software bug,Pending Customer Response,High,Phone,18:24:00,,
6211,Edwin Thomas,matthewthomas@example.net,24,Female,Lenovo ThinkPad,2020-12-01,Cancellation request,Network problem,Pending Customer Response,Critical,Social media,12:00:00,,
6212,Christina Stevens,kevin17@example.net,36,Female,Sony Xperia,2020-09-26,Technical issue,Refund request,Closed,Low,Email,22:39:00,06:14:00,2
6213,Charles Sandoval,matthewterry@example.com,40,Other,Dyson Vacuum Cleaner,2020-05-01,Product inquiry,Data loss,Pending Customer Response,Critical,Email,04:37:00,,
6214,Clifford Frey MD,jerryharmon@example.com,51,Male,Samsung Soundbar,2021-09-17,Cancellation request,Delivery problem,Pending Customer Response,Critical,Social media,13:01:00,,
6216,Andrew Baker,kennedydustin@example.com,34,Female,Autodesk AutoCAD,2021-08-01,Billing inquiry,Product recommendation,Pending Customer Response,Medium,Phone,02:35:00,,
6217,Becky Torres,kennethstanley@example.net,31,Male,iPhone,2021-01-10,Cancellation request,Refund request,Closed,Critical,Email,00:15:00,12:18:00,1
6219,Alisha Vazquez,zallen@example.com,67,Male,Sony Xperia,2020-09-27,Billing inquiry,Cancellation request,Pending Customer Response,Critical,Social media,20:35:00,,
6220,Amanda Robertson,sharris@example.net,60,Female,Canon EOS,2021-06-27,Cancellation request,Account access,Closed,Medium,Phone,07:52:00,07:31:00,3
6223,Alfred Williams,joseph18@example.net,53,Male,Roomba Robot Vacuum,2021-07-04,Technical issue,Battery life,Pending Customer Response,Medium,Email,12:37:00,,
6225,James Butler,millereileen@example.org,65,Female,Sony 4K HDR TV,2021-11-17,Product inquiry,Software bug,Pending Customer Response,Critical,Phone,07:05:00,,
6226,Larry Watts,samantha67@example.com,51,Other,Fitbit Versa Smartwatch,2021-12-25,Refund request,Product recommendation,Pending Customer Response,Medium,Social media,09:17:00,,
6227,John Price,steven33@example.com,38,Male,Autodesk AutoCAD,2021-12-21,Technical issue,Hardware issue,Pending Customer Response,Critical,Email,03:04:00,,
6229,John Green,brownmichael@example.net,35,Other,Canon EOS,2021-07-05,Billing inquiry,Battery life,Pending Customer Response,Low,Email,22:41:00,,
6230,Sarah Reed,hyoder@example.org,51,Other,Apple AirPods,2020-02-19,Cancellation request,Installation support,Pending Customer Response,Medium,Social media,23:19:00,,
6233,Carol Mcintosh,robinsonroberta@example.com,63,Female,Sony PlayStation,2020-10-24,Cancellation request,Payment issue,Pending Customer Response,Medium,Chat,12:33:00,,
6234,Amy Mills,singhjohn@example.org,56,Male,Dyson Vacuum Cleaner,2020-04-04,Product inquiry,Hardware issue,Closed,Critical,Social media,11:56:00,16:44:00,2
6236,Samantha Hill,jim06@example.net,48,Female,Sony 4K HDR TV,2021-11-06,Billing inquiry,Account access,Pending Customer Response,Low,Email,03:37:00,,
6237,Mark Lewis,jasonnixon@example.com,52,Other,PlayStation,2021-11-27,Refund request,Battery life,Closed,High,Social media,20:43:00,07:58:00,2
6241,Gloria Carney,kimberlymullins@example.org,31,Male,Canon DSLR Camera,2021-02-01,Cancellation request,Refund request,Closed,Critical,Chat,16:19:00,13:51:00,4
6242,Donna Robinson,youngbenjamin@example.net,34,Other,Google Nest,2021-06-14,Technical issue,Software bug,Closed,Critical,Social media,04:41:00,12:22:00,4
6243,Christopher Thompson,billysalinas@example.com,53,Male,LG Smart TV,2021-07-02,Refund request,Network problem,Closed,Medium,Social media,01:44:00,19:26:00,5
6245,Amanda Garrett,mooreryan@example.org,41,Male,LG OLED,2020-11-29,Product inquiry,Hardware issue,Pending Customer Response,Critical,Chat,19:35:00,,
6247,Phillip Perry,ritagray@example.org,69,Female,Asus ROG,2021-10-06,Technical issue,Cancellation request,Closed,High,Social media,08:26:00,02:45:00,2
6248,James Moses,melissaroberts@example.org,68,Female,iPhone,2021-10-12,Cancellation request,Display issue,Closed,Low,Chat,12:44:00,23:11:00,4
6249,Melissa Clark,kellernancy@example.com,64,Other,Fitbit Charge,2021-01-27,Refund request,Installation support,Closed,Critical,Email,13:20:00,20:20:00,4
6250,Lindsay Owens,cannonbryan@example.org,25,Male,Lenovo ThinkPad,2020-07-24,Refund request,Refund request,Pending Customer Response,High,Email,13:47:00,,
6251,Rhonda Harvey,browningjessica@example.net,57,Female,MacBook Pro,2021-04-07,Billing inquiry,Product recommendation,Closed,Critical,Social media,04:33:00,09:49:00,3
6253,Michael White,juliedillon@example.com,28,Female,Canon EOS,2020-12-15,Cancellation request,Software bug,Closed,Low,Email,05:58:00,22:54:00,5
6254,Eric Ponce,andrea57@example.com,44,Other,Google Pixel,2021-05-22,Technical issue,Software bug,Closed,High,Phone,02:47:00,10:37:00,3
6256,Amanda Smith,dawngalvan@example.net,61,Female,LG OLED,2021-07-20,Cancellation request,Network problem,Closed,Low,Email,18:07:00,21:20:00,4
6261,Richard Ferguson,hortonjoshua@example.org,19,Female,HP Pavilion,2020-10-01,Product inquiry,Network problem,Closed,Medium,Phone,22:13:00,15:38:00,2
6262,Nicole Scott,freemanaaron@example.com,70,Other,Canon EOS,2021-05-22,Technical issue,Battery life,Closed,High,Social media,14:30:00,01:56:00,5
6263,Carrie Greer,angela91@example.com,19,Female,LG Smart TV,2021-07-17,Billing inquiry,Delivery problem,Closed,Critical,Phone,23:53:00,02:17:00,2
6265,Devin Hodges,carnold@example.org,35,Male,Adobe Photoshop,2021-11-07,Refund request,Product compatibility,Closed,High,Email,08:58:00,17:08:00,1
6266,Daniel Hunt,thompsonbrent@example.com,64,Other,Xbox,2021-10-05,Refund request,Peripheral compatibility,Pending Customer Response,Low,Phone,07:36:00,,
6267,Melissa Kirby,marywalker@example.net,70,Male,Microsoft Xbox Controller,2021-08-08,Refund request,Product recommendation,Closed,High,Social media,13:24:00,08:42:00,4
6268,Kristy Fernandez,hparker@example.com,48,Male,GoPro Hero,2020-05-22,Refund request,Payment issue,Closed,Low,Social media,18:06:00,05:26:00,3
6270,Justin Barnett,chelsea47@example.org,60,Male,Dyson Vacuum Cleaner,2020-05-29,Product inquiry,Installation support,Pending Customer Response,Low,Email,15:22:00,,
6273,Daniel Sharp,dale77@example.com,48,Other,Adobe Photoshop,2021-01-28,Technical issue,Software bug,Pending Customer Response,High,Email,04:11:00,,
6274,Lisa Clark,wlopez@example.org,55,Male,Roomba Robot Vacuum,2020-08-02,Cancellation request,Hardware issue,Pending Customer Response,High,Phone,10:08:00,,
6275,Robin Phelps,michael34@example.org,62,Other,LG OLED,2020-11-14,Billing inquiry,Software bug,Closed,High,Social media,06:29:00,19:21:00,4
6276,Ashley Roberts,ocox@example.org,63,Female,PlayStation,2020-11-21,Product inquiry,Refund request,Closed,Critical,Social media,10:23:00,19:20:00,1
6278,Michael Blanchard,lbarker@example.com,22,Other,Canon DSLR Camera,2021-12-30,Billing inquiry,Delivery problem,Closed,Critical,Social media,04:59:00,23:30:00,2
6279,Shannon Perez,thomas58@example.org,21,Female,LG Smart TV,2020-10-29,Refund request,Peripheral compatibility,Closed,Critical,Social media,22:47:00,09:12:00,3
6281,Brian Sanders,rtorres@example.com,29,Female,Autodesk AutoCAD,2020-03-21,Product inquiry,Data loss,Closed,High,Email,09:53:00,09:51:00,5
6283,Jennifer Rodriguez,aleonard@example.net,40,Other,MacBook Pro,2020-04-25,Billing inquiry,Refund request,Closed,Critical,Chat,21:51:00,11:05:00,2
6285,Joshua Obrien,zcalderon@example.net,27,Female,Nest Thermostat,2020-08-02,Refund request,Display issue,Pending Customer Response,Low,Email,09:38:00,,
6286,Andrew Lester,wwolf@example.net,39,Other,Nikon D,2020-04-12,Refund request,Cancellation request,Pending Customer Response,Critical,Phone,19:01:00,,
6287,Dennis Dillon,jacqueline50@example.net,23,Other,Nest Thermostat,2021-10-26,Product inquiry,Peripheral compatibility,Closed,Low,Social media,05:39:00,17:59:00,1
6289,Jasmine Everett,robert58@example.com,33,Female,GoPro Hero,2021-07-09,Cancellation request,Product setup,Pending Customer Response,Medium,Email,11:46:00,,
6291,Darlene Armstrong,terryjessica@example.net,53,Male,Lenovo ThinkPad,2021-11-17,Product inquiry,Software bug,Closed,Low,Chat,21:51:00,00:56:00,5
6293,Christina Wheeler,alexanderthomas@example.com,48,Female,Garmin Forerunner,2020-04-16,Refund request,Installation support,Closed,High,Chat,09:38:00,23:33:00,5
6294,Blake Adams,graceprice@example.org,66,Female,Xbox,2021-06-09,Product inquiry,Peripheral compatibility,Closed,Medium,Social media,06:24:00,16:13:00,1
6295,Lisa Bauer,kendramccormick@example.org,34,Female,LG Smart TV,2021-02-02,Cancellation request,Data loss,Pending Customer Response,Critical,Social media,07:21:00,,
6297,Janet Johnson,jesselewis@example.org,61,Male,LG OLED,2020-03-31,Product inquiry,Installation support,Closed,Critical,Email,18:16:00,13:07:00,3
6299,Tiffany Cortez,melanie00@example.com,27,Male,Samsung Soundbar,2021-06-08,Cancellation request,Delivery problem,Pending Customer Response,Medium,Email,02:48:00,,
6300,Kathleen Glenn,watsonryan@example.com,34,Female,Dyson Vacuum Cleaner,2021-08-02,Cancellation request,Payment issue,Closed,High,Chat,22:29:00,13:14:00,1
6301,David Anderson,swiggins@example.net,53,Other,Bose SoundLink Speaker,2020-04-14,Billing inquiry,Product recommendation,Pending Customer Response,Medium,Chat,12:50:00,,
6302,William Hicks,owencynthia@example.com,59,Male,Microsoft Surface,2021-07-18,Refund request,Product recommendation,Pending Customer Response,Critical,Phone,17:57:00,,
6304,Kimberly Long,moorerobert@example.org,21,Male,PlayStation,2021-03-27,Refund request,Account access,Pending Customer Response,High,Chat,01:23:00,,
6305,Kellie Park,kenneth73@example.org,47,Female,Microsoft Office,2021-02-27,Product inquiry,Delivery problem,Closed,Critical,Chat,06:35:00,05:48:00,2
6307,Shannon Bishop,christopherchristensen@example.org,21,Male,Fitbit Charge,2020-07-28,Billing inquiry,Data loss,Pending Customer Response,Low,Email,16:47:00,,
6308,Julie Sanford,gedwards@example.org,24,Female,Microsoft Xbox Controller,2020-08-29,Refund request,Cancellation request,Pending Customer Response,Critical,Chat,19:28:00,,
6310,Michael Bradley,julie87@example.org,57,Other,Microsoft Office,2021-09-13,Billing inquiry,Network problem,Closed,Medium,Social media,14:39:00,14:51:00,3
6311,Susan Warner,vchaney@example.org,35,Male,Bose SoundLink Speaker,2020-09-24,Cancellation request,Data loss,Closed,Medium,Email,16:53:00,02:17:00,4
6312,Jonathan Farrell,vcole@example.org,28,Other,LG Smart TV,2021-06-09,Refund request,Product recommendation,Closed,Critical,Chat,11:53:00,23:10:00,3
6313,Dorothy Parks,danielwalker@example.net,64,Female,Adobe Photoshop,2020-02-29,Refund request,Product recommendation,Pending Customer Response,Low,Phone,08:54:00,,
6316,Ann Molina,fchang@example.com,32,Other,Canon EOS,2021-10-24,Billing inquiry,Display issue,Closed,Low,Social media,18:24:00,01:49:00,2
6317,Amy Norton,christinaoliver@example.com,54,Female,Sony 4K HDR TV,2021-08-09,Technical issue,Delivery problem,Pending Customer Response,High,Email,16:38:00,,
6318,Kimberly Rodriguez,ashleyponce@example.com,23,Female,HP Pavilion,2020-01-31,Billing inquiry,Software bug,Pending Customer Response,Low,Email,17:34:00,,
6319,Mackenzie Owen,nicolematthews@example.com,67,Male,Dell XPS,2021-09-04,Product inquiry,Payment issue,Pending Customer Response,Critical,Social media,05:35:00,,
6320,Michael Ruiz,larsonchristine@example.net,32,Male,Sony Xperia,2021-08-18,Technical issue,Product compatibility,Pending Customer Response,Medium,Email,18:52:00,,
6321,Paula Simon,mmontgomery@example.net,20,Male,Fitbit Charge,2021-12-24,Refund request,Display issue,Pending Customer Response,High,Email,17:06:00,,
6323,Ryan Curtis,ingramchristopher@example.com,59,Female,Philips Hue Lights,2021-08-24,Billing inquiry,Product recommendation,Closed,Critical,Chat,14:05:00,06:43:00,1
6324,Robin Vaughn,xprince@example.org,31,Other,Nest Thermostat,2020-04-08,Cancellation request,Peripheral compatibility,Closed,Critical,Social media,08:11:00,22:58:00,5
6325,Marco Walker,falexander@example.org,32,Other,Sony 4K HDR TV,2020-02-07,Billing inquiry,Battery life,Closed,Low,Social media,00:06:00,02:40:00,5
6326,Suzanne Potter,michaelsmith@example.net,62,Female,LG Smart TV,2021-11-14,Product inquiry,Display issue,Pending Customer Response,Low,Email,17:26:00,,
6329,Daniel Diaz,matthewpeterson@example.org,19,Other,Bose QuietComfort,2021-07-23,Refund request,Product compatibility,Closed,Low,Chat,08:28:00,20:25:00,1
6330,Joshua Valdez,johnwilliams@example.com,34,Male,LG Smart TV,2021-07-22,Refund request,Hardware issue,Closed,Critical,Email,00:24:00,12:53:00,3
6332,Eric Green,jcarrillo@example.com,59,Male,Apple AirPods,2020-09-21,Billing inquiry,Cancellation request,Pending Customer Response,Medium,Email,14:04:00,,
6333,Brooke Miller,jessica71@example.net,41,Female,GoPro Action Camera,2021-11-23,Technical issue,Cancellation request,Closed,Low,Email,09:10:00,00:30:00,5
6334,Geoffrey Little,jesse59@example.com,50,Male,LG Smart TV,2020-08-14,Product inquiry,Data loss,Closed,Medium,Social media,01:07:00,10:53:00,3
6335,Phyllis Mcclain,mikechavez@example.com,21,Female,Sony 4K HDR TV,2021-12-16,Refund request,Hardware issue,Pending Customer Response,Medium,Email,04:33:00,,
6336,Daniel Jones,bmiller@example.org,52,Female,Dell XPS,2020-10-21,Billing inquiry,Product setup,Closed,High,Chat,03:25:00,02:23:00,5
6337,Christopher Choi,hernandezolivia@example.net,38,Other,Microsoft Surface,2020-06-03,Cancellation request,Product setup,Closed,Critical,Social media,05:38:00,23:35:00,1
6338,Erin Stewart,jmassey@example.org,38,Female,Microsoft Surface,2020-05-17,Refund request,Installation support,Closed,Critical,Email,09:38:00,15:04:00,1
6340,Jenny Romero,eugene25@example.org,51,Other,LG Smart TV,2020-03-22,Technical issue,Refund request,Pending Customer Response,Critical,Chat,17:09:00,,
6341,Alexandra Robinson,bethanystark@example.org,36,Male,Microsoft Surface,2020-12-20,Cancellation request,Display issue,Pending Customer Response,Critical,Social media,22:42:00,,
6342,Brenda Garcia,ywilson@example.net,30,Other,Google Nest,2020-05-12,Refund request,Peripheral compatibility,Closed,Medium,Email,11:17:00,16:58:00,1
6343,Ryan Gonzalez,jenniferwilson@example.com,53,Female,Lenovo ThinkPad,2020-01-17,Refund request,Software bug,Closed,Medium,Email,01:46:00,12:32:00,2
6344,Shawn Silva,bjohnson@example.org,24,Female,Adobe Photoshop,2021-01-01,Technical issue,Hardware issue,Pending Customer Response,Low,Chat,04:45:00,,
6345,Chad Jackson,dianaking@example.org,27,Other,Philips Hue Lights,2021-10-04,Technical issue,Delivery problem,Closed,Medium,Phone,10:17:00,13:26:00,3
6346,Christina Leonard,carterjessica@example.org,59,Other,Garmin Forerunner,2021-10-25,Product inquiry,Battery life,Pending Customer Response,Medium,Chat,22:03:00,,
6348,Caleb Thompson,tnguyen@example.com,62,Female,Sony 4K HDR TV,2021-05-15,Billing inquiry,Network problem,Closed,Low,Email,16:45:00,15:27:00,1
6350,Todd Bonilla,frenchroger@example.net,29,Male,Microsoft Office,2021-12-29,Technical issue,Peripheral compatibility,Closed,High,Chat,15:15:00,19:11:00,5
6351,Brian Waters,bridgeszachary@example.net,51,Female,Google Pixel,2020-06-14,Cancellation request,Product setup,Pending Customer Response,Medium,Email,16:24:00,,
6352,Thomas Bennett,ievans@example.org,53,Female,LG Washing Machine,2020-12-15,Refund request,Battery life,Closed,Critical,Chat,03:45:00,18:58:00,1
6354,David Conner PhD,emilyobrien@example.org,63,Male,Xbox,2021-06-09,Billing inquiry,Refund request,Pending Customer Response,Medium,Email,10:29:00,,
6355,Victoria Johnson,ewalker@example.org,28,Other,Nest Thermostat,2020-03-08,Billing inquiry,Account access,Closed,Medium,Phone,21:01:00,17:10:00,2
6356,Robert Moore,pburton@example.org,34,Other,Nikon D,2020-05-08,Billing inquiry,Delivery problem,Pending Customer Response,Critical,Phone,22:58:00,,
6358,Ashley Neal,taylor05@example.com,68,Other,Sony 4K HDR TV,2020-05-27,Billing inquiry,Installation support,Pending Customer Response,High,Phone,01:02:00,,
6360,Barbara Carrillo,douglas50@example.org,24,Male,Bose SoundLink Speaker,2021-10-06,Product inquiry,Software bug,Pending Customer Response,Medium,Email,00:33:00,,
6363,Reginald Rodriguez,shannonmueller@example.net,22,Male,PlayStation,2021-03-27,Technical issue,Payment issue,Closed,Medium,Chat,04:50:00,09:10:00,3
6364,Kimberly Johnson,freemanmax@example.org,18,Female,HP Pavilion,2021-06-26,Billing inquiry,Product setup,Closed,Medium,Email,04:12:00,08:13:00,2
6366,Cindy Huynh,timothyjohnson@example.com,22,Female,Apple AirPods,2020-10-02,Billing inquiry,Payment issue,Closed,Critical,Chat,18:54:00,20:51:00,2
6368,Christine Brown,torressandra@example.com,55,Other,Bose QuietComfort,2021-10-03,Product inquiry,Product recommendation,Closed,High,Chat,05:27:00,01:47:00,1
6369,Taylor Cohen,diazjohn@example.com,43,Female,Garmin Forerunner,2021-09-26,Refund request,Battery life,Pending Customer Response,High,Email,22:02:00,,
6370,Jason Kelly,newmancheryl@example.com,64,Other,Apple AirPods,2020-04-28,Product inquiry,Data loss,Closed,Medium,Email,21:09:00,05:34:00,5
6371,Jennifer Leon,dowens@example.net,21,Other,Philips Hue Lights,2021-12-25,Billing inquiry,Battery life,Closed,High,Chat,06:37:00,07:35:00,4
6372,Beverly Rivera,xellis@example.com,40,Male,Amazon Echo,2020-11-24,Product inquiry,Peripheral compatibility,Pending Customer Response,Medium,Social media,10:29:00,,
6375,Robert Gonzalez,bennettbrittany@example.net,58,Other,Sony 4K HDR TV,2020-09-17,Product inquiry,Product compatibility,Closed,Critical,Email,21:42:00,00:57:00,3
6376,Jodi Miller,amberrios@example.org,21,Female,LG Washing Machine,2021-06-28,Refund request,Refund request,Closed,Critical,Social media,18:16:00,19:47:00,2
6380,Casey Brown,ronaldknapp@example.org,52,Other,GoPro Hero,2020-04-01,Product inquiry,Software bug,Closed,Low,Social media,16:51:00,02:11:00,2
6381,Miss Lori Hernandez,crosbyvanessa@example.org,19,Male,Nikon D,2021-03-05,Product inquiry,Product setup,Closed,Critical,Phone,11:16:00,21:17:00,3
6382,Kristina Liu,nharper@example.net,63,Female,Canon DSLR Camera,2021-03-22,Refund request,Hardware issue,Closed,High,Social media,19:53:00,02:36:00,5
6384,Jeffrey Morris,james49@example.org,65,Other,Adobe Photoshop,2020-06-22,Billing inquiry,Account access,Closed,High,Chat,08:33:00,21:11:00,5
6385,Christine Harper,wilsonheather@example.net,65,Male,Nest Thermostat,2021-01-15,Product inquiry,Account access,Closed,High,Chat,03:54:00,00:42:00,3
6386,Christina Hahn,acarr@example.com,48,Male,Canon DSLR Camera,2020-04-09,Billing inquiry,Account access,Pending Customer Response,Medium,Chat,02:19:00,,
6388,Erik Anderson,wlarsen@example.net,47,Female,Google Pixel,2021-04-05,Product inquiry,Product setup,Pending Customer Response,Critical,Chat,09:48:00,,
6389,Autumn Mendez,carrollbrittney@example.org,41,Male,Roomba Robot Vacuum,2021-05-04,Refund request,Product recommendation,Pending Customer Response,Low,Email,13:44:00,,
6393,Madison Dougherty,wallshirley@example.net,23,Female,Bose QuietComfort,2021-06-06,Billing inquiry,Cancellation request,Pending Customer Response,Medium,Chat,10:12:00,,
6394,Susan Sparks,psummers@example.net,22,Other,Xbox,2021-03-18,Billing inquiry,Software bug,Pending Customer Response,Low,Social media,03:13:00,,
6395,Katie Moore,jason63@example.org,42,Male,Nikon D,2021-09-14,Product inquiry,Data loss,Closed,Medium,Chat,08:03:00,01:27:00,2
6396,Ryan Patrick,fmcfarland@example.org,59,Female,iPhone,2020-04-29,Product inquiry,Account access,Closed,Medium,Social media,01:39:00,12:16:00,5
6397,Mark Gallagher,ochoasandra@example.com,44,Female,Garmin Forerunner,2021-07-20,Billing inquiry,Peripheral compatibility,Closed,Low,Phone,08:29:00,13:36:00,1
6399,George Roberts,nharrison@example.com,48,Female,Dyson Vacuum Cleaner,2020-12-01,Product inquiry,Product recommendation,Pending Customer Response,Critical,Email,08:09:00,,
6402,John Carroll,phillipscott@example.org,52,Other,Garmin Forerunner,2020-01-10,Product inquiry,Delivery problem,Closed,High,Social media,22:47:00,03:51:00,2
6405,Patricia Taylor,ihorn@example.com,69,Other,MacBook Pro,2021-12-15,Refund request,Refund request,Pending Customer Response,Medium,Phone,00:36:00,,
6406,Samantha Anderson,rhopkins@example.com,67,Other,Garmin Forerunner,2020-11-10,Technical issue,Cancellation request,Closed,Low,Chat,20:26:00,13:20:00,4
6408,Stacey Mitchell,sandrabrown@example.com,45,Other,HP Pavilion,2020-08-16,Product inquiry,Product compatibility,Closed,High,Email,18:59:00,03:05:00,5
6411,Michael Norton,jmcdonald@example.com,66,Female,Google Pixel,2021-11-22,Product inquiry,Display issue,Closed,Critical,Phone,09:32:00,05:27:00,5
6412,Kurt Freeman,coxdaniel@example.net,30,Other,iPhone,2020-11-28,Cancellation request,Hardware issue,Closed,Critical,Email,20:11:00,04:05:00,2
6413,Jose Watson,jessicadaniels@example.com,19,Male,LG OLED,2021-04-14,Refund request,Peripheral compatibility,Pending Customer Response,Medium,Phone,15:27:00,,
6414,Dustin Olson,brian43@example.org,58,Other,Fitbit Versa Smartwatch,2021-07-07,Billing inquiry,Battery life,Pending Customer Response,High,Social media,20:28:00,,
6415,Melissa Davis,hallalexander@example.org,37,Female,Dyson Vacuum Cleaner,2020-01-02,Technical issue,Data loss,Closed,Medium,Phone,15:17:00,06:44:00,4
6417,Mark Nguyen,liualisha@example.net,45,Other,Canon EOS,2021-12-25,Refund request,Network problem,Closed,High,Email,08:18:00,18:14:00,5
6418,Anthony Garrison,mcdonaldleslie@example.net,51,Female,LG OLED,2020-10-05,Billing inquiry,Cancellation request,Pending Customer Response,Critical,Chat,05:41:00,,
6419,Brandon Francis,scott94@example.org,69,Other,Fitbit Versa Smartwatch,2020-08-16,Product inquiry,Battery life,Closed,High,Email,05:31:00,13:05:00,4
6420,Michelle Allen,kellyalyssa@example.org,41,Male,GoPro Hero,2021-09-15,Product inquiry,Hardware issue,Pending Customer Response,Critical,Email,01:19:00,,
6421,Robert Rodriguez,ikelly@example.com,42,Other,MacBook Pro,2021-09-23,Technical issue,Product recommendation,Closed,Low,Chat,19:43:00,10:09:00,3
6423,Gary Johnson,pauldalton@example.com,67,Other,Samsung Soundbar,2021-12-03,Technical issue,Software bug,Pending Customer Response,Low,Email,22:13:00,,
6425,Jennifer Jones,fflores@example.org,37,Male,MacBook Pro,2021-05-06,Technical issue,Peripheral compatibility,Closed,Medium,Email,13:38:00,23:54:00,1
6427,James Watson,sarahkirk@example.org,23,Other,PlayStation,2021-07-19,Billing inquiry,Peripheral compatibility,Pending Customer Response,Critical,Social media,22:23:00,,
6428,Zachary Gallagher,jacob94@example.org,42,Female,Bose QuietComfort,2021-10-16,Technical issue,Peripheral compatibility,Pending Customer Response,Critical,Phone,19:24:00,,
6429,Brittany King,rbowman@example.org,24,Female,Asus ROG,2021-06-29,Refund request,Network problem,Pending Customer Response,Low,Chat,21:50:00,,
6430,Dan Sutton,brian18@example.net,29,Other,Microsoft Xbox Controller,2021-07-08,Product inquiry,Payment issue,Pending Customer Response,Low,Chat,18:41:00,,
6433,Tyler Gilbert,elliottfrank@example.net,31,Male,Fitbit Charge,2020-01-27,Cancellation request,Data loss,Pending Customer Response,High,Email,16:24:00,,
6437,Jessica Chase,chentimothy@example.com,31,Other,LG Smart TV,2021-06-09,Technical issue,Cancellation request,Pending Customer Response,Critical,Chat,17:12:00,,
6438,Craig Taylor,steven24@example.com,21,Female,Canon EOS,2021-09-29,Refund request,Software bug,Closed,Medium,Phone,20:36:00,21:22:00,1
6441,Alexandra Blake,monica27@example.com,41,Other,Roomba Robot Vacuum,2020-09-05,Product inquiry,Cancellation request,Closed,Medium,Social media,15:47:00,01:44:00,4
6442,Steven Cardenas,thomasmark@example.com,42,Other,Asus ROG,2020-05-06,Refund request,Delivery problem,Closed,High,Email,00:26:00,16:06:00,5
6443,Madeline Jenkins,michaelhendrix@example.org,54,Male,Canon DSLR Camera,2021-06-23,Billing inquiry,Account access,Pending Customer Response,Medium,Social media,11:00:00,,
6448,Angela Day,ogarcia@example.net,36,Other,Xbox,2021-12-20,Billing inquiry,Refund request,Closed,High,Phone,08:37:00,02:38:00,5
6449,Donald Price,psweeney@example.org,35,Other,GoPro Hero,2020-09-29,Technical issue,Battery life,Pending Customer Response,Low,Email,19:49:00,,
6450,Shelly Campos,anthonyhendrix@example.net,40,Other,iPhone,2021-06-03,Billing inquiry,Software bug,Pending Customer Response,Medium,Phone,15:07:00,,
6451,Terri Bartlett,lleonard@example.com,70,Other,Canon EOS,2020-11-08,Cancellation request,Refund request,Closed,High,Phone,16:41:00,06:05:00,5
6452,Kimberly Adkins,carloscline@example.net,60,Male,Samsung Soundbar,2021-07-16,Technical issue,Account access,Pending Customer Response,Medium,Phone,22:44:00,,
6454,Amanda Flores,lkelly@example.org,65,Other,LG OLED,2020-12-14,Technical issue,Product recommendation,Pending Customer Response,High,Chat,03:08:00,,
6456,Tyler Howell,ujones@example.com,34,Female,Canon DSLR Camera,2020-06-14,Product inquiry,Delivery problem,Closed,Critical,Phone,06:28:00,09:38:00,5
6457,Cheryl Clements DVM,davidsonanne@example.com,18,Male,Samsung Soundbar,2021-10-12,Cancellation request,Cancellation request,Closed,Low,Chat,10:25:00,03:14:00,1
6458,Jessica Gilmore,andersonjulia@example.net,18,Other,Sony Xperia,2021-09-30,Refund request,Refund request,Pending Customer Response,Medium,Email,05:44:00,,
6459,Kenneth Perez,gbraun@example.org,18,Other,Samsung Soundbar,2020-06-05,Product inquiry,Account access,Pending Customer Response,Critical,Email,01:49:00,,
6461,Christian Johnson,dustin49@example.org,63,Male,Samsung Galaxy,2020-06-26,Product inquiry,Delivery problem,Pending Customer Response,Critical,Social media,19:05:00,,
6462,Andrea Benson,wayne45@example.net,21,Male,Fitbit Versa Smartwatch,2020-10-06,Cancellation request,Network problem,Closed,Critical,Social media,04:13:00,19:11:00,1
6463,Luke Green,pattersonkimberly@example.net,62,Male,GoPro Hero,2021-04-12,Technical issue,Delivery problem,Closed,Critical,Email,02:29:00,06:45:00,5
6464,Marissa Mccarthy,lindaesparza@example.net,44,Other,GoPro Action Camera,2020-07-07,Billing inquiry,Installation support,Pending Customer Response,Low,Chat,19:31:00,,
6465,Patricia Salinas,barryhorn@example.com,26,Female,Amazon Kindle,2021-07-30,Billing inquiry,Refund request,Pending Customer Response,Medium,Phone,17:03:00,,
6466,Derek Johnson,jeffreyrobles@example.net,52,Female,Google Pixel,2021-04-19,Technical issue,Refund request,Closed,Critical,Email,11:39:00,06:17:00,3
6469,Sean Clark,krichard@example.com,27,Other,Canon EOS,2021-05-27,Product inquiry,Installation support,Pending Customer Response,Medium,Phone,13:27:00,,
6470,Michael Charles,kelly63@example.com,31,Female,Nikon D,2020-10-14,Refund request,Refund request,Pending Customer Response,Low,Phone,07:43:00,,
6471,Nicole Cantu,mharris@example.com,63,Other,Amazon Kindle,2020-10-29,Cancellation request,Product compatibility,Pending Customer Response,Low,Social media,11:23:00,,
6472,Autumn Bell,amanda18@example.com,34,Male,Samsung Soundbar,2020-04-06,Billing inquiry,Battery life,Pending Customer Response,Medium,Social media,04:49:00,,
6473,Nicholas Guzman,lopezbrendan@example.org,50,Female,Microsoft Office,2021-08-24,Technical issue,Refund request,Closed,High,Email,13:54:00,07:12:00,5
6474,Kara May,dennismay@example.com,63,Male,Amazon Echo,2021-09-14,Refund request,Product setup,Pending Customer Response,High,Social media,00:28:00,,
6475,Danny Hall,kathyrobinson@example.org,35,Female,Microsoft Surface,2020-07-23,Technical issue,Payment issue,Pending Customer Response,Critical,Phone,04:57:00,,
6476,Lawrence Ward,tsoto@example.com,25,Male,Sony Xperia,2020-06-21,Cancellation request,Product setup,Closed,Critical,Social media,05:17:00,21:38:00,3
6478,Aaron Martinez,youngcameron@example.org,45,Male,Roomba Robot Vacuum,2021-12-16,Billing inquiry,Data loss,Closed,High,Email,12:39:00,07:25:00,5
6479,Jessica Sawyer,seanyork@example.net,31,Other,LG Smart TV,2021-03-27,Cancellation request,Software bug,Pending Customer Response,Low,Phone,14:19:00,,
6481,Susan Smith,stewartjohn@example.com,59,Other,Philips Hue Lights,2020-04-19,Billing inquiry,Hardware issue,Pending Customer Response,High,Email,16:21:00,,
6483,Roger Lopez,lydia57@example.org,43,Male,Amazon Kindle,2020-02-18,Technical issue,Delivery problem,Pending Customer Response,Low,Chat,11:44:00,,
6484,Wanda Hughes,victoriaward@example.com,32,Male,iPhone,2020-06-08,Billing inquiry,Display issue,Closed,High,Email,23:20:00,12:32:00,4
6485,Kristin Foster,kyle49@example.org,44,Female,Samsung Galaxy,2020-06-04,Product inquiry,Hardware issue,Pending Customer Response,Low,Phone,01:52:00,,
6487,Emily Allen,mcguirekristin@example.net,32,Other,LG Smart TV,2020-11-12,Refund request,Software bug,Pending Customer Response,Medium,Phone,18:02:00,,
6490,Linda Johnson,coxalexandra@example.net,31,Male,Sony PlayStation,2020-04-28,Technical issue,Software bug,Closed,High,Social media,22:06:00,12:23:00,1
6492,Katrina Brown,grayfernando@example.com,43,Other,Bose QuietComfort,2020-06-28,Billing inquiry,Product compatibility,Closed,Low,Email,09:38:00,17:11:00,3
6493,Brian Ross,juliawilliams@example.org,70,Female,Nikon D,2021-10-28,Billing inquiry,Battery life,Closed,High,Social media,17:38:00,13:19:00,2
6494,Judith Baker,jnelson@example.com,35,Male,Fitbit Versa Smartwatch,2020-04-06,Cancellation request,Product recommendation,Pending Customer Response,High,Phone,22:31:00,,
6495,Adam Carroll Jr.,melissa01@example.com,45,Female,MacBook Pro,2020-12-08,Technical issue,Hardware issue,Pending Customer Response,Low,Phone,11:27:00,,
6497,Tami Henderson,matthew65@example.org,50,Female,Fitbit Versa Smartwatch,2020-10-20,Cancellation request,Battery life,Closed,Medium,Phone,23:01:00,13:23:00,1
6499,Jesse Cooper,klopez@example.org,47,Other,Fitbit Versa Smartwatch,2021-01-05,Refund request,Hardware issue,Closed,Medium,Email,22:42:00,01:01:00,3
6500,Jordan Carter,joanne06@example.com,37,Female,Roomba Robot Vacuum,2021-08-09,Refund request,Cancellation request,Closed,Low,Phone,20:29:00,18:27:00,4
6501,Patrick Maxwell,briantorres@example.com,33,Other,Asus ROG,2020-12-19,Product inquiry,Hardware issue,Pending Customer Response,Critical,Chat,02:45:00,,
6502,Mrs. Jennifer Jenkins,manuelgreer@example.org,20,Female,Amazon Echo,2021-05-08,Technical issue,Software bug,Closed,Medium,Social media,04:25:00,03:30:00,2
6504,Eileen Hart,foxkelly@example.com,70,Other,Sony Xperia,2021-06-13,Billing inquiry,Product compatibility,Pending Customer Response,Medium,Email,10:00:00,,
6505,Keith Norris,hrobinson@example.org,35,Other,LG Smart TV,2021-07-25,Billing inquiry,Battery life,Closed,High,Email,08:42:00,04:59:00,2
6506,Lauren Smith,rebeccajenkins@example.org,27,Male,Garmin Forerunner,2021-07-30,Technical issue,Installation support,Closed,Medium,Phone,22:18:00,15:34:00,5
6509,Maureen Watson,camachotara@example.org,38,Female,Adobe Photoshop,2020-01-14,Cancellation request,Installation support,Pending Customer Response,Low,Email,00:28:00,,
6510,Christopher Lewis,wbrown@example.com,23,Male,Microsoft Surface,2021-08-22,Refund request,Display issue,Closed,High,Email,17:20:00,02:46:00,4
6512,Charles Franklin,rodriguezkimberly@example.com,54,Male,Dell XPS,2021-06-25,Cancellation request,Payment issue,Pending Customer Response,Medium,Email,12:13:00,,
6513,Kathleen Miller,yrivera@example.com,70,Other,Microsoft Surface,2021-08-12,Refund request,Peripheral compatibility,Pending Customer Response,Critical,Phone,11:21:00,,
6515,Jesse Gillespie,hsimpson@example.net,66,Male,GoPro Hero,2021-11-29,Cancellation request,Product setup,Closed,High,Phone,11:41:00,02:59:00,5
6516,Erik Johnston,hollowayabigail@example.net,30,Other,Microsoft Xbox Controller,2020-10-15,Product inquiry,Network problem,Pending Customer Response,Low,Chat,08:50:00,,
6517,Terry Young,lcamacho@example.org,40,Female,Asus ROG,2020-04-03,Billing inquiry,Installation support,Pending Customer Response,Low,Social media,05:09:00,,
6521,Zachary Hill,njohnson@example.net,25,Male,Microsoft Xbox Controller,2020-12-26,Product inquiry,Installation support,Closed,Medium,Phone,15:00:00,08:54:00,2
6522,Leslie Johnson,bmitchell@example.org,67,Female,Roomba Robot Vacuum,2021-08-20,Cancellation request,Network problem,Pending Customer Response,High,Chat,19:59:00,,
6524,Paul Underwood,hendricksmargaret@example.org,18,Other,Fitbit Charge,2021-04-30,Billing inquiry,Product compatibility,Pending Customer Response,Medium,Email,01:34:00,,
6525,Raymond Dickerson,jill04@example.com,41,Other,Fitbit Charge,2021-05-21,Product inquiry,Battery life,Closed,Low,Social media,00:18:00,22:55:00,1
6527,George Mitchell,briandavis@example.com,24,Male,LG OLED,2020-06-21,Product inquiry,Hardware issue,Pending Customer Response,Critical,Email,22:35:00,,
6528,Joshua Pollard,charles10@example.org,59,Other,Microsoft Office,2021-01-03,Technical issue,Product recommendation,Closed,Low,Social media,06:50:00,03:21:00,4
6529,Melissa Thomas,terryethan@example.net,20,Male,MacBook Pro,2021-06-24,Billing inquiry,Delivery problem,Closed,High,Phone,07:42:00,15:17:00,2
6530,Leslie Duffy,amydunn@example.net,27,Other,LG OLED,2021-11-05,Technical issue,Display issue,Closed,Medium,Phone,19:24:00,17:20:00,1
6531,Todd Brown,bradleygallagher@example.com,47,Other,Roomba Robot Vacuum,2020-06-09,Refund request,Battery life,Pending Customer Response,Critical,Email,19:00:00,,
6534,Anthony Davis,stanleysandra@example.org,43,Male,Canon EOS,2021-10-02,Billing inquiry,Refund request,Closed,Critical,Social media,01:08:00,02:32:00,4
6535,Laurie Lopez,jamesjohnston@example.com,57,Male,Canon EOS,2020-12-14,Technical issue,Peripheral compatibility,Pending Customer Response,High,Social media,09:36:00,,
6536,Rachel Massey,pearsonleah@example.com,36,Female,iPhone,2021-12-12,Cancellation request,Delivery problem,Closed,High,Email,15:44:00,18:11:00,5
6537,Loretta Shepherd,jonesmark@example.net,53,Female,GoPro Action Camera,2021-08-30,Technical issue,Battery life,Pending Customer Response,Medium,Chat,22:26:00,,
6540,Amy Lara,taylor02@example.org,69,Female,Bose QuietComfort,2020-06-23,Technical issue,Product recommendation,Closed,Low,Phone,19:55:00,01:34:00,2
6541,Andrea Jones,zacharysmith@example.net,26,Female,Apple AirPods,2020-11-23,Cancellation request,Product recommendation,Pending Customer Response,Medium,Email,02:32:00,,
6543,Jessica Allison,stricklandstephanie@example.com,53,Male,Philips Hue Lights,2020-01-12,Billing inquiry,Software bug,Pending Customer Response,High,Phone,14:32:00,,
6544,Samantha Joseph,michael17@example.com,45,Female,Xbox,2020-06-13,Technical issue,Product compatibility,Closed,High,Chat,14:51:00,03:20:00,3
6548,Christine Green,mcguiredonna@example.net,54,Other,Philips Hue Lights,2020-02-29,Product inquiry,Display issue,Pending Customer Response,Critical,Chat,23:40:00,,
6551,Amanda Sanchez,cody33@example.com,30,Male,Nest Thermostat,2021-09-15,Technical issue,Hardware issue,Closed,Low,Chat,14:20:00,14:33:00,4
6558,Cody Martin,wkelley@example.net,49,Male,Amazon Kindle,2021-01-28,Technical issue,Payment issue,Pending Customer Response,Low,Social media,09:25:00,,
6559,Erik Walker,combssuzanne@example.org,30,Male,Google Nest,2021-10-07,Cancellation request,Network problem,Pending Customer Response,Low,Chat,07:42:00,,
6561,Claudia Phillips,carrdaniel@example.net,43,Male,LG OLED,2020-05-08,Cancellation request,Software bug,Closed,Critical,Phone,15:46:00,09:40:00,2
6562,Kristen Hoffman,bvargas@example.com,25,Female,Amazon Kindle,2021-02-12,Billing inquiry,Product setup,Pending Customer Response,Low,Chat,16:53:00,,
6563,Thomas Chang,jacqueline82@example.com,37,Female,Apple AirPods,2021-11-30,Cancellation request,Product compatibility,Closed,High,Email,18:44:00,07:34:00,2
6565,Thomas Smith,teresa76@example.org,61,Other,Asus ROG,2021-04-25,Billing inquiry,Peripheral compatibility,Pending Customer Response,Low,Social media,23:01:00,,
6566,Summer Vaughn,brookspamela@example.org,36,Female,GoPro Action Camera,2021-04-08,Technical issue,Account access,Pending Customer Response,Critical,Email,23:39:00,,
6567,Norma Diaz,mitchell86@example.com,21,Other,Sony PlayStation,2021-10-29,Technical issue,Hardware issue,Pending Customer Response,Low,Social media,07:59:00,,
6568,Savannah Gonzales MD,patricia52@example.net,32,Other,LG OLED,2021-07-20,Technical issue,Refund request,Closed,Critical,Email,02:13:00,16:08:00,4
6570,Joseph Vaughn,rochavanessa@example.net,51,Other,Philips Hue Lights,2021-09-29,Technical issue,Product setup,Closed,Critical,Social media,16:36:00,17:32:00,4
6571,Tara Guzman,ggarcia@example.org,37,Male,iPhone,2020-07-05,Refund request,Product compatibility,Closed,High,Email,01:18:00,07:35:00,5
6572,Dr. Thomas Hall PhD,alexandersloan@example.org,33,Other,MacBook Pro,2021-04-25,Product inquiry,Refund request,Pending Customer Response,High,Chat,03:15:00,,
6573,Raymond Robinson,munozheidi@example.org,69,Female,Garmin Forerunner,2021-02-27,Billing inquiry,Product recommendation,Pending Customer Response,Medium,Chat,21:19:00,,
6575,Robert Morgan,garysolis@example.com,22,Male,Fitbit Versa Smartwatch,2020-04-30,Product inquiry,Product recommendation,Pending Customer Response,Medium,Chat,01:02:00,,
6576,Anthony Dickerson,dsingh@example.net,59,Female,LG Smart TV,2020-10-04,Technical issue,Cancellation request,Pending Customer Response,Low,Social media,15:24:00,,
6577,Shaun Wilson,randall56@example.com,61,Other,Samsung Soundbar,2020-07-13,Refund request,Installation support,Pending Customer Response,Low,Phone,21:18:00,,
6579,Richard Arnold,ylindsey@example.net,49,Female,Canon DSLR Camera,2020-11-12,Refund request,Software bug,Pending Customer Response,Critical,Chat,03:10:00,,
6582,Paul Miller,mmoore@example.net,59,Male,Apple AirPods,2021-04-19,Cancellation request,Data loss,Closed,Critical,Chat,21:38:00,03:53:00,1
6584,Patricia Garcia,jonespatricia@example.org,27,Female,Nest Thermostat,2021-01-10,Billing inquiry,Product compatibility,Closed,Low,Chat,10:14:00,12:49:00,3
6587,Robert Simpson,brucejulie@example.org,33,Other,Fitbit Charge,2020-12-23,Product inquiry,Product recommendation,Closed,High,Social media,15:22:00,16:34:00,3
6590,Seth Edwards,april50@example.net,57,Other,Nest Thermostat,2020-07-07,Product inquiry,Software bug,Closed,Critical,Email,16:30:00,01:35:00,1
6591,Tanya Murray,hharrison@example.org,68,Female,Autodesk AutoCAD,2021-03-28,Refund request,Product compatibility,Closed,Critical,Email,15:37:00,14:08:00,1
6592,Brian Kelley,rebeccalee@example.org,41,Female,Amazon Echo,2020-12-24,Technical issue,Network problem,Closed,Medium,Phone,12:58:00,08:24:00,4
6593,Amy Watts,weissjames@example.com,31,Male,HP Pavilion,2020-08-06,Technical issue,Refund request,Closed,Critical,Social media,00:21:00,11:34:00,2
6594,Dr. Sean Boyd,kerrdavid@example.org,59,Other,Amazon Kindle,2021-04-21,Product inquiry,Account access,Pending Customer Response,Medium,Chat,13:53:00,,
6595,Rachel Garrett,angelabarnes@example.org,57,Male,Bose QuietComfort,2020-10-12,Refund request,Refund request,Closed,Medium,Email,12:29:00,08:08:00,1
6598,Lisa White,christopher57@example.net,39,Male,Canon DSLR Camera,2020-08-06,Cancellation request,Hardware issue,Closed,Medium,Email,06:57:00,18:46:00,2
6599,Christian Olson,rebeccacline@example.net,39,Male,Sony Xperia,2020-08-17,Product inquiry,Display issue,Closed,High,Email,13:49:00,16:24:00,5
6601,Allison Hart,ashleypierce@example.com,67,Female,Canon DSLR Camera,2021-04-04,Cancellation request,Account access,Closed,High,Social media,20:04:00,12:27:00,2
6602,Dennis Norris,michaelgreen@example.org,57,Male,Sony PlayStation,2020-08-03,Technical issue,Installation support,Pending Customer Response,High,Social media,15:40:00,,
6603,Colleen Green,janemorris@example.org,55,Other,Apple AirPods,2021-06-27,Refund request,Battery life,Closed,Critical,Phone,18:14:00,14:42:00,3
6604,Carmen Smith,ashleyswanson@example.org,25,Male,GoPro Action Camera,2021-10-06,Billing inquiry,Installation support,Pending Customer Response,Low,Social media,18:19:00,,
6606,Jacob Washington,skinnermonique@example.com,59,Male,Nintendo Switch,2020-11-11,Billing inquiry,Product setup,Pending Customer Response,Medium,Chat,09:18:00,,
6607,Grace Wyatt,gsalazar@example.com,66,Female,Google Pixel,2020-10-20,Cancellation request,Product recommendation,Closed,Low,Chat,17:03:00,19:35:00,5
6609,Sandra Hamilton,ericavasquez@example.com,18,Female,iPhone,2020-01-16,Technical issue,Payment issue,Pending Customer Response,Low,Chat,00:20:00,,
6611,Brandi Brown,andrewdyer@example.com,35,Other,PlayStation,2021-05-29,Technical issue,Software bug,Pending Customer Response,Low,Social media,18:20:00,,
6614,Anthony Salazar,jessicabeltran@example.com,25,Male,HP Pavilion,2021-12-19,Product inquiry,Product recommendation,Pending Customer Response,High,Phone,21:22:00,,
6617,Madison Haley,gwatts@example.com,47,Male,Fitbit Charge,2020-12-06,Billing inquiry,Refund request,Pending Customer Response,Medium,Phone,19:34:00,,
6618,Mary Taylor,mrogers@example.net,51,Male,Bose SoundLink Speaker,2021-11-25,Technical issue,Battery life,Pending Customer Response,High,Email,07:23:00,,
6620,Benjamin Smith,jeremiah46@example.com,59,Male,Google Nest,2021-04-14,Billing inquiry,Software bug,Closed,Medium,Email,11:29:00,09:22:00,3
6621,Veronica Bentley,yaguilar@example.net,53,Female,Microsoft Office,2020-05-26,Product inquiry,Product recommendation,Closed,Low,Chat,18:29:00,11:08:00,3
6622,Patricia Wolf,miguelstevens@example.org,38,Female,Samsung Soundbar,2021-06-01,Technical issue,Network problem,Closed,Medium,Phone,15:24:00,21:59:00,2
6624,Jimmy Thompson,kaylachan@example.org,37,Male,Asus ROG,2021-02-13,Refund request,Product recommendation,Closed,High,Social media,20:09:00,23:59:00,5
6625,Jennifer Reyes,lorirobinson@example.net,18,Male,Garmin Forerunner,2021-05-12,Technical issue,Payment issue,Pending Customer Response,Medium,Email,21:16:00,,
6626,Adam Delgado,powellgary@example.com,65,Male,Fitbit Charge,2020-02-18,Refund request,Network problem,Closed,Medium,Phone,22:44:00,06:23:00,2
6627,Charles Pittman,juanpalmer@example.net,48,Other,Amazon Kindle,2020-03-14,Technical issue,Display issue,Pending Customer Response,Critical,Social media,23:57:00,,
6628,Nicholas White,melody74@example.net,20,Female,Amazon Echo,2020-11-12,Technical issue,Peripheral compatibility,Pending Customer Response,Medium,Chat,12:24:00,,
6630,John Perez,walvarez@example.com,33,Other,Samsung Soundbar,2021-06-04,Refund request,Refund request,Closed,High,Email,03:07:00,14:23:00,5
6631,Aaron Kelly,tmitchell@example.net,27,Other,Bose SoundLink Speaker,2020-11-04,Technical issue,Software bug,Closed,Low,Social media,00:05:00,20:35:00,3
6633,Jean Stewart,fward@example.org,37,Female,PlayStation,2020-01-26,Refund request,Network problem,Pending Customer Response,High,Phone,05:32:00,,
6634,Joanna Rubio,gwaters@example.com,48,Male,GoPro Action Camera,2021-12-24,Refund request,Battery life,Closed,Critical,Social media,10:26:00,10:07:00,4
6638,Crystal Castro,andrew79@example.com,54,Male,Xbox,2021-02-05,Technical issue,Cancellation request,Closed,High,Chat,08:35:00,10:59:00,1
6639,Sophia Mejia DDS,jamesbest@example.net,47,Other,GoPro Hero,2021-11-01,Technical issue,Peripheral compatibility,Pending Customer Response,Critical,Phone,13:10:00,,
6640,Bonnie Stevenson,juliemcintosh@example.net,19,Female,PlayStation,2021-09-23,Cancellation request,Account access,Closed,High,Email,19:45:00,20:10:00,2
6643,Kevin Day,sarah19@example.net,62,Female,Microsoft Office,2021-01-25,Refund request,Network problem,Pending Customer Response,High,Social media,10:00:00,,
6646,Kayla Thompson,melissa26@example.net,31,Other,Roomba Robot Vacuum,2020-10-04,Billing inquiry,Account access,Closed,Low,Phone,10:43:00,22:00:00,2
6648,Denise Hall,andersongene@example.org,65,Male,Google Nest,2020-04-08,Product inquiry,Product recommendation,Pending Customer Response,Critical,Phone,09:17:00,,
6649,Melissa Valentine,brownnicole@example.org,46,Male,Nest Thermostat,2020-04-20,Cancellation request,Network problem,Closed,Low,Social media,05:18:00,10:27:00,2
6650,Yvette Smith,christina79@example.org,38,Female,Nest Thermostat,2020-12-01,Product inquiry,Battery life,Closed,Critical,Social media,00:51:00,23:43:00,3
6651,Edward Garcia,nicholasstark@example.net,24,Female,Roomba Robot Vacuum,2020-05-24,Technical issue,Software bug,Closed,High,Phone,17:16:00,11:27:00,4
6652,Julian West,ruben31@example.net,46,Female,Samsung Soundbar,2020-07-23,Cancellation request,Product recommendation,Closed,Critical,Phone,19:48:00,00:31:00,3
6653,Meghan Adams,pamela58@example.org,24,Female,Bose QuietComfort,2021-07-24,Billing inquiry,Network problem,Closed,Critical,Phone,23:01:00,15:55:00,1
6654,Mark Chandler DDS,cmeyers@example.com,60,Male,GoPro Hero,2020-11-11,Refund request,Peripheral compatibility,Closed,Low,Chat,18:01:00,20:22:00,5
6657,Shaun Palmer,monroetheresa@example.com,28,Male,Nest Thermostat,2020-10-15,Billing inquiry,Product recommendation,Closed,Low,Phone,12:51:00,23:30:00,4
6658,David Romero,cramirez@example.net,61,Female,Garmin Forerunner,2020-03-16,Refund request,Cancellation request,Pending Customer Response,Critical,Phone,20:37:00,,
6659,George Scott,sullivanashley@example.org,26,Male,LG OLED,2020-11-02,Refund request,Display issue,Closed,Low,Email,15:19:00,11:22:00,3
6660,Elizabeth Waller MD,morganleslie@example.com,65,Female,Google Pixel,2021-01-02,Cancellation request,Software bug,Closed,Medium,Chat,02:25:00,01:25:00,3
6663,Glenn Mckee Jr.,hallmary@example.com,37,Other,Autodesk AutoCAD,2020-06-04,Product inquiry,Delivery problem,Pending Customer Response,High,Social media,21:39:00,,
6664,Paul Williams,gonzaleztrevor@example.com,53,Female,Roomba Robot Vacuum,2021-03-11,Cancellation request,Data loss,Pending Customer Response,Low,Email,18:33:00,,
6666,Daniel Schroeder,amanda64@example.org,61,Female,Microsoft Office,2020-11-20,Billing inquiry,Product compatibility,Closed,High,Email,09:19:00,06:53:00,4
6670,Tami Elliott,eperry@example.net,48,Female,Microsoft Xbox Controller,2020-01-20,Product inquiry,Data loss,Closed,Low,Email,11:41:00,13:45:00,4
6671,Jane Shelton,janice79@example.org,38,Male,LG OLED,2021-10-30,Technical issue,Delivery problem,Pending Customer Response,Medium,Chat,05:18:00,,
6672,Joseph Dixon,kevinjones@example.org,59,Female,Apple AirPods,2020-07-05,Product inquiry,Product setup,Pending Customer Response,Low,Email,04:10:00,,
6674,Stephanie Lane,daniel46@example.com,67,Male,Microsoft Xbox Controller,2021-05-01,Product inquiry,Product recommendation,Pending Customer Response,Low,Social media,09:49:00,,
6677,Mrs. Lindsay Huff,taylordouglas@example.com,53,Female,Sony PlayStation,2020-12-04,Cancellation request,Battery life,Pending Customer Response,Medium,Phone,02:56:00,,
6678,John Moore,benjaminlevy@example.org,68,Female,MacBook Pro,2021-03-30,Technical issue,Network problem,Closed,Critical,Chat,07:14:00,01:41:00,5
6679,Mr. Christopher May,kristin27@example.net,56,Other,Philips Hue Lights,2021-10-15,Cancellation request,Software bug,Pending Customer Response,Critical,Chat,11:05:00,,
6680,Timothy Wright,amy55@example.com,68,Other,Apple AirPods,2020-08-01,Product inquiry,Network problem,Closed,High,Chat,07:09:00,16:39:00,2
6681,Sherry Richardson,henrybrown@example.net,46,Male,Xbox,2020-04-19,Cancellation request,Product setup,Pending Customer Response,Critical,Social media,06:38:00,,
6682,Christopher Carey,matthewrobertson@example.net,60,Female,LG OLED,2021-12-03,Technical issue,Battery life,Pending Customer Response,High,Phone,08:18:00,,
6683,Brittany Ortega,holmesjoseph@example.net,43,Other,Nikon D,2020-01-12,Billing inquiry,Account access,Closed,High,Social media,22:31:00,21:37:00,1
6686,Samuel Williams,drakejasmin@example.com,19,Male,Roomba Robot Vacuum,2020-06-30,Product inquiry,Hardware issue,Closed,Critical,Email,18:42:00,06:04:00,5
6687,Mary Lyons,karencampbell@example.org,54,Female,GoPro Action Camera,2021-10-22,Cancellation request,Payment issue,Closed,Medium,Chat,19:18:00,00:50:00,2
6688,Mark Davis,zobrien@example.net,56,Male,PlayStation,2020-10-17,Cancellation request,Hardware issue,Pending Customer Response,Low,Email,02:04:00,,
6689,Michael Lewis,charles92@example.org,59,Other,Microsoft Office,2021-06-28,Cancellation request,Product recommendation,Closed,Low,Chat,20:34:00,06:09:00,5
6690,Charles Lopez,michelle84@example.net,29,Other,Garmin Forerunner,2020-12-15,Product inquiry,Product setup,Closed,Low,Chat,19:46:00,04:59:00,1
6691,Danielle Barker,tinacampbell@example.com,38,Other,Nintendo Switch Pro Controller,2021-10-24,Product inquiry,Hardware issue,Closed,High,Phone,04:19:00,12:47:00,3
6692,Joshua Griffin,jamesphillips@example.net,66,Other,Google Nest,2021-03-02,Technical issue,Product setup,Pending Customer Response,High,Social media,03:40:00,,
6694,Nicole Aguilar,boydjames@example.net,19,Other,MacBook Pro,2020-01-21,Product inquiry,Software bug,Pending Customer Response,Low,Social media,03:06:00,,
6695,Jessica Sanders,belinda38@example.com,54,Other,Autodesk AutoCAD,2020-10-25,Technical issue,Battery life,Pending Customer Response,Critical,Chat,21:43:00,,
6696,David Mcintyre,oliviaparrish@example.net,43,Male,GoPro Hero,2020-10-11,Technical issue,Battery life,Closed,High,Chat,23:51:00,03:58:00,2
6697,Mark Barnes,christopher65@example.com,57,Male,GoPro Hero,2020-07-07,Product inquiry,Product compatibility,Pending Customer Response,High,Chat,19:14:00,,
6698,Barbara Cox,gharris@example.net,48,Male,Samsung Soundbar,2021-03-14,Refund request,Account access,Pending Customer Response,High,Email,09:23:00,,
6699,Joel Conway,juliaholmes@example.net,56,Other,HP Pavilion,2021-06-03,Product inquiry,Refund request,Pending Customer Response,Low,Phone,19:40:00,,
6700,Patricia Thompson,holmesleslie@example.net,45,Female,Google Pixel,2021-11-12,Cancellation request,Hardware issue,Closed,Critical,Email,22:35:00,07:36:00,2
6702,Tony Watkins,rachel34@example.net,67,Female,Nintendo Switch,2020-01-09,Cancellation request,Network problem,Closed,Low,Social media,21:36:00,09:51:00,5
6705,Timothy Brady,shelly39@example.org,68,Male,Sony PlayStation,2021-06-15,Billing inquiry,Payment issue,Pending Customer Response,Medium,Social media,18:23:00,,
6706,Randall Lester,suzannecollins@example.org,64,Other,HP Pavilion,2021-06-02,Cancellation request,Account access,Closed,Low,Chat,19:26:00,22:45:00,2
6708,William King,jamestrevino@example.com,49,Female,LG OLED,2021-10-24,Refund request,Hardware issue,Closed,High,Email,13:04:00,01:13:00,2
6709,Amy Neal,williammorris@example.net,54,Other,HP Pavilion,2021-11-15,Billing inquiry,Payment issue,Closed,Medium,Email,02:26:00,21:20:00,1
6711,Heather Perry,erik95@example.com,60,Other,Samsung Soundbar,2020-01-27,Technical issue,Network problem,Closed,Medium,Email,21:44:00,15:56:00,3
6712,Jessica Williams,westryan@example.com,34,Other,LG Smart TV,2020-12-04,Cancellation request,Peripheral compatibility,Closed,Medium,Email,10:23:00,16:20:00,5
6713,Ashley Everett,susan29@example.com,45,Female,Dell XPS,2021-06-22,Refund request,Product compatibility,Pending Customer Response,Medium,Email,14:19:00,,
6714,Erin Espinoza,brownmichael@example.com,26,Female,Autodesk AutoCAD,2021-04-30,Product inquiry,Data loss,Closed,Critical,Phone,11:47:00,01:07:00,4
6716,Steven Simon,sanchezbrittany@example.org,59,Female,Apple AirPods,2021-10-07,Billing inquiry,Software bug,Closed,High,Email,08:43:00,00:16:00,2
6720,Monica Ramirez,pattersonpaula@example.net,55,Male,Philips Hue Lights,2020-08-29,Cancellation request,Cancellation request,Pending Customer Response,Low,Social media,06:40:00,,
6721,Isaiah Mcpherson,dawngreene@example.org,26,Other,HP Pavilion,2020-09-05,Product inquiry,Delivery problem,Pending Customer Response,Low,Phone,10:26:00,,
6722,Anthony Barnes,clopez@example.net,19,Female,Garmin Forerunner,2021-09-11,Billing inquiry,Product setup,Pending Customer Response,Medium,Social media,00:02:00,,
6723,Ronald Perry,anthony23@example.net,65,Female,Sony 4K HDR TV,2021-06-29,Billing inquiry,Hardware issue,Closed,Medium,Phone,19:44:00,19:22:00,2
6724,Katie Lewis,garyrichards@example.org,53,Male,Amazon Echo,2020-04-07,Technical issue,Software bug,Pending Customer Response,High,Phone,07:39:00,,
6726,Tammy Carroll,higginszachary@example.com,24,Female,Nintendo Switch Pro Controller,2020-01-29,Refund request,Payment issue,Pending Customer Response,Medium,Phone,12:39:00,,
6727,Kathleen Mckenzie,susancarr@example.org,33,Other,Nest Thermostat,2020-01-10,Cancellation request,Account access,Closed,Medium,Chat,05:28:00,17:33:00,1
6728,Gregory Vargas,kevinmejia@example.com,23,Female,Canon DSLR Camera,2020-04-15,Product inquiry,Installation support,Pending Customer Response,High,Social media,07:56:00,,
6729,Aaron Petty,brandoncolon@example.org,38,Other,Adobe Photoshop,2020-04-28,Cancellation request,Data loss,Closed,Critical,Social media,19:31:00,08:24:00,2
6730,Alexander Garcia,vmurray@example.net,69,Female,Dyson Vacuum Cleaner,2021-03-27,Billing inquiry,Display issue,Pending Customer Response,Critical,Social media,02:55:00,,
6732,Lisa Morris,hooverkaitlyn@example.com,44,Female,Garmin Forerunner,2021-03-16,Billing inquiry,Refund request,Closed,Low,Chat,18:38:00,07:24:00,4
6734,Judith Clark,wernerheather@example.net,49,Other,iPhone,2021-05-31,Product inquiry,Payment issue,Pending Customer Response,Medium,Email,04:57:00,,
6737,Angel Jackson,conradstacy@example.org,20,Male,Lenovo ThinkPad,2021-09-11,Billing inquiry,Software bug,Closed,Low,Email,18:40:00,19:31:00,1
6738,Megan Erickson,bsmith@example.com,33,Other,Apple AirPods,2021-09-25,Refund request,Battery life,Closed,High,Social media,00:15:00,03:07:00,2
6739,Christopher Ellis,christinerichards@example.net,69,Male,Lenovo ThinkPad,2021-05-16,Technical issue,Software bug,Closed,Medium,Email,15:11:00,00:38:00,5
6740,Abigail Harrison,diana50@example.org,19,Female,Google Pixel,2021-01-26,Technical issue,Peripheral compatibility,Closed,Low,Social media,13:47:00,05:58:00,1
6741,Joseph Wagner,evanorr@example.com,65,Other,Autodesk AutoCAD,2021-10-07,Cancellation request,Delivery problem,Closed,High,Phone,13:57:00,16:55:00,2
6743,Alyssa Williams,mckinneyrichard@example.net,36,Other,Roomba Robot Vacuum,2020-05-19,Billing inquiry,Refund request,Pending Customer Response,Critical,Email,01:15:00,,
6745,Sonya Stafford,nathan51@example.org,48,Male,MacBook Pro,2020-12-08,Billing inquiry,Installation support,Pending Customer Response,Low,Social media,09:20:00,,
6746,Lisa Mann,johnsonrandy@example.net,32,Male,iPhone,2020-06-11,Technical issue,Network problem,Closed,Medium,Chat,13:45:00,08:52:00,3
6748,Gregory Rodriguez,paul49@example.net,52,Male,Bose SoundLink Speaker,2021-08-20,Product inquiry,Installation support,Pending Customer Response,Low,Phone,16:38:00,,
6749,Tiffany Gonzales,michael31@example.org,70,Other,iPhone,2020-01-08,Product inquiry,Payment issue,Pending Customer Response,Low,Chat,19:47:00,,
6750,Loretta Chang,montesashley@example.org,64,Other,LG Washing Machine,2021-01-22,Technical issue,Display issue,Closed,Medium,Email,06:01:00,00:35:00,4
6751,Kimberly Thomas,kinglisa@example.com,50,Other,Nintendo Switch,2021-04-07,Technical issue,Product recommendation,Pending Customer Response,High,Chat,14:56:00,,
6753,Glenda Davis,vsmith@example.net,62,Female,Nintendo Switch Pro Controller,2020-10-19,Product inquiry,Delivery problem,Pending Customer Response,Medium,Email,02:57:00,,
6754,Elizabeth Wells,bentleyrandall@example.com,42,Male,Google Pixel,2021-01-08,Refund request,Account access,Closed,Critical,Email,00:57:00,04:39:00,1
6757,Kim Rowe,geraldmayer@example.net,46,Other,GoPro Action Camera,2020-08-09,Billing inquiry,Product setup,Pending Customer Response,Low,Phone,12:38:00,,
6759,Michelle Hudson,ruth63@example.com,51,Male,Dyson Vacuum Cleaner,2020-02-08,Billing inquiry,Cancellation request,Pending Customer Response,High,Social media,09:57:00,,
6760,Richard Wyatt,srobertson@example.com,44,Female,Nintendo Switch,2021-04-01,Cancellation request,Display issue,Closed,High,Chat,20:47:00,01:39:00,5
6761,Kevin Hall,keithproctor@example.org,27,Male,Adobe Photoshop,2021-08-27,Cancellation request,Product setup,Pending Customer Response,Low,Social media,14:15:00,,
6762,Scott Colon,ochandler@example.com,51,Female,Fitbit Versa Smartwatch,2021-03-02,Refund request,Product compatibility,Pending Customer Response,Low,Phone,22:31:00,,
6763,Marvin Delacruz,jillspence@example.net,43,Male,Sony Xperia,2020-09-16,Product inquiry,Battery life,Pending Customer Response,Medium,Social media,10:47:00,,
6764,Christopher Juarez,brian88@example.org,36,Other,PlayStation,2021-08-22,Technical issue,Refund request,Closed,Critical,Phone,17:35:00,06:41:00,3
6766,Michelle Morgan,sarah35@example.org,27,Female,Asus ROG,2021-08-22,Technical issue,Battery life,Closed,High,Email,03:35:00,18:46:00,3
6767,Christopher Owen,timothy29@example.net,42,Female,HP Pavilion,2020-10-21,Cancellation request,Software bug,Pending Customer Response,Critical,Social media,04:49:00,,
6769,Kelly Hernandez,jordanchelsea@example.com,60,Other,Lenovo ThinkPad,2021-08-15,Product inquiry,Account access,Closed,High,Phone,16:21:00,02:26:00,4
6772,Jessica Sanders,john81@example.com,24,Female,Samsung Soundbar,2021-12-04,Refund request,Hardware issue,Pending Customer Response,Medium,Chat,09:32:00,,
6773,James Deleon,kimberlycain@example.org,19,Female,Roomba Robot Vacuum,2021-09-01,Technical issue,Cancellation request,Pending Customer Response,Low,Email,09:18:00,,
6774,Crystal Vasquez,fullersteven@example.com,33,Male,LG Washing Machine,2020-03-14,Billing inquiry,Cancellation request,Closed,Medium,Social media,02:27:00,21:39:00,2
6775,Patricia Wu,lisaortiz@example.com,56,Male,LG Washing Machine,2021-05-09,Billing inquiry,Battery life,Closed,Medium,Chat,13:06:00,04:51:00,5
6776,Debbie Young,crystalhampton@example.org,61,Other,Canon EOS,2021-03-18,Technical issue,Product setup,Pending Customer Response,Critical,Email,19:58:00,,
6777,Megan Steele,byoder@example.com,53,Other,Roomba Robot Vacuum,2020-05-15,Product inquiry,Payment issue,Pending Customer Response,Low,Chat,13:48:00,,
6778,Lance Hayes,jeremy75@example.net,23,Female,Fitbit Charge,2020-08-18,Refund request,Hardware issue,Closed,Low,Email,20:09:00,01:28:00,2
6780,Paul Merritt,marshgregory@example.com,43,Male,Nikon D,2021-09-28,Product inquiry,Network problem,Closed,Medium,Social media,19:02:00,02:08:00,4
6781,Vincent Jones,leekyle@example.net,56,Female,Canon EOS,2021-02-19,Cancellation request,Product recommendation,Pending Customer Response,High,Social media,00:24:00,,
6783,Mark Diaz,logan89@example.org,50,Male,Samsung Soundbar,2021-05-05,Billing inquiry,Data loss,Pending Customer Response,Critical,Social media,20:30:00,,
6784,Jeffery Nelson,jessicagonzalez@example.org,45,Female,HP Pavilion,2021-03-29,Billing inquiry,Software bug,Closed,Low,Email,05:29:00,06:30:00,4
6785,Lawrence Kramer,marcusjimenez@example.com,46,Female,Sony 4K HDR TV,2021-12-07,Billing inquiry,Software bug,Closed,High,Phone,14:47:00,05:09:00,3
6786,Brian Bell,caseyroger@example.net,60,Male,HP Pavilion,2020-02-08,Product inquiry,Product compatibility,Closed,Medium,Phone,01:22:00,20:54:00,5
6788,Brian Wood,falvarez@example.org,51,Male,Microsoft Xbox Controller,2020-09-12,Refund request,Installation support,Pending Customer Response,Medium,Phone,09:59:00,,
6791,Ryan Sanders,cstevens@example.com,52,Male,Microsoft Office,2021-06-08,Cancellation request,Account access,Closed,High,Phone,20:24:00,20:08:00,1
6794,Lisa Hill,joseph37@example.net,42,Female,Autodesk AutoCAD,2021-10-19,Refund request,Cancellation request,Closed,Critical,Email,10:20:00,15:41:00,2
6797,Sandra Woods,zamorapeter@example.com,39,Female,Garmin Forerunner,2020-01-03,Cancellation request,Product compatibility,Pending Customer Response,Low,Email,02:57:00,,
6799,Adam Smith,duncanhannah@example.com,42,Male,Apple AirPods,2020-09-03,Technical issue,Account access,Pending Customer Response,High,Chat,09:21:00,,
6800,John Dixon,theresa21@example.net,21,Female,Nintendo Switch Pro Controller,2020-10-29,Technical issue,Software bug,Pending Customer Response,Low,Email,02:39:00,,
6801,Sarah Anderson,melissa42@example.com,48,Male,LG Smart TV,2021-02-01,Technical issue,Peripheral compatibility,Pending Customer Response,Medium,Chat,21:46:00,,
6806,David Levy,morrisonalex@example.com,69,Male,Samsung Soundbar,2020-01-16,Product inquiry,Account access,Pending Customer Response,Low,Chat,00:24:00,,
6807,Jonathan Poole,ethompson@example.net,26,Male,Google Nest,2021-09-26,Cancellation request,Product compatibility,Pending Customer Response,Low,Chat,06:40:00,,
6811,Ashley Martinez,eric07@example.org,19,Female,GoPro Action Camera,2020-01-08,Technical issue,Battery life,Pending Customer Response,High,Phone,18:12:00,,
6813,Hannah Guerrero,akennedy@example.org,34,Female,Nest Thermostat,2020-07-27,Technical issue,Peripheral compatibility,Closed,Critical,Social media,09:41:00,20:30:00,3
6814,Stephanie Brown,john60@example.org,29,Other,Dyson Vacuum Cleaner,2020-05-30,Cancellation request,Cancellation request,Pending Customer Response,Low,Chat,21:02:00,,
6815,William Moore,armstrongholly@example.com,65,Female,Samsung Galaxy,2020-06-25,Billing inquiry,Software bug,Closed,High,Phone,19:12:00,06:29:00,2
6816,Robert Butler,simsmichael@example.org,35,Male,Fitbit Charge,2020-12-13,Technical issue,Product compatibility,Closed,High,Social media,07:15:00,08:46:00,1
6817,Marcus Kerr,sarah27@example.org,70,Other,PlayStation,2021-08-13,Billing inquiry,Delivery problem,Closed,Low,Social media,04:08:00,16:27:00,3
6820,Kirk Delacruz,rickeyandrews@example.org,54,Other,Bose QuietComfort,2021-10-07,Technical issue,Battery life,Pending Customer Response,High,Email,09:19:00,,
6821,Sandra Maldonado,thardin@example.net,32,Male,Adobe Photoshop,2020-06-25,Refund request,Battery life,Closed,Medium,Email,15:21:00,09:32:00,4
6823,John Lara,lortiz@example.net,70,Other,Autodesk AutoCAD,2020-06-28,Technical issue,Peripheral compatibility,Closed,Medium,Chat,02:14:00,05:49:00,3
6824,Thomas Smith,echurch@example.org,31,Other,Fitbit Versa Smartwatch,2020-10-17,Refund request,Product setup,Closed,High,Social media,15:35:00,23:21:00,1
6825,Megan Alexander,bennettmorgan@example.org,22,Female,LG Washing Machine,2021-01-02,Cancellation request,Product setup,Pending Customer Response,Critical,Phone,16:05:00,,
6827,Megan Smith,treilly@example.org,56,Male,Dell XPS,2021-08-19,Product inquiry,Network problem,Pending Customer Response,Medium,Chat,19:44:00,,
6828,Frank Ruiz,carlostaylor@example.org,43,Female,MacBook Pro,2021-07-03,Product inquiry,Product compatibility,Pending Customer Response,Medium,Social media,00:17:00,,
6829,Christopher Ross Jr.,james14@example.org,42,Other,Roomba Robot Vacuum,2021-03-07,Cancellation request,Data loss,Closed,High,Social media,11:44:00,09:48:00,1
6830,Heather Cox,wilkinsoncynthia@example.com,36,Female,MacBook Pro,2020-12-24,Product inquiry,Refund request,Closed,Low,Social media,16:36:00,07:31:00,1
6831,Morgan Estrada,priceleslie@example.net,36,Female,Philips Hue Lights,2020-02-03,Billing inquiry,Product recommendation,Pending Customer Response,Medium,Chat,06:10:00,,
6832,Whitney Jackson,johnsonpaul@example.net,41,Other,Sony 4K HDR TV,2020-09-18,Technical issue,Product setup,Pending Customer Response,High,Email,06:27:00,,
6833,Ryan Cruz,millerelizabeth@example.org,35,Male,Philips Hue Lights,2020-03-11,Technical issue,Display issue,Closed,High,Phone,21:25:00,21:29:00,5
6835,Sandra Olson,aturner@example.net,48,Female,Sony Xperia,2021-09-15,Technical issue,Hardware issue,Closed,Critical,Phone,18:10:00,01:42:00,4
6838,Heather Jackson,travis94@example.com,35,Male,PlayStation,2020-02-11,Refund request,Hardware issue,Closed,Low,Social media,11:53:00,17:42:00,1
6839,Kelly Crawford,hernandezthomas@example.net,33,Female,Samsung Galaxy,2020-10-20,Technical issue,Delivery problem,Pending Customer Response,Medium,Chat,08:51:00,,
6840,Jared Smith,david79@example.com,52,Other,Canon DSLR Camera,2021-08-13,Technical issue,Product compatibility,Closed,High,Phone,02:17:00,00:37:00,1
6842,Marissa Walsh,anthonyscott@example.com,50,Other,Bose SoundLink Speaker,2021-07-30,Cancellation request,Installation support,Pending Customer Response,High,Email,10:46:00,,
6844,Kevin Kim,gonzalezrita@example.com,59,Other,Amazon Echo,2020-10-11,Product inquiry,Display issue,Pending Customer Response,Critical,Chat,22:49:00,,
6846,Jennifer Greer,stewartsamantha@example.com,23,Female,Sony 4K HDR TV,2021-01-22,Cancellation request,Network problem,Closed,High,Phone,22:01:00,07:55:00,1
6848,James Weaver,hbaird@example.net,43,Female,Microsoft Office,2020-01-31,Refund request,Hardware issue,Closed,High,Email,13:54:00,23:42:00,4
6850,Ariel Jones,reynoldselizabeth@example.com,46,Male,Fitbit Versa Smartwatch,2020-11-08,Refund request,Display issue,Pending Customer Response,Critical,Email,22:37:00,,
6851,James Matthews,mckenzie93@example.com,39,Other,Canon DSLR Camera,2020-08-30,Refund request,Peripheral compatibility,Pending Customer Response,High,Email,17:08:00,,
6852,Alison Williams,olsonphillip@example.org,36,Other,Autodesk AutoCAD,2020-01-27,Cancellation request,Software bug,Pending Customer Response,High,Email,04:11:00,,
6853,Samuel Johns,bryanbrown@example.org,25,Female,Fitbit Charge,2020-03-04,Product inquiry,Display issue,Closed,Critical,Social media,12:49:00,03:44:00,1
6855,Gina Wood,wrivera@example.com,47,Male,Microsoft Xbox Controller,2020-11-09,Technical issue,Refund request,Pending Customer Response,Low,Email,11:17:00,,
6857,Stephen Green,christopher69@example.net,65,Other,Nest Thermostat,2020-09-26,Billing inquiry,Hardware issue,Closed,Medium,Phone,20:03:00,16:02:00,5
6858,Debra Smith,davidtaylor@example.org,58,Other,Roomba Robot Vacuum,2020-10-07,Billing inquiry,Product compatibility,Pending Customer Response,Medium,Phone,18:43:00,,
6859,Jennifer Baker,angelica34@example.net,52,Female,Roomba Robot Vacuum,2020-08-25,Product inquiry,Account access,Pending Customer Response,Low,Email,03:19:00,,
6860,Cynthia Carter,mercerrandy@example.net,33,Other,Garmin Forerunner,2021-05-25,Technical issue,Cancellation request,Pending Customer Response,Critical,Phone,10:10:00,,
6862,Beth Ramsey,ijohnson@example.net,19,Female,Xbox,2020-11-30,Refund request,Account access,Pending Customer Response,Critical,Social media,07:03:00,,
6863,Kevin Jennings,lisadean@example.com,32,Other,Samsung Galaxy,2020-11-05,Product inquiry,Product recommendation,Pending Customer Response,High,Chat,07:31:00,,
6865,Mackenzie Burns,deannakaiser@example.com,53,Male,MacBook Pro,2020-02-14,Refund request,Refund request,Pending Customer Response,High,Phone,11:52:00,,
6866,Sean Turner,wrightmichael@example.net,35,Other,Apple AirPods,2020-02-23,Product inquiry,Product recommendation,Pending Customer Response,Medium,Chat,17:41:00,,
6867,Angela Martin,julia71@example.com,18,Female,GoPro Hero,2021-01-05,Billing inquiry,Product recommendation,Pending Customer Response,High,Phone,14:50:00,,
6868,Victoria Duran,alicedillon@example.com,55,Other,LG Washing Machine,2021-05-12,Product inquiry,Product setup,Closed,High,Email,10:00:00,02:34:00,1
6869,Jeffrey Johnson,hubbardmichelle@example.org,31,Other,Sony PlayStation,2020-02-26,Technical issue,Account access,Closed,Medium,Chat,19:18:00,23:36:00,3
6870,David Martinez,kdalton@example.net,36,Other,Bose QuietComfort,2021-11-11,Billing inquiry,Product compatibility,Pending Customer Response,Critical,Social media,17:24:00,,
6871,Trevor Lee,uhernandez@example.net,64,Female,Microsoft Surface,2020-09-24,Product inquiry,Installation support,Pending Customer Response,Medium,Phone,04:32:00,,
6876,Daniel Smith,isaac15@example.org,37,Female,Canon EOS,2021-02-25,Billing inquiry,Cancellation request,Pending Customer Response,Low,Email,16:51:00,,
6877,Sarah Shaw,ibird@example.net,21,Female,Adobe Photoshop,2020-02-27,Technical issue,Software bug,Pending Customer Response,Medium,Phone,08:01:00,,
6880,Kristen Hamilton,erussell@example.net,23,Female,Dyson Vacuum Cleaner,2020-02-05,Refund request,Refund request,Pending Customer Response,High,Phone,16:36:00,,
6882,David Montgomery,ahicks@example.com,20,Other,Amazon Echo,2020-07-13,Cancellation request,Data loss,Closed,Critical,Email,03:36:00,03:46:00,2
6884,Phillip Rose,ddavis@example.org,51,Other,Sony PlayStation,2021-10-13,Technical issue,Product setup,Closed,Low,Social media,00:47:00,10:25:00,1
6886,Robin Turner,michael32@example.org,50,Female,LG OLED,2020-09-09,Billing inquiry,Payment issue,Pending Customer Response,Low,Phone,11:57:00,,
6887,Rhonda Fox,cnelson@example.org,30,Female,Roomba Robot Vacuum,2020-06-04,Refund request,Network problem,Closed,Medium,Phone,01:02:00,12:10:00,1
6889,Brian Clark,elizabethwilcox@example.org,56,Female,Lenovo ThinkPad,2021-03-27,Billing inquiry,Battery life,Pending Customer Response,Low,Chat,04:20:00,,
6890,Jeffrey Rivera,jamesgarcia@example.com,53,Female,Lenovo ThinkPad,2020-08-07,Refund request,Network problem,Closed,High,Email,21:42:00,07:57:00,2
6891,Patrick Baker,davidsontracey@example.org,34,Male,Bose QuietComfort,2021-03-29,Product inquiry,Battery life,Closed,Low,Social media,11:12:00,20:54:00,3
6892,Susan Washington,maria85@example.net,26,Female,PlayStation,2020-09-09,Billing inquiry,Refund request,Closed,Medium,Social media,15:51:00,19:17:00,2
6893,Jessica Lucero,davidellis@example.com,70,Other,HP Pavilion,2021-05-06,Cancellation request,Delivery problem,Pending Customer Response,Critical,Email,11:58:00,,
6894,Wayne Mann,joefrancis@example.com,67,Male,Nest Thermostat,2021-02-18,Refund request,Product setup,Closed,Low,Phone,18:54:00,17:52:00,3
6896,Melissa Henderson,dfoley@example.net,24,Other,Nikon D,2021-07-23,Product inquiry,Product compatibility,Pending Customer Response,Medium,Email,15:27:00,,
6897,Jeffrey Hodge,hroberts@example.org,60,Other,Autodesk AutoCAD,2020-05-30,Refund request,Hardware issue,Closed,Low,Phone,22:04:00,16:30:00,2
6899,Rhonda Gray,kyle68@example.org,47,Other,Philips Hue Lights,2021-11-15,Cancellation request,Hardware issue,Pending Customer Response,Medium,Phone,21:13:00,,
6900,Dale Luna,steven69@example.org,19,Female,GoPro Action Camera,2021-10-27,Product inquiry,Network problem,Closed,Medium,Phone,13:38:00,11:03:00,1
6901,Kevin Powers,mayanna@example.org,54,Other,HP Pavilion,2021-10-07,Cancellation request,Product setup,Closed,Low,Social media,12:54:00,07:33:00,4
6902,Amber Long,ramosraymond@example.com,52,Female,Fitbit Versa Smartwatch,2020-12-15,Billing inquiry,Cancellation request,Closed,Critical,Email,01:19:00,11:04:00,1
6903,Diana Wright,jessica13@example.com,45,Male,LG Smart TV,2020-03-14,Technical issue,Battery life,Pending Customer Response,Medium,Email,23:02:00,,
6905,Lisa Mcmillan,beankristy@example.com,29,Female,Microsoft Surface,2020-12-26,Product inquiry,Network problem,Pending Customer Response,Medium,Phone,08:15:00,,
6906,Vanessa Tate,donna63@example.net,54,Other,Nintendo Switch Pro Controller,2020-01-24,Technical issue,Software bug,Pending Customer Response,Critical,Chat,02:15:00,,
6907,Shannon Hayes,samueldowns@example.net,63,Other,Lenovo ThinkPad,2021-11-28,Billing inquiry,Peripheral compatibility,Closed,Critical,Phone,04:57:00,03:34:00,1
6908,Douglas Griffith,brian07@example.com,69,Male,Lenovo ThinkPad,2020-03-20,Refund request,Peripheral compatibility,Pending Customer Response,High,Phone,11:51:00,,
6909,Michael Wilson,julie37@example.org,26,Other,Microsoft Surface,2021-03-13,Billing inquiry,Software bug,Pending Customer Response,Medium,Chat,14:01:00,,
6910,Susan Morrison,lawrencekhan@example.org,20,Female,Bose SoundLink Speaker,2020-05-29,Refund request,Refund request,Closed,Medium,Email,01:34:00,01:58:00,2
6911,Shawn Phillips,isilva@example.com,56,Other,GoPro Hero,2021-08-29,Product inquiry,Hardware issue,Closed,Critical,Chat,09:19:00,12:22:00,5
6913,Matthew Barrett,nathanwilliams@example.com,36,Other,Sony 4K HDR TV,2021-09-30,Product inquiry,Network problem,Pending Customer Response,Critical,Social media,10:58:00,,
6914,Christina Conner,enewton@example.net,46,Other,Dyson Vacuum Cleaner,2021-09-12,Billing inquiry,Installation support,Closed,Medium,Phone,17:13:00,00:34:00,4
6915,Kimberly Johnston,matthewaguirre@example.net,41,Other,Microsoft Surface,2020-03-19,Cancellation request,Battery life,Pending Customer Response,Medium,Phone,00:46:00,,
6916,Ronald Goodman,tpeterson@example.org,44,Male,Fitbit Versa Smartwatch,2021-03-03,Refund request,Hardware issue,Pending Customer Response,Medium,Phone,18:06:00,,
6918,Phillip Cole,sandrasilva@example.net,60,Male,Xbox,2021-05-16,Cancellation request,Data loss,Pending Customer Response,High,Email,16:56:00,,
6919,Jessica Erickson,amberbarajas@example.com,70,Male,Nintendo Switch,2020-03-24,Refund request,Peripheral compatibility,Pending Customer Response,High,Chat,10:41:00,,
6922,Jason Wallace,alyssa44@example.org,62,Female,Google Pixel,2021-02-25,Billing inquiry,Display issue,Closed,Critical,Email,19:30:00,19:00:00,3
6923,Lynn Scott,ghernandez@example.com,63,Other,Google Pixel,2020-11-07,Refund request,Product compatibility,Pending Customer Response,Low,Chat,18:31:00,,
6924,Claudia Smith,amber13@example.com,65,Male,Fitbit Charge,2021-09-12,Cancellation request,Network problem,Pending Customer Response,Medium,Email,17:51:00,,
6925,John Graham,umorrow@example.net,50,Male,Nest Thermostat,2021-10-18,Refund request,Installation support,Pending Customer Response,Low,Phone,21:31:00,,
6927,Marcus Greene,zclark@example.com,21,Female,Microsoft Surface,2021-08-19,Refund request,Installation support,Pending Customer Response,Critical,Social media,00:06:00,,
6928,Joe Rios,jason02@example.org,22,Male,LG Washing Machine,2021-02-24,Refund request,Refund request,Pending Customer Response,Low,Chat,06:45:00,,
6933,Andrew Yu,xrose@example.com,41,Other,Microsoft Office,2020-03-15,Billing inquiry,Hardware issue,Closed,Low,Email,10:29:00,13:40:00,3
6936,Jessica Pham,chudson@example.org,66,Male,Asus ROG,2021-01-13,Billing inquiry,Software bug,Closed,Medium,Phone,02:21:00,06:01:00,2
6937,Dylan Lutz,stephaniehenson@example.net,51,Male,Nintendo Switch Pro Controller,2021-08-11,Billing inquiry,Cancellation request,Closed,Medium,Email,20:45:00,21:08:00,4
6938,Megan Ortiz,alec49@example.com,60,Female,Bose QuietComfort,2020-12-28,Product inquiry,Product compatibility,Closed,Critical,Social media,14:24:00,06:01:00,3
6939,Tammy Johnson,wjoyce@example.com,25,Other,Asus ROG,2021-04-11,Billing inquiry,Product recommendation,Pending Customer Response,High,Email,10:12:00,,
6940,Jordan Shaffer,nlogan@example.org,69,Female,Fitbit Versa Smartwatch,2020-06-15,Product inquiry,Network problem,Pending Customer Response,Critical,Chat,01:07:00,,
6941,Jessica Dunn,umccarthy@example.com,30,Female,Sony Xperia,2020-08-08,Refund request,Payment issue,Pending Customer Response,Low,Social media,13:38:00,,
6942,Amy Ochoa,sburke@example.org,28,Other,Canon EOS,2020-04-07,Technical issue,Hardware issue,Pending Customer Response,Low,Chat,20:00:00,,
6943,Larry Garza,kevindominguez@example.com,25,Female,LG OLED,2021-12-15,Billing inquiry,Data loss,Pending Customer Response,Medium,Social media,08:29:00,,
6944,Daniel Hansen,nstuart@example.org,26,Other,Nest Thermostat,2021-11-05,Technical issue,Product compatibility,Pending Customer Response,High,Phone,03:38:00,,
6946,Lisa Conway,jerry94@example.com,51,Male,Canon EOS,2020-11-13,Product inquiry,Installation support,Closed,High,Phone,05:51:00,20:48:00,5
6949,Timothy Graves,amandahuffman@example.com,44,Other,Google Nest,2020-09-08,Billing inquiry,Product recommendation,Pending Customer Response,Low,Social media,04:59:00,,
6952,Alexandria Wilson,gtyler@example.org,21,Other,Asus ROG,2021-02-05,Refund request,Battery life,Closed,Medium,Email,12:57:00,22:14:00,3
6953,Mark Williamson,sarah83@example.com,39,Male,Google Nest,2021-08-22,Refund request,Product recommendation,Pending Customer Response,Low,Chat,09:56:00,,
6955,Erin Tran,mfox@example.com,60,Male,Sony 4K HDR TV,2021-11-12,Refund request,Account access,Pending Customer Response,High,Chat,17:33:00,,
6956,Traci Dominguez,laura13@example.com,36,Female,Nest Thermostat,2021-08-07,Refund request,Payment issue,Pending Customer Response,High,Chat,08:53:00,,
6957,Christopher Daniels,breannamercado@example.org,61,Male,Google Pixel,2020-12-18,Product inquiry,Product setup,Closed,Low,Chat,05:57:00,07:02:00,3
6958,Vanessa Cox,kristinescott@example.org,62,Male,Canon EOS,2021-08-16,Product inquiry,Payment issue,Pending Customer Response,Low,Phone,10:17:00,,
6959,Denise Bennett,dylan31@example.net,53,Female,LG Smart TV,2021-02-09,Refund request,Cancellation request,Closed,High,Email,06:54:00,00:51:00,3
6960,Tammy Williams,patrickcox@example.net,30,Female,Apple AirPods,2021-09-23,Cancellation request,Software bug,Pending Customer Response,Critical,Chat,11:24:00,,
6961,Brian Nguyen,vadams@example.com,58,Female,Microsoft Office,2021-09-07,Product inquiry,Account access,Pending Customer Response,Low,Chat,14:00:00,,
6962,Gregory Robinson,brownmichael@example.org,65,Male,Google Pixel,2021-11-15,Billing inquiry,Software bug,Closed,High,Phone,19:02:00,17:48:00,3
6963,David Castillo,erik82@example.org,29,Male,Bose SoundLink Speaker,2020-01-25,Technical issue,Peripheral compatibility,Pending Customer Response,Medium,Email,02:32:00,,
6965,Jessica Kim,wlambert@example.net,60,Male,Nest Thermostat,2021-08-10,Product inquiry,Peripheral compatibility,Closed,Medium,Social media,04:20:00,14:41:00,3
6967,Mr. Christian Henson Jr.,ericperry@example.com,45,Male,Amazon Echo,2020-01-08,Refund request,Display issue,Closed,Medium,Phone,08:37:00,21:10:00,2
6968,Mrs. Leah Harris,fward@example.net,44,Male,Microsoft Xbox Controller,2020-08-23,Refund request,Product setup,Closed,Critical,Social media,17:25:00,19:53:00,2
6969,Sharon Butler,tmoreno@example.net,66,Other,HP Pavilion,2020-06-22,Technical issue,Refund request,Pending Customer Response,Low,Chat,15:53:00,,
6970,Carolyn Flores,chanjerome@example.net,48,Female,Asus ROG,2020-09-28,Cancellation request,Payment issue,Pending Customer Response,Low,Email,12:04:00,,
6971,Timothy Benson,carlabarry@example.org,18,Male,Adobe Photoshop,2020-12-30,Cancellation request,Display issue,Pending Customer Response,Medium,Phone,06:09:00,,
6972,Sophia Morgan,stevensonnatalie@example.org,53,Other,Asus ROG,2020-01-20,Cancellation request,Battery life,Pending Customer Response,Critical,Email,22:04:00,,
6973,Matthew Wong,lucasstone@example.com,57,Female,Xbox,2021-03-18,Technical issue,Data loss,Pending Customer Response,High,Phone,10:06:00,,
6975,Brenda Martin,qcohen@example.net,34,Male,MacBook Pro,2020-09-27,Cancellation request,Installation support,Closed,High,Social media,00:15:00,19:27:00,4
6976,Kenneth Wise,hmacdonald@example.net,34,Male,Garmin Forerunner,2020-09-15,Refund request,Software bug,Closed,Low,Email,01:16:00,16:59:00,4
6977,Rachael Carpenter,vjohnson@example.net,34,Male,Google Pixel,2021-10-20,Product inquiry,Installation support,Closed,Medium,Social media,08:38:00,06:19:00,5
6978,Nathan Sheppard,johnsoncatherine@example.com,42,Female,PlayStation,2020-12-15,Refund request,Product setup,Pending Customer Response,Low,Chat,05:06:00,,
6980,Christian Snow,brucewhite@example.com,27,Female,iPhone,2021-10-02,Technical issue,Display issue,Pending Customer Response,Low,Social media,07:43:00,,
6982,Justin Melton,alexandraholmes@example.net,22,Male,Dyson Vacuum Cleaner,2020-11-24,Product inquiry,Delivery problem,Pending Customer Response,Low,Social media,17:27:00,,
6983,Kimberly Johnson,martinezmegan@example.org,67,Other,Apple AirPods,2021-12-05,Technical issue,Refund request,Closed,Low,Social media,01:02:00,05:53:00,3
6984,Joshua Johnson,xclark@example.com,43,Female,Bose SoundLink Speaker,2021-09-12,Cancellation request,Product setup,Closed,Critical,Social media,11:07:00,01:01:00,3
6985,David Walters,asmith@example.com,18,Female,Garmin Forerunner,2020-07-25,Billing inquiry,Account access,Closed,High,Phone,05:25:00,10:09:00,1
6988,Lisa Rodriguez,lgregory@example.org,33,Female,MacBook Pro,2020-08-01,Billing inquiry,Refund request,Pending Customer Response,High,Email,02:59:00,,
6990,Alicia Medina,huffbrenda@example.com,37,Male,Sony PlayStation,2020-09-18,Cancellation request,Software bug,Pending Customer Response,Low,Email,23:32:00,,
6992,Christy Phillips,melvintaylor@example.net,61,Female,Amazon Kindle,2020-06-23,Technical issue,Installation support,Pending Customer Response,Critical,Phone,12:08:00,,
6993,Kelly May,pamela67@example.com,44,Male,Sony PlayStation,2020-06-16,Billing inquiry,Hardware issue,Closed,High,Chat,01:33:00,21:16:00,5
6995,Christian Smith,sprice@example.org,70,Male,Samsung Galaxy,2021-09-10,Technical issue,Software bug,Closed,Low,Email,03:31:00,00:25:00,4
6996,Jessica Brown,nicholaslambert@example.org,44,Other,Nest Thermostat,2021-12-05,Cancellation request,Display issue,Closed,Critical,Phone,19:26:00,11:37:00,2
6998,Angela Miller,jacksonedward@example.com,44,Male,Nintendo Switch Pro Controller,2020-11-02,Billing inquiry,Payment issue,Closed,Critical,Phone,03:15:00,08:48:00,5
7000,John Walker,fhayes@example.net,65,Other,Roomba Robot Vacuum,2020-11-21,Billing inquiry,Software bug,Closed,Critical,Chat,06:56:00,07:28:00,5
7001,Anthony Webb,kmcclure@example.net,31,Male,Microsoft Xbox Controller,2021-06-07,Refund request,Hardware issue,Closed,Low,Phone,00:34:00,10:18:00,3
7002,Debbie West,kellercandice@example.net,69,Male,HP Pavilion,2020-08-28,Refund request,Hardware issue,Closed,Low,Email,19:24:00,23:47:00,2
7003,Brenda Beard,lisasalinas@example.com,31,Other,Dyson Vacuum Cleaner,2020-09-06,Cancellation request,Battery life,Closed,Medium,Phone,19:14:00,14:43:00,3
7004,Ronald Miller,gwashington@example.com,69,Other,LG Washing Machine,2021-12-24,Technical issue,Cancellation request,Pending Customer Response,Critical,Chat,11:37:00,,
7005,Tiffany Schmidt,ojenkins@example.com,65,Male,Apple AirPods,2020-09-29,Technical issue,Delivery problem,Closed,High,Social media,19:01:00,10:28:00,3
7006,Jason Fernandez,martinyang@example.org,41,Other,Fitbit Charge,2021-12-24,Product inquiry,Product setup,Closed,Low,Email,04:20:00,11:36:00,1
7007,Phyllis Gomez,kelly61@example.com,43,Other,Philips Hue Lights,2021-10-05,Product inquiry,Payment issue,Pending Customer Response,High,Chat,17:25:00,,
7009,Jessica Lara,ylyons@example.com,20,Female,LG OLED,2021-01-10,Billing inquiry,Data loss,Closed,Medium,Social media,05:14:00,03:29:00,5
7011,Ms. Tiffany Jackson DDS,christopherdiaz@example.com,54,Other,GoPro Action Camera,2020-05-05,Product inquiry,Product compatibility,Pending Customer Response,High,Social media,19:21:00,,
7013,Elizabeth Combs,cgarcia@example.com,58,Female,MacBook Pro,2020-03-09,Product inquiry,Display issue,Pending Customer Response,Medium,Email,00:15:00,,
7014,Robert Wilkins,kathryn29@example.net,29,Female,Philips Hue Lights,2021-12-02,Cancellation request,Network problem,Closed,Medium,Social media,20:48:00,16:33:00,1
7015,Dr. Jennifer Wood,cwilliams@example.org,55,Female,Roomba Robot Vacuum,2020-09-06,Refund request,Product setup,Pending Customer Response,Low,Chat,23:21:00,,
7016,Kenneth Wheeler,ereid@example.com,67,Other,Samsung Galaxy,2021-07-23,Product inquiry,Product setup,Pending Customer Response,Critical,Social media,03:30:00,,
7019,Robert Meza,chelseygarcia@example.net,29,Female,Microsoft Office,2021-11-21,Cancellation request,Account access,Closed,High,Chat,10:04:00,20:09:00,1
7020,Steven Johnson,woodwardgregory@example.org,23,Male,GoPro Action Camera,2020-08-21,Billing inquiry,Data loss,Pending Customer Response,Critical,Phone,19:54:00,,
7021,Cynthia Wilson,marialucas@example.net,50,Other,Bose SoundLink Speaker,2020-07-10,Cancellation request,Refund request,Pending Customer Response,Low,Phone,05:48:00,,
7022,Monica Olson,danielle55@example.com,44,Female,HP Pavilion,2021-11-03,Billing inquiry,Account access,Pending Customer Response,Medium,Phone,22:26:00,,
7023,Mrs. Marcia Lewis,bushlindsay@example.org,63,Male,Bose SoundLink Speaker,2020-05-16,Technical issue,Display issue,Pending Customer Response,High,Email,10:08:00,,
7024,John Ramsey,annetteclay@example.net,21,Male,Sony Xperia,2020-01-10,Billing inquiry,Product setup,Pending Customer Response,Low,Social media,20:38:00,,
7025,Phillip Gaines,emily69@example.com,33,Male,Apple AirPods,2021-06-07,Cancellation request,Account access,Closed,Medium,Social media,03:29:00,06:35:00,3
7026,Samuel Jenkins,qstevens@example.org,37,Male,Google Nest,2020-09-18,Technical issue,Data loss,Pending Customer Response,Medium,Social media,01:53:00,,
7027,Tina Thomas,nortonstephen@example.com,20,Female,Dell XPS,2021-07-03,Technical issue,Network problem,Closed,Critical,Email,04:15:00,15:45:00,2
7029,Mark Sanchez,jasonharris@example.net,54,Female,Sony Xperia,2021-10-26,Technical issue,Account access,Closed,High,Phone,11:14:00,04:33:00,1
7030,Bryan Lee,edgar21@example.net,33,Other,PlayStation,2020-11-14,Billing inquiry,Refund request,Closed,Critical,Phone,04:51:00,15:12:00,1
7031,James Welch,thomasstone@example.net,52,Other,MacBook Pro,2020-06-17,Technical issue,Product compatibility,Pending Customer Response,Critical,Email,22:40:00,,
7032,Mrs. Andrea Morales,yzavala@example.net,36,Other,iPhone,2020-12-15,Cancellation request,Account access,Pending Customer Response,Low,Email,20:30:00,,
7033,Kristin Morgan,villarreallinda@example.org,20,Other,Apple AirPods,2020-02-29,Refund request,Data loss,Pending Customer Response,Medium,Chat,15:42:00,,
7035,Richard Lara,vrogers@example.org,67,Other,Asus ROG,2020-05-18,Technical issue,Product setup,Pending Customer Response,High,Phone,03:05:00,,
7036,Janice Harris,jesus85@example.net,24,Female,Autodesk AutoCAD,2021-02-01,Cancellation request,Installation support,Pending Customer Response,Critical,Chat,21:27:00,,
7038,Julie Johnson,kathleenjones@example.net,64,Other,Canon EOS,2020-04-15,Refund request,Delivery problem,Closed,High,Email,06:58:00,11:46:00,1
7040,Nicholas Hernandez,micheal23@example.com,30,Other,Nest Thermostat,2021-07-13,Product inquiry,Product recommendation,Closed,Critical,Social media,02:35:00,10:34:00,2
7042,Joanna Hoover,trichardson@example.net,52,Male,Bose QuietComfort,2021-04-19,Refund request,Refund request,Closed,Low,Email,04:03:00,03:09:00,3
7043,Carol Hernandez,paul68@example.org,25,Male,Samsung Soundbar,2020-12-22,Technical issue,Hardware issue,Pending Customer Response,Critical,Social media,06:22:00,,
7044,Lisa Sparks,xbrowning@example.net,58,Other,Fitbit Versa Smartwatch,2020-05-16,Cancellation request,Product compatibility,Pending Customer Response,High,Chat,10:08:00,,
7046,Stephanie Austin,rodgersjill@example.com,41,Other,Microsoft Xbox Controller,2021-07-04,Technical issue,Display issue,Pending Customer Response,Critical,Social media,02:47:00,,
7049,Christopher Lewis,pamela26@example.com,64,Female,Samsung Galaxy,2020-08-13,Billing inquiry,Cancellation request,Pending Customer Response,Medium,Chat,11:08:00,,
7051,Andrea Mccarthy,lroberts@example.org,65,Male,LG Smart TV,2021-07-23,Cancellation request,Refund request,Pending Customer Response,Low,Email,18:25:00,,
7052,Brittney Jordan,tnelson@example.net,70,Female,Dell XPS,2021-11-10,Technical issue,Hardware issue,Closed,High,Phone,23:26:00,14:04:00,3
7053,Joel Reed,justinhays@example.net,26,Female,Dell XPS,2020-11-24,Cancellation request,Delivery problem,Pending Customer Response,Low,Social media,19:56:00,,
7054,Erin Horton,nelsonnancy@example.net,27,Male,LG OLED,2020-08-17,Refund request,Product recommendation,Pending Customer Response,Medium,Phone,20:27:00,,
7055,Kyle Mcdonald,dpatton@example.org,27,Other,Amazon Echo,2020-09-13,Product inquiry,Product compatibility,Closed,Low,Email,11:50:00,14:21:00,2
7056,John Cole PhD,belinda47@example.net,68,Other,Adobe Photoshop,2020-10-30,Refund request,Display issue,Closed,Low,Chat,14:19:00,05:51:00,5
7057,Michael Pierce,karentran@example.net,31,Male,Asus ROG,2020-12-08,Cancellation request,Network problem,Closed,Medium,Email,04:45:00,09:23:00,5
7058,Jason Miles,amy73@example.org,60,Male,Roomba Robot Vacuum,2021-04-21,Cancellation request,Delivery problem,Closed,High,Email,17:39:00,05:06:00,4
7059,Cheryl Hill,brendaclark@example.net,39,Male,Sony 4K HDR TV,2020-09-21,Technical issue,Refund request,Pending Customer Response,High,Chat,19:35:00,,
7061,Paul Boone,dmelendez@example.net,35,Other,Apple AirPods,2021-02-01,Billing inquiry,Software bug,Closed,Low,Social media,05:00:00,04:34:00,3
7062,Andrew Coleman,uhenderson@example.net,63,Female,Asus ROG,2020-09-25,Cancellation request,Delivery problem,Pending Customer Response,Low,Social media,12:40:00,,
7063,Matthew Barber,ruizandrew@example.org,51,Other,Roomba Robot Vacuum,2021-08-29,Refund request,Refund request,Closed,Medium,Social media,23:05:00,05:28:00,5
7064,Angelica Price,qjennings@example.org,54,Female,Garmin Forerunner,2020-12-14,Refund request,Product compatibility,Closed,High,Social media,07:02:00,08:37:00,4
7065,William Pacheco,alexisweaver@example.org,56,Female,Fitbit Versa Smartwatch,2021-12-04,Technical issue,Display issue,Closed,Critical,Phone,03:14:00,02:56:00,1
7066,Gabriel Combs,kathy75@example.org,34,Other,iPhone,2021-07-07,Technical issue,Product setup,Pending Customer Response,High,Phone,17:34:00,,
7067,Allen Sosa,lfisher@example.net,39,Other,Canon DSLR Camera,2021-03-04,Billing inquiry,Payment issue,Pending Customer Response,Medium,Social media,12:54:00,,
7068,Tracie Powers,melvinhenderson@example.net,44,Female,Dyson Vacuum Cleaner,2020-06-06,Product inquiry,Product setup,Pending Customer Response,Low,Phone,04:30:00,,
7069,Tina Martin,ashley93@example.org,54,Male,Samsung Soundbar,2020-04-20,Product inquiry,Payment issue,Pending Customer Response,Medium,Email,02:58:00,,
7072,Jennifer Mccarthy,huynhjennifer@example.net,26,Female,Dyson Vacuum Cleaner,2021-03-30,Billing inquiry,Network problem,Closed,Medium,Chat,11:16:00,10:52:00,2
7073,Kevin Ashley,schneiderjanet@example.org,56,Other,Asus ROG,2021-08-27,Technical issue,Product compatibility,Closed,Critical,Chat,03:20:00,10:58:00,5
7075,Allison Castro,ruben34@example.org,33,Female,Autodesk AutoCAD,2020-03-23,Cancellation request,Payment issue,Pending Customer Response,Medium,Social media,05:04:00,,
7076,Erica Reed,carsonjames@example.net,64,Male,Roomba Robot Vacuum,2021-01-22,Product inquiry,Battery life,Closed,Low,Social media,02:08:00,10:49:00,4
7077,Samantha Fowler,jpatton@example.net,18,Other,LG OLED,2020-03-21,Billing inquiry,Hardware issue,Pending Customer Response,Low,Email,21:07:00,,
7078,Dawn Salazar,mary79@example.com,40,Other,Roomba Robot Vacuum,2020-11-23,Refund request,Data loss,Pending Customer Response,High,Chat,00:15:00,,
7079,Wesley Randall,bbutler@example.net,20,Male,Sony Xperia,2020-03-11,Billing inquiry,Product compatibility,Pending Customer Response,High,Chat,17:02:00,,
7080,Erica Nixon,chasewilkinson@example.net,45,Male,Google Nest,2021-03-01,Product inquiry,Software bug,Closed,Medium,Phone,13:31:00,17:04:00,4
7084,Evan Patterson,james98@example.com,39,Other,MacBook Pro,2020-11-26,Product inquiry,Installation support,Pending Customer Response,High,Phone,01:47:00,,
7086,Ethan Orr,justinrodriguez@example.org,38,Male,Sony 4K HDR TV,2020-04-04,Technical issue,Network problem,Pending Customer Response,Low,Chat,00:27:00,,
7088,Stephanie Foster,bflynn@example.net,51,Male,Microsoft Surface,2020-05-06,Refund request,Product setup,Pending Customer Response,Critical,Social media,01:06:00,,
7089,Cathy Daniels,mckayjohn@example.net,51,Female,Lenovo ThinkPad,2020-06-15,Billing inquiry,Software bug,Pending Customer Response,Medium,Phone,22:42:00,,
7091,Frank Gay,gomezjoshua@example.net,57,Male,Lenovo ThinkPad,2020-07-29,Refund request,Battery life,Closed,Medium,Social media,00:23:00,16:05:00,3
7094,Terry Morales,michaelblevins@example.net,47,Male,Nikon D,2020-03-06,Cancellation request,Refund request,Pending Customer Response,Low,Phone,19:19:00,,
7096,Julie Christensen,whitedalton@example.net,58,Female,Adobe Photoshop,2020-03-29,Billing inquiry,Product setup,Closed,Medium,Email,14:56:00,04:48:00,5
7097,Luke Stewart,langrobert@example.com,20,Other,Microsoft Xbox Controller,2021-05-29,Technical issue,Product compatibility,Closed,High,Social media,06:51:00,00:03:00,3
7098,Jose King,hhill@example.net,51,Other,LG Smart TV,2020-11-07,Billing inquiry,Battery life,Closed,High,Social media,13:18:00,14:00:00,1
7100,Joshua Miller,ryan75@example.net,50,Male,Sony PlayStation,2020-04-13,Refund request,Installation support,Closed,Medium,Email,12:09:00,17:47:00,5
7101,Larry Weaver,michelle45@example.net,59,Male,Canon EOS,2021-07-30,Technical issue,Refund request,Pending Customer Response,Critical,Email,02:41:00,,
7103,James Stevenson,tturner@example.net,43,Other,iPhone,2020-02-17,Billing inquiry,Refund request,Closed,High,Chat,15:24:00,15:46:00,1
7106,Christopher Koch,ytownsend@example.org,44,Female,Samsung Galaxy,2020-07-18,Billing inquiry,Display issue,Closed,Medium,Chat,16:25:00,07:26:00,4
7107,Cynthia Vasquez DVM,tracyfry@example.net,38,Female,Roomba Robot Vacuum,2020-04-04,Billing inquiry,Product setup,Closed,Medium,Phone,09:52:00,21:18:00,4
7108,Jordan Gonzalez,bzimmerman@example.org,22,Male,LG Smart TV,2021-06-15,Technical issue,Delivery problem,Closed,High,Phone,01:04:00,01:00:00,3
7109,Jeffrey Hodges,daltonsherman@example.org,24,Male,Roomba Robot Vacuum,2020-05-05,Product inquiry,Battery life,Closed,Low,Chat,09:50:00,18:31:00,4
7110,Debra Meyer DDS,zgriffith@example.org,40,Other,Autodesk AutoCAD,2020-03-01,Product inquiry,Refund request,Pending Customer Response,Medium,Email,08:22:00,,
7111,Steven Cooper,danielscott@example.net,57,Female,Sony PlayStation,2021-01-10,Product inquiry,Refund request,Pending Customer Response,Critical,Social media,04:12:00,,
7112,Jeremy Cox,uleach@example.net,56,Female,GoPro Action Camera,2021-12-01,Technical issue,Delivery problem,Closed,Low,Chat,03:28:00,02:52:00,1
7113,Brenda Schultz,reedzachary@example.org,47,Other,Nintendo Switch Pro Controller,2020-12-21,Technical issue,Product compatibility,Pending Customer Response,Medium,Email,14:31:00,,
7114,Aaron Stephens,geoffrey94@example.net,43,Male,Amazon Echo,2021-09-19,Billing inquiry,Account access,Pending Customer Response,Medium,Chat,10:41:00,,
7116,Tyler Jennings,danielle37@example.org,45,Other,GoPro Hero,2020-04-15,Technical issue,Product compatibility,Closed,High,Phone,15:20:00,03:58:00,3
7118,Gary Boyd,bryan71@example.com,48,Male,Dyson Vacuum Cleaner,2020-07-06,Refund request,Product setup,Pending Customer Response,Critical,Phone,12:29:00,,
7119,Angela Lozano,gomezaaron@example.net,46,Other,Google Nest,2020-09-22,Cancellation request,Battery life,Closed,High,Social media,21:02:00,13:03:00,1
7121,Grace Ortiz,cynthiabernard@example.org,55,Female,Microsoft Office,2021-12-05,Refund request,Display issue,Closed,Low,Email,20:54:00,03:28:00,3
7122,Timothy Blanchard,lindsey25@example.com,30,Male,HP Pavilion,2020-05-14,Product inquiry,Peripheral compatibility,Closed,Critical,Chat,05:04:00,02:15:00,5
7124,Jacob Peterson,gcrawford@example.org,20,Female,Xbox,2021-07-10,Technical issue,Product recommendation,Closed,Critical,Social media,07:15:00,07:20:00,3
7127,Mrs. Victoria Brown,perrylaurie@example.com,30,Female,Amazon Echo,2021-01-19,Refund request,Product recommendation,Closed,Medium,Social media,08:32:00,14:41:00,2
7128,Kenneth Jordan,david68@example.com,28,Male,Dyson Vacuum Cleaner,2021-03-21,Technical issue,Account access,Closed,Low,Phone,03:58:00,11:24:00,5
7129,Amanda Wilson,bradsherman@example.com,18,Female,Nest Thermostat,2020-02-03,Billing inquiry,Refund request,Pending Customer Response,High,Social media,12:37:00,,
7130,Beth Morton,nicole02@example.com,49,Female,Dyson Vacuum Cleaner,2020-09-14,Cancellation request,Account access,Closed,High,Phone,07:48:00,09:31:00,3
7132,Jessica Thomas,iroman@example.org,20,Male,Apple AirPods,2021-04-02,Refund request,Delivery problem,Closed,Low,Chat,20:28:00,20:38:00,3
7133,Joseph Moore,victoria68@example.net,62,Female,Lenovo ThinkPad,2020-02-03,Product inquiry,Refund request,Pending Customer Response,High,Email,01:08:00,,
7135,Jerry Rodgers,eric03@example.org,56,Male,Nintendo Switch,2020-09-03,Billing inquiry,Installation support,Pending Customer Response,Low,Email,19:50:00,,
7136,Anne Esparza,william29@example.com,29,Female,PlayStation,2021-06-09,Technical issue,Refund request,Closed,Low,Social media,20:20:00,00:10:00,1
7137,Lisa Fisher,jonathan91@example.net,28,Male,Apple AirPods,2021-08-23,Technical issue,Product recommendation,Closed,Low,Social media,14:01:00,10:10:00,2
7139,Jennifer Smith,perezchristine@example.org,26,Female,Canon DSLR Camera,2020-03-01,Billing inquiry,Data loss,Closed,Low,Social media,22:59:00,19:31:00,4
7140,Mary Stewart,shannon96@example.com,65,Female,Amazon Echo,2021-03-14,Billing inquiry,Delivery problem,Pending Customer Response,Low,Phone,01:49:00,,
7141,Joseph Nicholson,xjuarez@example.com,53,Other,Canon DSLR Camera,2021-01-30,Product inquiry,Product setup,Closed,Critical,Social media,00:06:00,07:00:00,3
7142,Eric Wilson,privera@example.net,55,Female,Bose QuietComfort,2020-12-28,Technical issue,Display issue,Closed,Medium,Chat,19:38:00,15:42:00,5
7143,Russell Turner,john99@example.net,59,Other,Samsung Galaxy,2021-03-01,Cancellation request,Data loss,Closed,Critical,Email,17:36:00,06:02:00,3
7144,David Schaefer,michellecraig@example.com,61,Other,Philips Hue Lights,2021-01-27,Billing inquiry,Cancellation request,Pending Customer Response,Medium,Social media,19:59:00,,
7145,Christina Wiggins,millerbrenda@example.com,29,Other,Amazon Echo,2021-11-27,Product inquiry,Peripheral compatibility,Pending Customer Response,Low,Social media,22:07:00,,
7146,Valerie Burnett,ostewart@example.com,69,Other,Asus ROG,2021-09-25,Billing inquiry,Cancellation request,Pending Customer Response,Critical,Social media,18:53:00,,
7148,Adam Green,andrew32@example.org,30,Other,Amazon Kindle,2021-02-14,Technical issue,Delivery problem,Closed,Medium,Chat,10:06:00,09:00:00,3
7149,Nicholas Garcia,jody43@example.net,68,Male,Nintendo Switch,2021-07-03,Billing inquiry,Refund request,Closed,Low,Email,19:06:00,14:24:00,1
7150,Michael Walton,sroth@example.com,56,Other,Bose SoundLink Speaker,2021-12-13,Product inquiry,Refund request,Closed,Medium,Chat,02:18:00,09:17:00,3
7152,Susan Smith,karensexton@example.org,60,Male,HP Pavilion,2021-04-18,Billing inquiry,Refund request,Pending Customer Response,Critical,Social media,20:15:00,,
7153,Stephanie Hernandez,briannareese@example.org,42,Other,GoPro Action Camera,2020-10-06,Product inquiry,Network problem,Closed,High,Phone,00:05:00,17:29:00,4
7154,Tammy Estes,jacqueline19@example.com,37,Other,Microsoft Office,2020-05-28,Product inquiry,Product compatibility,Pending Customer Response,Medium,Chat,09:20:00,,
7155,Tracey Banks,echristensen@example.net,60,Female,Bose QuietComfort,2020-01-15,Technical issue,Hardware issue,Pending Customer Response,Low,Email,03:11:00,,
7156,Julie Miller,dianejackson@example.com,62,Female,PlayStation,2020-04-18,Billing inquiry,Product setup,Pending Customer Response,High,Email,13:42:00,,
7157,Sandra Dalton,wilcoxraymond@example.org,45,Other,LG Smart TV,2020-12-12,Product inquiry,Battery life,Closed,High,Chat,02:37:00,01:42:00,4
7158,Brandon Shepherd,jennifer52@example.org,60,Female,iPhone,2020-10-20,Product inquiry,Account access,Closed,Medium,Phone,01:04:00,12:33:00,5
7160,Samuel Owen,richardsjose@example.net,68,Male,GoPro Action Camera,2020-04-21,Cancellation request,Battery life,Pending Customer Response,Medium,Chat,16:59:00,,
7162,Leslie Martin,kevinpowers@example.com,62,Female,Apple AirPods,2020-02-29,Product inquiry,Data loss,Pending Customer Response,Low,Social media,18:39:00,,
7163,David Freeman,nathanielrichardson@example.com,21,Other,MacBook Pro,2020-03-12,Cancellation request,Display issue,Pending Customer Response,Medium,Phone,12:01:00,,
7164,David Austin,masseybarbara@example.net,56,Female,Canon EOS,2021-05-24,Refund request,Product recommendation,Closed,Low,Phone,22:53:00,03:58:00,5
7166,Stacey Johnson,adamhoffman@example.org,48,Other,Samsung Galaxy,2020-01-27,Technical issue,Data loss,Closed,Medium,Email,07:26:00,08:51:00,3
7168,Christopher Woodard,saramiranda@example.org,24,Male,GoPro Hero,2020-03-08,Technical issue,Display issue,Closed,Medium,Phone,01:27:00,06:35:00,3
7170,Victoria Burnett,iandrade@example.net,29,Other,Sony PlayStation,2020-03-14,Cancellation request,Battery life,Pending Customer Response,High,Social media,08:38:00,,
7171,Cynthia Gonzales,rmckinney@example.org,43,Male,Fitbit Versa Smartwatch,2021-05-03,Billing inquiry,Account access,Pending Customer Response,High,Social media,21:17:00,,
7172,Eric Dyer,brandoncalderon@example.com,27,Female,Fitbit Versa Smartwatch,2021-07-04,Technical issue,Data loss,Closed,High,Social media,22:27:00,09:56:00,2
7174,Justin Steele,andersonbrooke@example.net,22,Male,Nikon D,2020-10-28,Cancellation request,Installation support,Closed,Medium,Email,05:25:00,10:58:00,2
7177,Scott Trevino,reynoldsadam@example.com,53,Male,HP Pavilion,2020-10-30,Billing inquiry,Account access,Pending Customer Response,Critical,Email,08:55:00,,
7179,Bethany Jackson,zscott@example.net,45,Other,Samsung Soundbar,2020-06-21,Product inquiry,Hardware issue,Pending Customer Response,Low,Social media,01:05:00,,
7180,Nicholas Mora,nathanhunter@example.org,40,Other,HP Pavilion,2020-02-18,Cancellation request,Battery life,Pending Customer Response,High,Email,16:19:00,,
7181,Theresa King,denisebrown@example.com,50,Male,Microsoft Surface,2020-05-19,Billing inquiry,Software bug,Pending Customer Response,Low,Phone,03:27:00,,
7182,Mr. Brad Mclean,eruiz@example.net,53,Male,Nikon D,2021-04-28,Cancellation request,Hardware issue,Pending Customer Response,Critical,Email,05:13:00,,
7183,Carol Anderson,trankathleen@example.org,29,Female,Garmin Forerunner,2020-10-21,Cancellation request,Data loss,Closed,Medium,Email,16:33:00,22:50:00,5
7184,Jennifer Durham,ihaney@example.com,49,Male,Garmin Forerunner,2021-08-12,Billing inquiry,Peripheral compatibility,Pending Customer Response,Medium,Social media,05:09:00,,
7185,Tyler Weaver,stevenbrewer@example.net,62,Female,GoPro Hero,2020-06-05,Technical issue,Refund request,Pending Customer Response,Low,Email,02:40:00,,
7186,Meghan Sexton,fcoleman@example.com,24,Female,HP Pavilion,2020-03-26,Cancellation request,Data loss,Pending Customer Response,Critical,Email,06:18:00,,
7187,Susan Carter,elizabethwhite@example.com,19,Other,Bose SoundLink Speaker,2021-01-10,Product inquiry,Peripheral compatibility,Pending Customer Response,High,Phone,19:08:00,,
7189,William Foster II,russelljesse@example.com,54,Other,Nikon D,2020-02-24,Technical issue,Payment issue,Closed,High,Chat,02:52:00,21:41:00,2
7190,Amber Nguyen,wilsonderek@example.net,55,Male,Canon DSLR Camera,2021-08-10,Technical issue,Battery life,Closed,Critical,Social media,15:41:00,07:30:00,3
7191,Anne Benitez,leechristine@example.org,62,Female,PlayStation,2021-06-03,Technical issue,Product compatibility,Pending Customer Response,Low,Social media,23:50:00,,
7192,David Good,herringthomas@example.net,28,Female,Google Nest,2021-08-11,Refund request,Display issue,Pending Customer Response,Medium,Chat,21:35:00,,
7193,Keith Lopez,jonesdonald@example.org,70,Male,iPhone,2021-03-17,Refund request,Installation support,Closed,Medium,Chat,14:08:00,04:30:00,1
7195,Joe Flores,wyates@example.com,31,Male,Xbox,2021-04-01,Billing inquiry,Peripheral compatibility,Closed,Critical,Chat,00:02:00,17:35:00,3
7196,Danielle Robinson,walter21@example.com,40,Other,Philips Hue Lights,2021-11-05,Cancellation request,Product setup,Pending Customer Response,Low,Chat,04:34:00,,
7197,Jason Wilson,lindapeterson@example.com,52,Other,Dyson Vacuum Cleaner,2020-10-22,Technical issue,Battery life,Closed,Critical,Phone,07:36:00,04:13:00,1
7198,Jeremiah Stark,singletontony@example.com,30,Female,GoPro Action Camera,2020-11-30,Cancellation request,Hardware issue,Closed,Medium,Email,18:39:00,23:43:00,1
7200,Victoria Lowe,christina68@example.com,61,Female,Apple AirPods,2021-12-27,Cancellation request,Account access,Closed,Critical,Social media,13:25:00,14:49:00,3
7202,Brian Diaz,willie82@example.net,56,Other,GoPro Hero,2020-03-01,Billing inquiry,Product compatibility,Closed,Critical,Chat,23:24:00,10:04:00,1
7203,Stephanie Boyer,browntiffany@example.com,69,Female,Amazon Echo,2021-02-12,Technical issue,Product recommendation,Pending Customer Response,Critical,Email,06:56:00,,
7204,Brenda Jones,lisaprice@example.org,22,Other,Roomba Robot Vacuum,2021-05-28,Refund request,Network problem,Closed,Medium,Email,19:23:00,22:27:00,3
7206,Anna Smith,richard77@example.org,55,Other,Sony 4K HDR TV,2020-02-19,Product inquiry,Product recommendation,Pending Customer Response,Low,Phone,06:20:00,,
7207,Michele Blake,mrichards@example.com,37,Female,GoPro Action Camera,2020-11-15,Cancellation request,Peripheral compatibility,Pending Customer Response,Critical,Email,12:43:00,,
7208,Robert Gilbert IV,onealmary@example.com,42,Other,PlayStation,2020-08-20,Billing inquiry,Network problem,Pending Customer Response,Medium,Phone,00:04:00,,
7209,Anita Robertson,timothy68@example.com,32,Other,Amazon Kindle,2020-01-02,Refund request,Data loss,Closed,Low,Email,15:16:00,15:37:00,5
7211,Joseph Lopez,ashley90@example.net,53,Female,Xbox,2021-04-06,Cancellation request,Hardware issue,Pending Customer Response,Low,Chat,23:39:00,,
7213,Sarah Gardner,ngray@example.net,38,Male,GoPro Hero,2021-06-08,Billing inquiry,Hardware issue,Pending Customer Response,Critical,Chat,18:27:00,,
7214,Yesenia Kelly,patelspencer@example.org,45,Female,Canon DSLR Camera,2021-10-14,Technical issue,Refund request,Pending Customer Response,High,Phone,08:11:00,,
7215,Jacqueline Moore,harristimothy@example.org,67,Other,Autodesk AutoCAD,2020-05-25,Product inquiry,Battery life,Closed,Low,Chat,03:38:00,21:58:00,4
7217,Elizabeth Oneill,jamie12@example.net,51,Other,Dyson Vacuum Cleaner,2021-11-22,Technical issue,Display issue,Closed,Low,Social media,17:00:00,18:15:00,5
7218,Crystal Garcia,alexis95@example.com,40,Other,Nintendo Switch,2020-05-22,Product inquiry,Product recommendation,Pending Customer Response,Low,Email,15:33:00,,
7219,James Harper,julian28@example.org,27,Other,Philips Hue Lights,2020-03-26,Technical issue,Software bug,Pending Customer Response,Low,Email,11:07:00,,
7220,Benjamin Ayers,shawnpham@example.com,20,Other,Amazon Echo,2020-12-15,Product inquiry,Hardware issue,Closed,Low,Social media,14:44:00,15:32:00,1
7221,Danielle Mathis,marilynallen@example.com,62,Other,Roomba Robot Vacuum,2020-12-24,Refund request,Hardware issue,Closed,Low,Phone,08:04:00,12:23:00,4
7223,Wendy Singleton,baileyjose@example.net,21,Male,Apple AirPods,2021-08-19,Billing inquiry,Software bug,Closed,Critical,Chat,09:28:00,15:27:00,2
7227,Benjamin Lopez,margaret46@example.com,63,Male,Amazon Kindle,2020-07-15,Product inquiry,Payment issue,Pending Customer Response,High,Phone,15:20:00,,
7232,Charlotte Martin,qsexton@example.org,36,Other,Microsoft Surface,2020-12-14,Refund request,Account access,Pending Customer Response,High,Social media,06:39:00,,
7234,Alec Robinson,dschultz@example.com,28,Other,Amazon Echo,2020-01-24,Product inquiry,Product compatibility,Pending Customer Response,High,Email,22:21:00,,
7237,Tiffany Mayo,richardtaylor@example.org,61,Male,GoPro Hero,2021-07-03,Product inquiry,Network problem,Closed,Critical,Phone,10:33:00,16:36:00,5
7238,Fernando Gentry,wileyalyssa@example.net,23,Female,GoPro Hero,2020-02-26,Refund request,Software bug,Pending Customer Response,High,Social media,07:48:00,,
7239,Michael Lee,catherinejohnson@example.net,30,Other,Bose QuietComfort,2020-01-05,Billing inquiry,Product compatibility,Closed,Medium,Social media,02:27:00,07:28:00,4
7241,Stephen Zhang,hfernandez@example.com,24,Female,Google Pixel,2021-03-03,Cancellation request,Payment issue,Closed,Critical,Social media,23:07:00,14:43:00,5
7243,Matthew Brown,eric17@example.net,65,Female,Nintendo Switch,2021-05-05,Cancellation request,Data loss,Pending Customer Response,Medium,Email,20:20:00,,
7244,Elizabeth Rasmussen,zbrown@example.com,21,Male,LG OLED,2020-12-06,Cancellation request,Hardware issue,Pending Customer Response,Critical,Social media,10:26:00,,
7245,Kayla Stark,lewisjames@example.net,57,Female,LG OLED,2021-03-29,Product inquiry,Delivery problem,Closed,Critical,Social media,04:51:00,04:46:00,2
7246,John Jones,thomassanders@example.com,21,Other,Samsung Galaxy,2021-03-26,Cancellation request,Product setup,Pending Customer Response,Medium,Social media,17:06:00,,
7248,Brian Fernandez,pkrueger@example.com,54,Female,MacBook Pro,2020-08-26,Refund request,Product recommendation,Pending Customer Response,Low,Email,03:42:00,,
7249,Sara Baldwin,kristinwelch@example.net,33,Other,iPhone,2020-12-07,Refund request,Refund request,Closed,Medium,Phone,19:07:00,07:15:00,4
7251,Marisa Garcia,kennethgiles@example.org,32,Other,Roomba Robot Vacuum,2021-08-05,Billing inquiry,Account access,Pending Customer Response,High,Social media,03:25:00,,
7252,David Johnson,amber32@example.org,36,Male,Autodesk AutoCAD,2020-01-10,Cancellation request,Account access,Pending Customer Response,Critical,Email,09:54:00,,
7261,Sharon Russell,ann61@example.org,30,Female,Bose SoundLink Speaker,2021-12-29,Billing inquiry,Refund request,Pending Customer Response,High,Email,10:57:00,,
7262,William Charles DVM,hkrueger@example.net,58,Female,Amazon Echo,2020-07-24,Billing inquiry,Data loss,Pending Customer Response,Critical,Social media,00:01:00,,
7264,Mary Harris,aprilvalencia@example.com,56,Male,Lenovo ThinkPad,2021-04-19,Product inquiry,Cancellation request,Closed,Critical,Phone,10:36:00,08:56:00,2
7265,Debbie Page,lsanchez@example.net,21,Female,Canon DSLR Camera,2020-07-06,Billing inquiry,Display issue,Pending Customer Response,Low,Email,21:20:00,,
7266,Scott Erickson,allensanchez@example.net,52,Male,Bose QuietComfort,2021-12-24,Technical issue,Delivery problem,Closed,Critical,Phone,10:48:00,17:01:00,3
7267,Laura Burns,natalieolsen@example.com,43,Other,Sony Xperia,2021-07-11,Product inquiry,Account access,Pending Customer Response,Critical,Email,23:44:00,,
7268,Christina Banks,leslie19@example.net,30,Female,Autodesk AutoCAD,2021-10-19,Billing inquiry,Battery life,Pending Customer Response,Medium,Chat,20:20:00,,
7269,Stephanie Contreras,smithheather@example.com,37,Female,LG Smart TV,2021-06-30,Product inquiry,Hardware issue,Pending Customer Response,High,Phone,12:12:00,,
7270,Joseph Owen,nstewart@example.org,60,Female,MacBook Pro,2020-04-24,Refund request,Delivery problem,Pending Customer Response,Low,Phone,11:36:00,,
7271,Kimberly Bradley,marcus53@example.net,47,Other,Nest Thermostat,2021-08-14,Product inquiry,Display issue,Pending Customer Response,High,Email,02:14:00,,
7273,Susan Stewart,cooperjesse@example.org,29,Female,Garmin Forerunner,2020-12-05,Cancellation request,Payment issue,Pending Customer Response,High,Social media,08:54:00,,
7274,Jason Mccann,heather72@example.net,52,Female,Philips Hue Lights,2020-06-13,Refund request,Battery life,Pending Customer Response,Low,Chat,19:17:00,,
7275,Wesley Mclaughlin,bsmith@example.com,42,Female,Microsoft Office,2020-03-05,Cancellation request,Installation support,Pending Customer Response,Critical,Email,05:49:00,,
7276,Jeffery Villegas,nicoleharris@example.net,19,Male,Lenovo ThinkPad,2020-07-27,Billing inquiry,Account access,Pending Customer Response,Medium,Chat,20:02:00,,
7277,Roger Mason,colleenking@example.org,37,Female,Samsung Galaxy,2021-05-17,Refund request,Product recommendation,Pending Customer Response,Critical,Chat,20:25:00,,
7279,Michelle Fischer,stanley61@example.org,70,Female,Philips Hue Lights,2020-10-21,Refund request,Data loss,Pending Customer Response,Medium,Chat,14:49:00,,
7280,Kathy Knight,crystal28@example.com,41,Male,Bose QuietComfort,2020-06-14,Refund request,Payment issue,Closed,High,Chat,16:31:00,05:55:00,1
7281,Ryan Hicks,michaelfleming@example.com,68,Other,Sony PlayStation,2021-08-29,Cancellation request,Refund request,Closed,High,Chat,03:24:00,22:23:00,5
7283,Aaron Dixon,gary80@example.net,27,Other,GoPro Action Camera,2020-12-19,Billing inquiry,Software bug,Pending Customer Response,High,Chat,20:40:00,,
7285,Timothy Ruiz,jamie26@example.com,39,Female,Google Pixel,2021-02-05,Refund request,Battery life,Closed,Medium,Chat,01:26:00,07:38:00,5
7287,Katherine King,fernandezmiguel@example.net,58,Male,Apple AirPods,2020-11-20,Product inquiry,Software bug,Pending Customer Response,Medium,Email,15:18:00,,
7288,Adrian Valenzuela,donnacraig@example.org,19,Other,GoPro Hero,2020-12-17,Refund request,Refund request,Pending Customer Response,Critical,Email,06:52:00,,
7289,Miranda Pacheco,robinsonalexis@example.org,69,Female,GoPro Hero,2021-05-30,Cancellation request,Battery life,Pending Customer Response,Medium,Phone,15:39:00,,
7290,Brent Burke,wrice@example.org,28,Female,Apple AirPods,2020-06-15,Billing inquiry,Data loss,Pending Customer Response,High,Social media,19:43:00,,
7292,Jason Vance,brettreynolds@example.com,46,Male,Microsoft Surface,2021-06-20,Refund request,Payment issue,Pending Customer Response,Low,Social media,06:52:00,,
7293,Christian Robertson,lisa62@example.com,43,Female,Microsoft Xbox Controller,2021-08-27,Technical issue,Display issue,Pending Customer Response,Critical,Chat,02:00:00,,
7296,Curtis Garcia,traceyclarke@example.net,47,Female,Dyson Vacuum Cleaner,2020-12-09,Technical issue,Installation support,Pending Customer Response,Critical,Social media,19:28:00,,
7297,Brittany Lopez,danielscody@example.org,22,Female,Dyson Vacuum Cleaner,2020-10-09,Refund request,Hardware issue,Closed,Medium,Chat,10:16:00,14:24:00,1
7300,Jennifer Alvarez,mvasquez@example.net,27,Female,Garmin Forerunner,2021-11-05,Refund request,Product setup,Closed,Low,Email,16:57:00,07:44:00,4
7301,Kimberly Perkins,brittany25@example.org,32,Male,GoPro Action Camera,2020-12-08,Product inquiry,Installation support,Pending Customer Response,High,Phone,23:17:00,,
7302,Christopher Shaw,dmorales@example.net,70,Other,GoPro Hero,2021-06-18,Technical issue,Hardware issue,Closed,Critical,Email,12:36:00,05:36:00,4
7303,Charles Stanley,tracycook@example.org,55,Other,HP Pavilion,2021-01-03,Billing inquiry,Cancellation request,Closed,Medium,Phone,00:30:00,00:00:00,1
7304,Daniel Smith,jacob26@example.org,52,Other,LG Washing Machine,2020-06-12,Product inquiry,Refund request,Pending Customer Response,High,Email,03:07:00,,
7305,Megan Washington,rrivera@example.org,46,Male,Microsoft Surface,2020-01-22,Refund request,Product compatibility,Pending Customer Response,Medium,Chat,22:59:00,,
7308,Luis Kelly,ashley75@example.org,30,Male,Nest Thermostat,2021-09-17,Cancellation request,Battery life,Pending Customer Response,Critical,Phone,20:25:00,,
7309,Luke Mccullough,deborah02@example.org,19,Male,Bose QuietComfort,2020-02-26,Product inquiry,Network problem,Pending Customer Response,High,Chat,02:26:00,,
7310,Debbie King,jennifer85@example.com,55,Male,Dyson Vacuum Cleaner,2021-03-31,Cancellation request,Software bug,Closed,Low,Social media,22:08:00,21:35:00,4
7311,Richard Gross,tserrano@example.com,70,Male,Nikon D,2020-10-10,Cancellation request,Software bug,Pending Customer Response,Low,Email,00:14:00,,
7312,Keith Church,lauriecooper@example.com,30,Female,Nest Thermostat,2021-03-12,Cancellation request,Delivery problem,Pending Customer Response,Medium,Chat,03:21:00,,
7314,Christopher Thomas,eugene94@example.org,54,Other,Nikon D,2020-06-09,Product inquiry,Delivery problem,Pending Customer Response,Critical,Chat,23:52:00,,
7315,Shane Reed,cwaller@example.org,19,Female,Samsung Galaxy,2020-09-22,Refund request,Product compatibility,Closed,Medium,Chat,11:10:00,23:56:00,3
7316,Crystal Jensen,vquinn@example.net,23,Other,Nintendo Switch,2020-01-19,Refund request,Payment issue,Pending Customer Response,Low,Email,23:40:00,,
7317,Gary Zimmerman,jeremy32@example.net,57,Female,Apple AirPods,2021-03-02,Product inquiry,Refund request,Pending Customer Response,Critical,Email,23:44:00,,
7318,Sharon Collins,jeremy00@example.net,38,Female,Microsoft Surface,2020-03-09,Product inquiry,Hardware issue,Closed,High,Phone,08:14:00,13:36:00,1
7319,Mr. Franklin Herman,yesenianeal@example.org,39,Other,GoPro Hero,2020-09-10,Product inquiry,Product recommendation,Closed,Critical,Phone,07:37:00,21:01:00,2
7320,Richard Ford,brandipowers@example.com,69,Male,Adobe Photoshop,2020-05-31,Refund request,Battery life,Closed,High,Social media,05:15:00,00:19:00,4
7323,Joshua Dodson,dhowell@example.net,19,Male,Sony PlayStation,2020-09-17,Billing inquiry,Delivery problem,Pending Customer Response,Low,Chat,07:37:00,,
7324,Diane Wilson,rowlandjoshua@example.com,49,Female,Microsoft Surface,2021-01-18,Technical issue,Delivery problem,Pending Customer Response,Medium,Email,20:06:00,,
7325,Donna Fisher,lisa32@example.org,34,Male,Roomba Robot Vacuum,2020-04-27,Technical issue,Account access,Closed,Low,Chat,09:02:00,06:54:00,4
7326,Shannon Young,heathernorton@example.com,38,Other,LG Smart TV,2020-11-12,Product inquiry,Product setup,Closed,Critical,Social media,22:36:00,13:07:00,2
7327,Sandra Hahn MD,allison34@example.org,70,Male,Dyson Vacuum Cleaner,2020-02-10,Cancellation request,Network problem,Closed,Critical,Email,18:31:00,08:08:00,4
7328,Emily Jones,charles74@example.com,42,Male,PlayStation,2021-06-23,Billing inquiry,Product recommendation,Closed,Critical,Email,02:53:00,04:42:00,1
7329,Brandi Avery,william31@example.net,57,Other,Microsoft Office,2021-10-21,Technical issue,Account access,Closed,Low,Email,14:01:00,19:30:00,1
7330,Cynthia Smith,henrydavis@example.com,18,Male,Dell XPS,2020-12-15,Cancellation request,Payment issue,Pending Customer Response,Critical,Email,16:38:00,,
7331,Joshua Torres,johnsonlisa@example.com,68,Female,Samsung Soundbar,2021-02-23,Billing inquiry,Payment issue,Closed,Critical,Phone,15:05:00,11:07:00,2
7332,Kenneth Stevens,rebecca30@example.org,47,Male,GoPro Hero,2020-03-26,Billing inquiry,Network problem,Closed,Low,Social media,06:46:00,23:29:00,2
7333,Sherry Young,ngolden@example.org,37,Other,Microsoft Surface,2020-08-18,Refund request,Account access,Closed,Critical,Email,15:58:00,03:17:00,5
7334,Jack Lewis,destinywong@example.net,61,Female,Dyson Vacuum Cleaner,2021-06-18,Technical issue,Product recommendation,Closed,Low,Chat,01:59:00,18:48:00,3
7335,Mrs. Susan Miller MD,rodneybell@example.com,18,Female,LG Smart TV,2020-05-13,Product inquiry,Battery life,Closed,High,Phone,18:46:00,19:02:00,4
7337,Crystal Hernandez,ppowers@example.org,30,Female,Bose QuietComfort,2020-08-25,Billing inquiry,Payment issue,Pending Customer Response,Medium,Email,16:25:00,,
7339,Devin Moore,graykayla@example.org,61,Other,Adobe Photoshop,2021-09-22,Refund request,Display issue,Pending Customer Response,Medium,Email,13:28:00,,
7340,Michael Kim,amberlee@example.com,27,Female,LG Smart TV,2021-11-09,Cancellation request,Product recommendation,Closed,Critical,Email,13:45:00,03:08:00,3
7341,Renee Parks,christinecooley@example.net,44,Other,Amazon Kindle,2021-10-29,Technical issue,Cancellation request,Closed,Low,Chat,11:51:00,08:40:00,1
7342,Dr. Brenda Lopez,markmerritt@example.com,19,Male,Canon DSLR Camera,2021-02-02,Billing inquiry,Display issue,Closed,Critical,Phone,06:16:00,03:38:00,5
7343,Dana Walker,wroberts@example.com,70,Male,Canon DSLR Camera,2021-05-25,Refund request,Cancellation request,Closed,Low,Email,15:53:00,19:29:00,5
7345,Dr. Robert Weaver DVM,knappjames@example.com,18,Female,Fitbit Charge,2020-09-06,Product inquiry,Account access,Pending Customer Response,Critical,Email,11:39:00,,
7346,Mr. Cameron Bishop PhD,bsmith@example.com,35,Other,Bose QuietComfort,2021-11-25,Product inquiry,Installation support,Pending Customer Response,High,Chat,03:39:00,,
7348,Edward Jones,sanchezerica@example.org,57,Female,GoPro Hero,2020-12-04,Technical issue,Data loss,Pending Customer Response,Critical,Social media,01:09:00,,
7350,Devon Gomez,jharris@example.net,27,Male,Microsoft Xbox Controller,2021-12-21,Billing inquiry,Installation support,Closed,High,Phone,14:03:00,16:12:00,5
7351,Jonathan Watson,justin64@example.com,57,Other,Sony Xperia,2021-01-29,Billing inquiry,Display issue,Closed,High,Social media,06:50:00,09:26:00,4
7352,Jonathan Flowers,christopherglover@example.net,57,Other,Bose QuietComfort,2021-11-06,Product inquiry,Data loss,Pending Customer Response,Medium,Chat,19:59:00,,
7354,Courtney Chambers,holly79@example.net,38,Female,Nest Thermostat,2020-12-15,Refund request,Data loss,Pending Customer Response,Medium,Phone,21:29:00,,
7357,Mr. Scott Mitchell,adriennegibbs@example.org,59,Female,Roomba Robot Vacuum,2021-01-06,Billing inquiry,Product setup,Closed,Low,Social media,13:19:00,08:53:00,5
7359,Adam Hamilton,lindonna@example.org,59,Male,Microsoft Surface,2020-12-02,Billing inquiry,Battery life,Closed,Medium,Phone,19:56:00,01:00:00,1
7360,Julia Ferguson,smithashley@example.com,19,Male,Nintendo Switch Pro Controller,2020-06-22,Cancellation request,Product setup,Closed,Low,Email,03:30:00,05:37:00,3
7361,Olivia Walker,qbenitez@example.net,43,Other,LG Smart TV,2021-08-14,Cancellation request,Product recommendation,Pending Customer Response,Low,Social media,07:51:00,,
7365,Tyler Vang,ahubbard@example.org,32,Other,GoPro Hero,2020-03-10,Refund request,Software bug,Pending Customer Response,Low,Email,19:20:00,,
7366,Donna Sanchez,perkinsherbert@example.org,62,Female,iPhone,2021-02-09,Billing inquiry,Network problem,Closed,Critical,Phone,18:37:00,03:39:00,1
7367,Heather Lyons,fhahn@example.com,63,Female,Google Nest,2021-04-10,Refund request,Hardware issue,Pending Customer Response,Medium,Social media,21:18:00,,
7368,Erika Richardson,qmoon@example.org,51,Other,Xbox,2020-04-03,Technical issue,Network problem,Pending Customer Response,Critical,Chat,14:51:00,,
7371,Emily Daugherty,justin77@example.org,20,Other,Nikon D,2020-01-28,Cancellation request,Payment issue,Closed,Low,Social media,18:47:00,01:05:00,5
7372,Mr. Nicholas Robinson MD,peterstyler@example.net,37,Male,Samsung Soundbar,2021-11-08,Refund request,Installation support,Closed,Critical,Social media,22:11:00,09:35:00,5
7374,Donald Gilbert,szavala@example.net,38,Male,Sony PlayStation,2021-04-14,Refund request,Product setup,Closed,High,Email,19:03:00,02:12:00,5
7375,Jason Nelson,kanesteven@example.net,47,Female,Philips Hue Lights,2021-02-23,Cancellation request,Delivery problem,Closed,Low,Social media,21:40:00,16:58:00,1
7376,Jennifer Fernandez,yhickman@example.com,26,Other,Microsoft Office,2021-07-02,Billing inquiry,Display issue,Pending Customer Response,Low,Chat,00:39:00,,
7378,David James,nunezcarol@example.com,53,Male,GoPro Action Camera,2020-02-23,Refund request,Product setup,Closed,Critical,Chat,07:35:00,04:19:00,4
7379,George Martin,cassandrahowell@example.com,30,Male,HP Pavilion,2020-02-27,Billing inquiry,Cancellation request,Pending Customer Response,Medium,Phone,04:27:00,,
7380,Michael Irwin,ngoodwin@example.net,68,Male,Canon EOS,2021-09-09,Product inquiry,Account access,Pending Customer Response,Medium,Phone,10:45:00,,
7382,Gregory Garcia,brandonwilson@example.org,62,Female,Nintendo Switch,2021-08-08,Cancellation request,Account access,Pending Customer Response,Critical,Phone,10:43:00,,
7383,Jose Brooks,wagnercynthia@example.org,46,Male,PlayStation,2021-04-21,Technical issue,Cancellation request,Pending Customer Response,Medium,Social media,11:35:00,,
7385,Tanya Smith,christinahernandez@example.org,48,Female,Garmin Forerunner,2020-06-03,Technical issue,Product setup,Pending Customer Response,High,Email,10:48:00,,
7387,Courtney Guerrero,jeffreylong@example.net,26,Male,Roomba Robot Vacuum,2020-06-10,Product inquiry,Refund request,Closed,High,Email,05:42:00,00:39:00,5
7388,Amber Stewart,omoyer@example.net,42,Male,Microsoft Surface,2021-01-19,Product inquiry,Battery life,Closed,Medium,Chat,19:38:00,13:58:00,3
7389,Terri Mcgrath,ariaskimberly@example.net,48,Other,Microsoft Surface,2020-12-05,Billing inquiry,Product recommendation,Closed,High,Email,04:15:00,13:28:00,5
7390,David Nguyen,orussell@example.net,44,Female,Roomba Robot Vacuum,2021-06-07,Product inquiry,Refund request,Closed,Critical,Chat,20:30:00,16:53:00,4
7392,Jessica Willis,crystal29@example.com,38,Other,Dell XPS,2020-04-10,Cancellation request,Delivery problem,Pending Customer Response,Low,Phone,20:09:00,,
7393,Jeffery Murphy,jamesschmidt@example.com,30,Female,LG Washing Machine,2020-03-08,Product inquiry,Battery life,Closed,High,Email,06:30:00,00:56:00,3
7394,Amy Hernandez,ggarcia@example.org,29,Male,Bose SoundLink Speaker,2021-04-16,Cancellation request,Installation support,Closed,High,Email,08:06:00,17:52:00,2
7396,Jeremy Miranda,dennisklein@example.org,60,Male,Bose SoundLink Speaker,2021-08-01,Cancellation request,Delivery problem,Pending Customer Response,Critical,Social media,23:10:00,,
7397,Margaret Moyer,jameshodges@example.com,60,Male,Dyson Vacuum Cleaner,2021-06-16,Product inquiry,Product setup,Pending Customer Response,Critical,Phone,21:19:00,,
7398,Kent Hernandez,harrellrebecca@example.com,19,Male,Samsung Soundbar,2021-09-26,Cancellation request,Data loss,Pending Customer Response,Medium,Phone,11:40:00,,
7399,Gregory Barnett,elizabethclark@example.net,56,Female,Apple AirPods,2020-01-15,Refund request,Payment issue,Closed,Critical,Email,12:18:00,07:14:00,2
7402,Terry Wright,ashley22@example.net,68,Female,LG OLED,2020-02-24,Billing inquiry,Installation support,Closed,Low,Chat,13:37:00,21:11:00,1
7403,Laura Neal,collinsdavid@example.com,41,Female,Amazon Echo,2020-06-29,Technical issue,Data loss,Closed,Critical,Email,14:41:00,06:11:00,4
7404,Christine Roberts,timothykramer@example.net,50,Female,Canon DSLR Camera,2021-03-07,Cancellation request,Payment issue,Pending Customer Response,High,Chat,19:01:00,,
7405,Samantha Walton,alexis15@example.net,57,Other,Microsoft Surface,2021-04-24,Cancellation request,Payment issue,Closed,High,Chat,14:49:00,16:23:00,4
7406,Charlene Maldonado,mcgrathdominique@example.org,41,Male,Microsoft Surface,2020-11-04,Cancellation request,Product setup,Closed,High,Email,01:39:00,18:15:00,1
7407,Terry Perez,navarrojennifer@example.com,23,Male,Bose QuietComfort,2020-10-23,Cancellation request,Product setup,Pending Customer Response,Low,Email,00:00:00,,
7409,Jessica Brooks,raymond15@example.net,21,Other,Nintendo Switch,2020-12-16,Cancellation request,Product compatibility,Closed,Critical,Phone,13:24:00,17:55:00,1
7411,Marcus Curry,murphyamanda@example.org,28,Female,Google Nest,2021-04-10,Cancellation request,Installation support,Pending Customer Response,Medium,Social media,13:47:00,,
7413,Christopher Michael,monroebrian@example.net,25,Male,Nikon D,2021-05-31,Refund request,Battery life,Closed,High,Email,19:54:00,18:53:00,2
7420,Michael Stewart,cummingsjoel@example.org,51,Other,Dell XPS,2021-07-04,Cancellation request,Product setup,Closed,High,Phone,23:19:00,08:02:00,3
7422,Laura Curry,pamela10@example.com,24,Other,Dell XPS,2021-03-01,Product inquiry,Cancellation request,Pending Customer Response,Medium,Social media,03:15:00,,
7424,Robin Cline DVM,karendominguez@example.com,27,Other,Nintendo Switch,2020-12-10,Technical issue,Data loss,Pending Customer Response,Low,Phone,22:03:00,,
7425,Johnny Sims,kcole@example.net,40,Male,HP Pavilion,2020-09-10,Billing inquiry,Product setup,Pending Customer Response,Medium,Phone,20:07:00,,
7429,Mrs. Makayla Richards,raymondgarcia@example.com,52,Male,Amazon Kindle,2020-11-17,Refund request,Account access,Closed,Critical,Chat,17:15:00,05:28:00,5
7430,Kimberly Shannon,nthomas@example.com,68,Other,Sony Xperia,2020-12-28,Billing inquiry,Hardware issue,Pending Customer Response,Critical,Social media,03:45:00,,
7431,Robert Frank,charles51@example.net,40,Male,Google Pixel,2020-03-06,Product inquiry,Network problem,Closed,Medium,Social media,05:37:00,06:43:00,4
7432,Dr. Charles Cameron,yhamilton@example.org,53,Male,Philips Hue Lights,2021-04-06,Refund request,Delivery problem,Closed,Medium,Email,20:48:00,19:02:00,1
7434,Manuel Bauer,thomastiffany@example.com,64,Male,LG OLED,2021-12-26,Billing inquiry,Data loss,Closed,Low,Email,22:02:00,19:26:00,1
7435,Donna Collins,thomasteresa@example.com,28,Male,Fitbit Charge,2021-07-08,Cancellation request,Product setup,Pending Customer Response,Medium,Chat,10:58:00,,
7437,Robert Morrow,aliciabryant@example.org,35,Female,GoPro Action Camera,2020-08-24,Refund request,Product compatibility,Pending Customer Response,Critical,Email,15:54:00,,
7438,Sara Ball,johndominguez@example.net,44,Female,GoPro Action Camera,2021-04-15,Product inquiry,Product recommendation,Pending Customer Response,Critical,Chat,14:30:00,,
7441,Jesus Carney,ihicks@example.org,46,Female,GoPro Action Camera,2021-05-08,Cancellation request,Payment issue,Closed,Critical,Email,21:57:00,02:19:00,1
7442,Sharon Callahan,ashleeortiz@example.org,60,Other,GoPro Hero,2021-02-25,Product inquiry,Refund request,Pending Customer Response,Low,Social media,23:53:00,,
7445,Nathan Smith,crosbyshawn@example.com,51,Female,LG Smart TV,2020-11-17,Cancellation request,Network problem,Closed,Low,Chat,17:43:00,14:05:00,3
7446,Christopher Tran,smithherbert@example.com,27,Female,Google Nest,2021-10-27,Refund request,Account access,Pending Customer Response,High,Phone,17:01:00,,
7447,Rebecca Hudson,bethany57@example.net,62,Other,iPhone,2021-11-07,Cancellation request,Display issue,Pending Customer Response,Medium,Chat,21:04:00,,
7449,Heather Lee,sgilbert@example.com,26,Male,Canon EOS,2020-02-14,Technical issue,Display issue,Closed,High,Chat,06:28:00,20:05:00,2
7450,Desiree Yang,kmoore@example.com,53,Female,Xbox,2020-06-27,Refund request,Hardware issue,Closed,Low,Chat,06:06:00,03:12:00,2
7452,Craig Miller,bryanschwartz@example.org,44,Other,HP Pavilion,2021-05-26,Product inquiry,Account access,Pending Customer Response,High,Chat,14:56:00,,
7453,Justin Murphy,yolanda00@example.org,60,Male,Sony 4K HDR TV,2020-01-03,Product inquiry,Network problem,Pending Customer Response,Low,Email,11:08:00,,
7454,John Young Jr.,dcooper@example.com,58,Male,Samsung Soundbar,2021-06-20,Technical issue,Delivery problem,Closed,High,Social media,00:30:00,11:48:00,3
7456,Samantha Swanson,casey46@example.org,35,Female,Apple AirPods,2020-06-03,Product inquiry,Cancellation request,Pending Customer Response,Medium,Social media,04:56:00,,
7457,Jacqueline Hunter,vhall@example.com,65,Male,LG Smart TV,2020-09-22,Product inquiry,Hardware issue,Closed,Medium,Phone,00:29:00,17:21:00,4
7460,Justin Johnson,xmartinez@example.net,51,Female,Bose SoundLink Speaker,2021-11-28,Product inquiry,Account access,Pending Customer Response,Critical,Social media,15:08:00,,
7461,Brandon Parsons,robertnichols@example.com,68,Other,Microsoft Xbox Controller,2021-11-26,Cancellation request,Product setup,Pending Customer Response,Medium,Email,16:13:00,,
7462,Amber Chapman,lawrencewilliam@example.org,18,Male,Google Pixel,2021-08-28,Cancellation request,Installation support,Pending Customer Response,Low,Email,21:13:00,,
7463,Danielle Williams DDS,maxwelllucas@example.net,46,Female,Samsung Soundbar,2020-06-20,Product inquiry,Software bug,Pending Customer Response,Low,Chat,10:10:00,,
7464,Jeffery Shields,johnsonmichael@example.org,24,Other,Google Pixel,2020-08-20,Billing inquiry,Product setup,Closed,Low,Email,10:11:00,06:53:00,4
7465,Terry Ortega,lgriffin@example.net,45,Female,Fitbit Versa Smartwatch,2020-06-23,Technical issue,Product recommendation,Closed,Low,Email,12:28:00,17:37:00,1
7467,Gregory James,hodgeschad@example.com,37,Female,Nintendo Switch Pro Controller,2021-04-03,Refund request,Delivery problem,Pending Customer Response,Critical,Email,20:44:00,,
7468,Nathaniel Jones,karenharrison@example.com,58,Male,Fitbit Versa Smartwatch,2020-03-24,Product inquiry,Network problem,Pending Customer Response,Critical,Phone,04:27:00,,
7469,Ronald Weaver,sherrilewis@example.com,63,Male,Dell XPS,2020-04-03,Refund request,Software bug,Pending Customer Response,Low,Email,14:56:00,,
7471,Randy Ingram,kstone@example.com,35,Male,Lenovo ThinkPad,2020-04-23,Billing inquiry,Peripheral compatibility,Closed,Low,Social media,07:42:00,06:33:00,3
7472,Denise Smith MD,susan14@example.net,42,Male,Roomba Robot Vacuum,2021-03-29,Technical issue,Delivery problem,Pending Customer Response,High,Chat,04:33:00,,
7473,Spencer Mullen,rachel62@example.com,40,Male,Google Nest,2020-12-29,Technical issue,Refund request,Pending Customer Response,High,Phone,06:38:00,,
7474,Rodney Davis,scotteric@example.com,38,Male,Sony 4K HDR TV,2021-10-09,Product inquiry,Delivery problem,Closed,High,Phone,00:32:00,15:01:00,5
7475,Derrick Perez,danny44@example.net,46,Male,PlayStation,2021-07-09,Billing inquiry,Data loss,Closed,Low,Email,21:25:00,09:42:00,2
7476,John Taylor MD,sharon05@example.com,65,Other,GoPro Hero,2020-07-12,Refund request,Hardware issue,Pending Customer Response,Critical,Phone,03:06:00,,
7477,Mark Roy,jluna@example.net,45,Male,Nintendo Switch Pro Controller,2020-04-07,Billing inquiry,Product recommendation,Closed,Medium,Phone,02:42:00,07:17:00,4
7478,Michael Stout,angelaestrada@example.com,20,Other,Bose QuietComfort,2021-04-06,Product inquiry,Installation support,Closed,Critical,Phone,19:26:00,18:06:00,2
7479,Cameron Kidd,lsmith@example.net,26,Female,MacBook Pro,2021-07-07,Technical issue,Cancellation request,Closed,Critical,Email,03:16:00,07:28:00,4
7480,Brandy Cooper,kayla75@example.org,30,Other,MacBook Pro,2020-10-14,Refund request,Display issue,Closed,Critical,Chat,00:18:00,21:36:00,5
7482,Kelsey Watson,cprice@example.org,22,Male,Xbox,2021-02-19,Product inquiry,Hardware issue,Pending Customer Response,Low,Chat,13:55:00,,
7483,Stephen Padilla,manningjessica@example.org,35,Male,Google Nest,2021-11-06,Product inquiry,Installation support,Pending Customer Response,Critical,Phone,04:06:00,,
7486,Sean Blackburn,ecastaneda@example.net,28,Male,LG Washing Machine,2020-08-29,Refund request,Refund request,Closed,Medium,Phone,22:35:00,03:57:00,3
7488,Megan Brock,ehill@example.net,69,Other,Nintendo Switch Pro Controller,2020-07-02,Cancellation request,Data loss,Closed,Medium,Chat,18:52:00,13:30:00,1
7490,Katherine Collins,jorgerobbins@example.net,37,Male,Nintendo Switch Pro Controller,2020-10-19,Billing inquiry,Hardware issue,Pending Customer Response,Low,Email,08:40:00,,
7491,Melissa Spencer,marshalljeffrey@example.org,33,Female,Samsung Galaxy,2021-09-18,Refund request,Product setup,Closed,High,Social media,22:00:00,13:28:00,1
7494,Jason Carlson,pamela27@example.org,59,Male,PlayStation,2020-02-25,Billing inquiry,Account access,Closed,Critical,Chat,07:31:00,08:11:00,5
7495,Joseph Brown,cameron86@example.org,68,Male,Sony PlayStation,2021-05-04,Billing inquiry,Account access,Closed,Low,Email,20:53:00,08:02:00,2
7496,William Butler,khaas@example.org,51,Female,Canon DSLR Camera,2020-05-13,Technical issue,Software bug,Closed,High,Phone,13:58:00,22:52:00,4
7498,James Smith,elizabethmeadows@example.com,23,Female,Philips Hue Lights,2021-01-11,Cancellation request,Delivery problem,Pending Customer Response,Critical,Social media,21:47:00,,
7501,Thomas Allen,chavezedward@example.com,23,Male,Nikon D,2020-08-08,Refund request,Payment issue,Pending Customer Response,Low,Phone,03:36:00,,
7502,Robin Wilson,brittany30@example.net,63,Male,Nintendo Switch,2021-11-02,Cancellation request,Software bug,Closed,High,Chat,22:37:00,21:34:00,4
7504,Tammy Scott,adamsjoseph@example.net,44,Male,Canon DSLR Camera,2021-10-08,Product inquiry,Software bug,Closed,Low,Chat,23:32:00,18:22:00,3
7506,James Bonilla,katherine08@example.net,37,Male,Sony Xperia,2021-07-16,Billing inquiry,Peripheral compatibility,Closed,High,Social media,16:27:00,10:17:00,2
7507,Madeline Nguyen,melissahunt@example.org,59,Male,Xbox,2021-06-21,Technical issue,Battery life,Closed,Critical,Phone,13:51:00,20:52:00,2
7508,Courtney Singleton,timothygreen@example.com,56,Other,Microsoft Office,2021-11-29,Product inquiry,Peripheral compatibility,Pending Customer Response,Medium,Social media,11:33:00,,
7509,Derek Stafford,nancylopez@example.net,23,Female,Nikon D,2021-09-09,Product inquiry,Refund request,Pending Customer Response,Critical,Social media,04:59:00,,
7510,Janice Washington,jfisher@example.org,68,Female,Amazon Echo,2020-02-06,Refund request,Installation support,Closed,High,Chat,04:11:00,17:10:00,3
7511,Melanie Walker,rwells@example.net,57,Other,Asus ROG,2020-12-02,Cancellation request,Product setup,Pending Customer Response,Medium,Email,05:11:00,,
7512,Walter Frazier,lmyers@example.net,40,Female,Philips Hue Lights,2021-08-30,Cancellation request,Product recommendation,Closed,Medium,Email,09:30:00,14:15:00,2
7514,Robert Carroll,christine38@example.com,50,Other,Bose SoundLink Speaker,2021-08-05,Technical issue,Product compatibility,Closed,Low,Chat,01:21:00,15:56:00,5
7515,Ashley Michael,shannon90@example.com,31,Female,Fitbit Charge,2021-09-17,Technical issue,Display issue,Pending Customer Response,High,Chat,01:50:00,,
7516,Susan Gates,jenniferadams@example.com,54,Other,Bose QuietComfort,2020-12-04,Billing inquiry,Product recommendation,Pending Customer Response,High,Social media,09:35:00,,
7517,Kelly Horton,russellryan@example.org,60,Female,Microsoft Xbox Controller,2020-08-18,Technical issue,Product setup,Closed,Low,Phone,07:11:00,16:44:00,2
7519,Megan Evans,flindsey@example.com,23,Male,Lenovo ThinkPad,2021-01-18,Technical issue,Data loss,Closed,Low,Email,17:28:00,02:48:00,5
7520,Patrick Martin,danacarney@example.com,19,Other,Canon EOS,2020-10-21,Cancellation request,Peripheral compatibility,Closed,Critical,Email,06:21:00,08:44:00,1
7521,Deborah Rangel,butlermatthew@example.net,67,Male,Asus ROG,2020-07-31,Technical issue,Product setup,Closed,Low,Chat,12:11:00,03:18:00,5
7522,Nancy Acevedo,escobarbeth@example.net,24,Male,Dyson Vacuum Cleaner,2020-09-22,Refund request,Refund request,Pending Customer Response,Low,Social media,19:44:00,,
7523,Susan Martin,zmedina@example.com,19,Male,GoPro Hero,2021-12-20,Refund request,Peripheral compatibility,Closed,Critical,Phone,17:11:00,21:44:00,4
7524,Jose Jones,andrew47@example.com,64,Female,LG Smart TV,2021-06-12,Cancellation request,Product recommendation,Closed,Low,Social media,12:01:00,01:04:00,2
7525,Edgar Cowan,austincruz@example.net,37,Male,MacBook Pro,2021-05-28,Technical issue,Account access,Pending Customer Response,Medium,Phone,05:05:00,,
7526,Katie Chase,jeffrey01@example.net,56,Other,Garmin Forerunner,2021-12-26,Billing inquiry,Network problem,Closed,High,Email,13:26:00,02:33:00,2
7527,Natalie Norris,lauren04@example.com,42,Male,HP Pavilion,2020-03-06,Technical issue,Delivery problem,Pending Customer Response,High,Chat,12:38:00,,
7528,Dr. Jillian Barber,matthewsbrandon@example.org,43,Other,GoPro Hero,2021-12-01,Technical issue,Data loss,Closed,Medium,Email,17:52:00,01:24:00,5
7529,Robert Wilson,kathrynshannon@example.net,30,Female,Canon EOS,2021-11-07,Billing inquiry,Delivery problem,Pending Customer Response,Critical,Email,09:38:00,,
7530,Jodi Cowan,mrichards@example.org,48,Other,LG Smart TV,2021-02-15,Technical issue,Software bug,Pending Customer Response,Low,Email,19:00:00,,
7531,William Hensley MD,fgentry@example.net,42,Other,Bose QuietComfort,2021-01-10,Technical issue,Hardware issue,Closed,High,Chat,03:45:00,07:58:00,1
7533,John Lawrence,ischultz@example.org,26,Other,LG Smart TV,2020-07-23,Cancellation request,Hardware issue,Closed,High,Email,03:57:00,17:42:00,1
7535,Monique Nixon,ohawkins@example.org,67,Male,Lenovo ThinkPad,2021-06-23,Technical issue,Product setup,Pending Customer Response,Critical,Email,04:24:00,,
7536,Julie Keller,jasminewise@example.net,28,Male,Dell XPS,2021-04-06,Refund request,Product recommendation,Pending Customer Response,High,Social media,10:39:00,,
7538,Brian Ryan,denise79@example.net,38,Male,Dyson Vacuum Cleaner,2021-12-04,Technical issue,Data loss,Closed,Medium,Social media,05:00:00,19:58:00,3
7540,Timothy Watson,lbaxter@example.com,46,Female,Nest Thermostat,2020-03-07,Cancellation request,Display issue,Closed,High,Phone,19:14:00,21:39:00,4
7542,Rebecca Collins,williamscharles@example.com,42,Male,Google Pixel,2020-10-23,Product inquiry,Refund request,Closed,Medium,Email,08:44:00,16:07:00,1
7543,Jeffrey Lyons,lauriescott@example.com,68,Male,HP Pavilion,2021-03-25,Refund request,Delivery problem,Closed,Critical,Chat,03:44:00,07:41:00,1
7544,Don Sloan,eromero@example.org,52,Other,Apple AirPods,2021-10-02,Refund request,Product recommendation,Closed,High,Email,14:50:00,11:41:00,5
7545,John Campbell,kimberlyhurst@example.org,58,Male,Dell XPS,2021-02-15,Refund request,Display issue,Pending Customer Response,Low,Email,17:46:00,,
7548,Eric Ellis,jodi66@example.org,28,Female,Xbox,2021-05-15,Cancellation request,Refund request,Closed,Medium,Social media,11:40:00,04:43:00,3
7549,Tracy Allison,gary85@example.org,68,Male,iPhone,2021-05-10,Technical issue,Account access,Closed,High,Social media,01:42:00,15:33:00,3
7550,Ashley Flynn,harpertammy@example.com,18,Other,Philips Hue Lights,2021-09-15,Refund request,Peripheral compatibility,Closed,High,Social media,21:58:00,11:26:00,5
7551,James Franco,brandi28@example.net,64,Male,GoPro Hero,2020-07-08,Technical issue,Data loss,Pending Customer Response,Medium,Email,23:23:00,,
7552,Dr. Cameron Horton,danasantana@example.net,27,Male,HP Pavilion,2021-03-03,Cancellation request,Product recommendation,Pending Customer Response,High,Social media,04:08:00,,
7553,Katrina Allen,melissathompson@example.com,42,Other,LG Washing Machine,2020-05-07,Technical issue,Cancellation request,Pending Customer Response,High,Chat,09:43:00,,
7554,Alexander Walton,shawnpadilla@example.org,41,Male,Samsung Galaxy,2020-12-27,Billing inquiry,Cancellation request,Pending Customer Response,Medium,Phone,08:18:00,,
7556,Robert Miller,tanyajackson@example.net,44,Female,Fitbit Versa Smartwatch,2021-05-12,Technical issue,Hardware issue,Closed,Critical,Email,21:08:00,09:12:00,2
7557,Daniel Adams,harmonkathryn@example.net,60,Male,Sony 4K HDR TV,2021-10-31,Technical issue,Installation support,Pending Customer Response,Low,Phone,07:26:00,,
7558,Kenneth Reed,nprice@example.net,51,Male,Autodesk AutoCAD,2021-11-17,Refund request,Data loss,Closed,Low,Chat,06:15:00,11:14:00,4
7559,Rebecca Salas,uhurley@example.com,62,Other,Samsung Galaxy,2020-05-31,Technical issue,Peripheral compatibility,Closed,High,Email,08:26:00,03:23:00,2
7563,Kristie Soto,kenneththompson@example.com,45,Male,Google Nest,2021-02-21,Product inquiry,Delivery problem,Closed,Medium,Phone,15:36:00,18:37:00,3
7564,Sheryl Smith,jmartinez@example.com,35,Other,Canon EOS,2021-01-28,Cancellation request,Battery life,Pending Customer Response,Low,Chat,10:07:00,,
7565,Christopher Cabrera,jennifer63@example.net,48,Other,GoPro Action Camera,2020-06-04,Billing inquiry,Account access,Pending Customer Response,Low,Chat,07:20:00,,
7566,Ms. Judith Fisher,garciastacey@example.com,43,Other,LG Smart TV,2020-08-13,Cancellation request,Software bug,Pending Customer Response,Medium,Email,20:12:00,,
7567,Jody Bennett,rsampson@example.com,25,Other,MacBook Pro,2020-02-20,Cancellation request,Cancellation request,Pending Customer Response,High,Phone,18:08:00,,
7568,Vanessa Hill,pburns@example.net,40,Female,Adobe Photoshop,2020-08-06,Cancellation request,Refund request,Closed,High,Chat,05:46:00,08:46:00,4
7569,Cesar Brown,timothymurphy@example.net,46,Female,Nintendo Switch,2020-02-17,Cancellation request,Refund request,Closed,Medium,Chat,01:41:00,16:53:00,5
7571,Mrs. Felicia Kelley DDS,evansamber@example.net,51,Female,Dyson Vacuum Cleaner,2020-10-03,Technical issue,Display issue,Pending Customer Response,Medium,Social media,10:29:00,,
7573,Ashley Ball,rnelson@example.net,54,Female,Garmin Forerunner,2020-08-09,Cancellation request,Data loss,Closed,High,Email,02:29:00,23:27:00,3
7574,Robert Jones,wrice@example.org,48,Female,Philips Hue Lights,2020-08-09,Technical issue,Account access,Pending Customer Response,Low,Phone,11:16:00,,
7577,Vanessa Cochran,owu@example.net,64,Male,Autodesk AutoCAD,2021-11-02,Billing inquiry,Network problem,Closed,Critical,Email,13:12:00,12:15:00,2
7580,Sherry Khan,markduarte@example.net,19,Female,PlayStation,2021-09-10,Cancellation request,Software bug,Pending Customer Response,Critical,Phone,22:18:00,,
7581,Angela Tanner,oliviaroberts@example.com,37,Other,GoPro Action Camera,2021-09-22,Refund request,Battery life,Closed,Low,Chat,20:36:00,05:00:00,2
7582,Gabriel Conner,sharonjohnson@example.org,68,Female,iPhone,2020-02-25,Technical issue,Refund request,Closed,High,Email,21:16:00,08:07:00,2
7583,Kristen Alvarez,jasonwang@example.com,43,Male,Sony 4K HDR TV,2020-02-23,Technical issue,Hardware issue,Pending Customer Response,Critical,Chat,01:04:00,,
7584,Sara Jones,sanchezkeith@example.org,45,Other,Dell XPS,2021-03-10,Refund request,Display issue,Closed,Critical,Chat,08:30:00,05:50:00,2
7586,Lisa Cox,uheath@example.net,34,Male,LG Washing Machine,2020-02-08,Refund request,Hardware issue,Closed,High,Phone,07:26:00,05:55:00,5
7587,Denise Lopez,henry79@example.org,59,Male,Lenovo ThinkPad,2020-04-13,Cancellation request,Data loss,Pending Customer Response,Low,Phone,00:29:00,,
7588,Debbie Lin,rodriguezmatthew@example.org,51,Female,Canon EOS,2021-11-04,Product inquiry,Installation support,Pending Customer Response,Low,Email,23:14:00,,
7589,Jeremiah Jones,elizabethgomez@example.net,69,Male,Google Pixel,2021-03-23,Cancellation request,Cancellation request,Closed,Critical,Email,10:08:00,20:40:00,1
7590,Arthur Mccullough,nathan51@example.net,60,Other,Nest Thermostat,2020-11-27,Billing inquiry,Data loss,Pending Customer Response,Critical,Phone,19:04:00,,
7591,Julia Garcia,jescobar@example.com,40,Male,Microsoft Xbox Controller,2021-09-16,Cancellation request,Product setup,Closed,High,Phone,04:15:00,02:50:00,2
7592,Sheila Buckley,jeffrey34@example.com,23,Male,Bose SoundLink Speaker,2020-02-16,Billing inquiry,Software bug,Closed,Critical,Phone,19:30:00,05:17:00,2
7594,Mark Moreno,kward@example.org,69,Male,Canon DSLR Camera,2020-11-02,Refund request,Delivery problem,Pending Customer Response,Medium,Chat,12:43:00,,
7595,Daniel Moran,todd16@example.com,69,Male,Sony Xperia,2021-12-02,Cancellation request,Cancellation request,Closed,High,Email,14:16:00,23:13:00,5
7596,Christopher English,kedwards@example.org,22,Female,Nest Thermostat,2021-11-16,Billing inquiry,Product compatibility,Closed,Medium,Email,02:05:00,06:02:00,3
7597,Joshua Edwards,paulcline@example.com,47,Other,Bose QuietComfort,2021-11-29,Product inquiry,Product recommendation,Pending Customer Response,Medium,Phone,12:02:00,,
7599,Kelsey Lin,fernandezkimberly@example.net,60,Male,Microsoft Office,2020-06-17,Refund request,Installation support,Closed,Low,Chat,03:06:00,07:07:00,3
7601,Matthew Murphy,josephquinn@example.com,20,Other,Google Pixel,2020-07-23,Product inquiry,Product compatibility,Closed,High,Social media,14:52:00,15:02:00,5
7602,Carl Hardin,michael55@example.net,27,Male,Sony PlayStation,2020-02-12,Refund request,Account access,Closed,Critical,Chat,08:28:00,16:18:00,5
7603,George Lloyd,scottharris@example.net,64,Female,Bose QuietComfort,2021-01-16,Cancellation request,Hardware issue,Pending Customer Response,Critical,Phone,23:03:00,,
7604,Brandon Gonzalez,meganrodriguez@example.org,63,Male,Nikon D,2020-08-24,Product inquiry,Display issue,Closed,Medium,Social media,06:46:00,11:59:00,2
7605,Charles Callahan,courtneysingh@example.com,70,Female,LG Washing Machine,2020-06-11,Cancellation request,Refund request,Pending Customer Response,Medium,Chat,23:23:00,,
7609,Derrick Freeman,chavezronald@example.com,23,Male,Nikon D,2021-02-01,Technical issue,Display issue,Closed,Medium,Social media,18:03:00,16:25:00,2
7610,Nathan Robertson DDS,torressydney@example.org,38,Other,Nest Thermostat,2020-04-01,Product inquiry,Display issue,Closed,Critical,Email,16:58:00,19:15:00,3
7613,Jenna Clayton,reyesmark@example.com,27,Male,Fitbit Charge,2020-10-23,Billing inquiry,Product compatibility,Closed,Medium,Phone,16:30:00,03:48:00,3
7615,Jared King,sholmes@example.org,36,Male,Xbox,2020-03-27,Technical issue,Product compatibility,Closed,High,Phone,17:39:00,11:33:00,2
7616,Elizabeth King,bradyelizabeth@example.org,68,Other,LG Washing Machine,2021-08-11,Billing inquiry,Battery life,Pending Customer Response,High,Chat,23:25:00,,
7618,Devin Rodriguez,pbanks@example.net,61,Female,Philips Hue Lights,2021-04-12,Refund request,Installation support,Closed,Low,Social media,06:17:00,03:57:00,1
7619,Melinda Mccann,daniellecline@example.net,25,Other,MacBook Pro,2020-11-11,Billing inquiry,Data loss,Closed,Medium,Phone,04:56:00,12:06:00,1
7620,Anne Deleon,michaelfrazier@example.com,52,Other,Bose SoundLink Speaker,2020-04-03,Product inquiry,Product compatibility,Pending Customer Response,Medium,Phone,11:33:00,,
7622,Harold Booker,janetjames@example.org,29,Other,LG Washing Machine,2021-12-10,Product inquiry,Payment issue,Pending Customer Response,High,Email,01:36:00,,
7624,Kathy Hart DDS,ssexton@example.com,22,Female,Amazon Echo,2021-12-20,Refund request,Account access,Pending Customer Response,Low,Social media,08:47:00,,
7625,April Mcdaniel,craignorman@example.net,53,Other,MacBook Pro,2021-09-04,Refund request,Product compatibility,Closed,Medium,Chat,23:26:00,16:05:00,2
7626,Ashley Smith,brownrebecca@example.org,59,Female,Roomba Robot Vacuum,2020-05-29,Billing inquiry,Delivery problem,Pending Customer Response,Medium,Chat,14:31:00,,
7628,Laurie Buck,dbrown@example.org,31,Female,Lenovo ThinkPad,2020-01-22,Technical issue,Delivery problem,Closed,Low,Email,01:37:00,12:01:00,5
7629,Kevin Ortiz,amy62@example.net,33,Male,Google Nest,2021-07-30,Refund request,Product compatibility,Pending Customer Response,Low,Social media,23:10:00,,
7630,Michael Ryan,ryan04@example.net,48,Other,Canon DSLR Camera,2021-09-21,Cancellation request,Software bug,Closed,Medium,Email,13:51:00,11:40:00,5
7632,Tiffany Williams,kvaldez@example.net,32,Female,LG OLED,2020-01-28,Refund request,Network problem,Pending Customer Response,Medium,Email,20:15:00,,
7633,Susan Rowe PhD,hmills@example.org,53,Male,Bose SoundLink Speaker,2020-02-07,Technical issue,Product compatibility,Pending Customer Response,Low,Phone,20:11:00,,
7635,Jackie Knight,fischersteven@example.org,20,Other,Amazon Kindle,2020-10-26,Cancellation request,Refund request,Closed,Critical,Social media,16:29:00,17:44:00,4
7636,Ronald Guerrero,donna20@example.org,23,Other,Philips Hue Lights,2021-05-09,Refund request,Network problem,Pending Customer Response,Low,Chat,08:09:00,,
7637,Shawn Vasquez,nicole01@example.net,18,Other,Nintendo Switch Pro Controller,2021-08-16,Billing inquiry,Hardware issue,Pending Customer Response,Critical,Chat,21:42:00,,
7638,Rebecca Garcia,djohnson@example.com,48,Male,Nest Thermostat,2020-01-10,Billing inquiry,Payment issue,Pending Customer Response,High,Phone,02:19:00,,
7641,Richard Stephens,brookskelli@example.net,70,Male,Sony Xperia,2020-06-29,Technical issue,Account access,Pending Customer Response,Medium,Social media,19:53:00,,
7642,Margaret Cruz,joseph60@example.com,23,Male,Nikon D,2020-02-08,Billing inquiry,Display issue,Pending Customer Response,Medium,Phone,08:58:00,,
7643,Gabriela Warren,ashlee64@example.net,32,Other,Xbox,2020-11-25,Cancellation request,Refund request,Pending Customer Response,Low,Chat,17:43:00,,
7645,Veronica Chapman,avilamanuel@example.net,60,Other,Fitbit Charge,2021-06-17,Technical issue,Product recommendation,Closed,Critical,Social media,19:39:00,13:28:00,1
7647,Diane Mills,foxrichard@example.com,27,Other,Canon DSLR Camera,2021-03-28,Billing inquiry,Hardware issue,Closed,High,Phone,20:36:00,07:40:00,5
7648,Stephanie Velasquez,lisaalexander@example.net,50,Other,iPhone,2021-05-10,Technical issue,Cancellation request,Closed,High,Social media,22:19:00,14:53:00,2
7649,Mark Bass,yparsons@example.com,24,Other,Autodesk AutoCAD,2020-02-21,Refund request,Network problem,Closed,High,Email,06:49:00,13:56:00,1
7653,Nichole Rice,morenoandrea@example.net,66,Male,LG Smart TV,2020-01-16,Technical issue,Network problem,Pending Customer Response,Medium,Chat,08:32:00,,
7654,Sarah Hill,hhays@example.net,35,Other,Fitbit Versa Smartwatch,2021-04-22,Billing inquiry,Data loss,Pending Customer Response,Critical,Email,11:06:00,,
7655,Timothy Anderson,juliegarcia@example.net,24,Other,iPhone,2020-08-12,Technical issue,Account access,Closed,Low,Chat,22:45:00,09:32:00,5
7656,Mary James,fwallace@example.net,57,Female,Lenovo ThinkPad,2020-12-16,Refund request,Cancellation request,Pending Customer Response,Critical,Social media,09:47:00,,
7661,Valerie Diaz,robert71@example.org,54,Other,Apple AirPods,2020-12-28,Refund request,Peripheral compatibility,Closed,Low,Social media,03:08:00,06:16:00,5
7662,Robert Black,lisa93@example.com,22,Male,Xbox,2021-07-16,Cancellation request,Product recommendation,Closed,Medium,Email,11:39:00,10:10:00,4
7663,Jason Wood,hgray@example.net,43,Male,Samsung Galaxy,2020-11-22,Technical issue,Network problem,Pending Customer Response,Medium,Social media,07:25:00,,
7666,Danielle Martin,buchananpenny@example.com,35,Female,Autodesk AutoCAD,2020-09-20,Technical issue,Battery life,Closed,Medium,Chat,13:03:00,03:39:00,5
7667,Abigail Vaughn,flowersalicia@example.net,29,Female,Google Pixel,2021-02-04,Cancellation request,Hardware issue,Pending Customer Response,High,Social media,22:52:00,,
7668,Margaret Arnold,yfloyd@example.org,52,Female,Asus ROG,2021-06-03,Refund request,Refund request,Pending Customer Response,Critical,Email,10:27:00,,
7671,Peggy Miller,phillipsmichael@example.com,49,Male,Sony 4K HDR TV,2021-12-18,Product inquiry,Data loss,Pending Customer Response,Low,Social media,15:24:00,,
7672,Veronica Morgan,quinnkeith@example.com,60,Male,MacBook Pro,2021-12-14,Product inquiry,Hardware issue,Pending Customer Response,Critical,Email,02:00:00,,
7675,Samuel Hines,colemanmichael@example.org,25,Female,PlayStation,2020-10-25,Billing inquiry,Display issue,Pending Customer Response,Low,Email,23:12:00,,
7676,Katelyn Johnson,qmeyer@example.org,23,Other,Sony Xperia,2020-03-25,Technical issue,Product compatibility,Closed,High,Phone,11:34:00,21:15:00,4
7677,David Dunlap,michael32@example.com,50,Female,Amazon Echo,2020-04-01,Product inquiry,Product setup,Closed,Low,Social media,04:49:00,16:55:00,4
7678,Pamela Arnold,emay@example.org,56,Other,Lenovo ThinkPad,2021-09-12,Refund request,Delivery problem,Closed,Critical,Phone,12:27:00,15:01:00,1
7679,Steven Johnson,dannyyoung@example.org,60,Female,Amazon Echo,2020-08-27,Refund request,Network problem,Closed,Critical,Social media,07:37:00,06:20:00,3
7682,Courtney Armstrong,matthew75@example.com,34,Female,Bose QuietComfort,2020-01-14,Billing inquiry,Product compatibility,Pending Customer Response,Low,Phone,02:26:00,,
7683,Julie Brown,chavezjoseph@example.com,39,Other,Sony 4K HDR TV,2021-03-27,Refund request,Peripheral compatibility,Closed,Low,Chat,13:09:00,05:12:00,4
7684,Karina Diaz,pcallahan@example.com,66,Female,Philips Hue Lights,2020-07-26,Technical issue,Delivery problem,Pending Customer Response,High,Phone,13:10:00,,
7685,Lisa Tucker,wilsonmelissa@example.org,20,Female,Amazon Echo,2021-01-07,Billing inquiry,Data loss,Pending Customer Response,High,Phone,19:49:00,,
7686,Mark Holder,warnerjustin@example.net,45,Other,Roomba Robot Vacuum,2020-05-27,Billing inquiry,Installation support,Closed,High,Social media,00:29:00,12:37:00,3
7687,Mr. Douglas Lynch,angelarodriguez@example.org,29,Female,Sony PlayStation,2021-11-12,Cancellation request,Software bug,Closed,Medium,Social media,06:58:00,02:07:00,5
7689,William Butler,lschmidt@example.com,46,Other,GoPro Action Camera,2020-02-12,Billing inquiry,Product compatibility,Pending Customer Response,Critical,Email,09:34:00,,
7690,Deborah Williams,bfreeman@example.net,34,Female,Nintendo Switch Pro Controller,2020-12-26,Technical issue,Hardware issue,Pending Customer Response,High,Phone,15:30:00,,
7691,Rebecca Mendez,cindyjohnson@example.net,44,Female,Dyson Vacuum Cleaner,2020-12-06,Cancellation request,Refund request,Pending Customer Response,Medium,Social media,13:06:00,,
7692,Brandon Brown,hperez@example.net,30,Female,Microsoft Surface,2021-03-24,Billing inquiry,Delivery problem,Pending Customer Response,Medium,Phone,06:11:00,,
7693,Hannah Valentine,jrojas@example.net,51,Other,Fitbit Charge,2021-06-03,Refund request,Display issue,Closed,Critical,Social media,01:55:00,10:48:00,1
7696,John Jones,lauragates@example.com,46,Female,Asus ROG,2021-05-10,Technical issue,Installation support,Pending Customer Response,Medium,Phone,03:45:00,,
7697,Stephen Lee,joneskelly@example.com,34,Other,Dell XPS,2021-01-19,Cancellation request,Cancellation request,Closed,Low,Email,11:01:00,16:07:00,5
7700,Amanda Ward,owengregg@example.net,59,Female,Amazon Echo,2021-11-06,Cancellation request,Account access,Closed,High,Chat,07:13:00,23:15:00,1
7701,Stephanie Carroll,trevorsantana@example.com,65,Female,Sony 4K HDR TV,2021-03-28,Cancellation request,Account access,Closed,High,Phone,19:52:00,17:42:00,4
7703,Martin Floyd,bruce99@example.net,57,Female,LG Smart TV,2020-10-08,Billing inquiry,Display issue,Closed,Medium,Social media,15:31:00,04:29:00,3
7705,Shannon Sanchez,zrobinson@example.com,46,Male,HP Pavilion,2020-04-03,Cancellation request,Peripheral compatibility,Pending Customer Response,Low,Social media,09:55:00,,
7706,Martin Davis,amberthomas@example.net,52,Male,Autodesk AutoCAD,2020-01-15,Technical issue,Delivery problem,Pending Customer Response,Low,Social media,23:30:00,,
7707,Sandra Todd,ericingram@example.org,44,Other,Roomba Robot Vacuum,2021-07-29,Cancellation request,Cancellation request,Pending Customer Response,Medium,Phone,01:55:00,,
7708,Virginia Crosby,parkerjessica@example.com,19,Female,Sony 4K HDR TV,2021-04-08,Cancellation request,Display issue,Pending Customer Response,Low,Email,06:34:00,,
7711,Kevin Johnson,kelsey43@example.com,38,Male,Google Nest,2021-03-29,Refund request,Product setup,Closed,Critical,Email,19:57:00,14:49:00,5
7716,Deborah Deleon,rrussell@example.org,35,Female,HP Pavilion,2021-05-15,Refund request,Payment issue,Pending Customer Response,Critical,Phone,05:54:00,,
7720,Emily Little,tanyathomas@example.net,33,Male,Nest Thermostat,2020-09-20,Billing inquiry,Battery life,Closed,Medium,Email,04:57:00,08:31:00,4
7721,Samantha Cobb,juliecruz@example.org,40,Other,Microsoft Office,2020-12-06,Technical issue,Network problem,Pending Customer Response,Medium,Email,05:22:00,,
7723,Angela Rivers,asharp@example.net,63,Male,Sony 4K HDR TV,2021-11-23,Technical issue,Battery life,Pending Customer Response,High,Social media,16:01:00,,
7724,Sandra Castaneda,michaelfarrell@example.net,20,Other,Canon EOS,2021-07-15,Technical issue,Account access,Pending Customer Response,High,Email,10:28:00,,
7725,Christopher Alexander,katiemaldonado@example.com,63,Female,Nest Thermostat,2020-02-24,Product inquiry,Product recommendation,Closed,Critical,Social media,21:49:00,18:39:00,1
7726,Tiffany Chen,hcannon@example.net,43,Female,Amazon Kindle,2021-04-01,Refund request,Installation support,Pending Customer Response,High,Email,21:39:00,,
7727,April Parker,pauljohnson@example.org,43,Male,Fitbit Versa Smartwatch,2020-02-08,Technical issue,Payment issue,Pending Customer Response,Low,Social media,08:40:00,,
7729,Peter Chandler,amckinney@example.net,69,Female,Nest Thermostat,2021-03-22,Technical issue,Display issue,Closed,Critical,Email,17:19:00,01:15:00,1
7730,Lindsey Velez,smithalisha@example.org,55,Female,GoPro Action Camera,2021-08-17,Refund request,Delivery problem,Closed,Medium,Chat,19:16:00,07:43:00,5
7732,Juan Jones,jeffersonrichard@example.com,36,Female,Fitbit Versa Smartwatch,2021-01-02,Refund request,Product recommendation,Pending Customer Response,Critical,Phone,03:30:00,,
7735,Jeremy Sullivan,mcclainscott@example.com,59,Other,GoPro Action Camera,2020-03-19,Cancellation request,Peripheral compatibility,Pending Customer Response,Critical,Chat,03:14:00,,
7737,Joseph Daniels,lfoster@example.org,60,Male,Samsung Galaxy,2020-01-07,Product inquiry,Product recommendation,Pending Customer Response,Critical,Social media,08:48:00,,
7738,Shannon Perkins,deansmith@example.net,57,Male,Google Nest,2020-12-22,Refund request,Product recommendation,Closed,Medium,Phone,13:52:00,00:31:00,3
7739,Kristine Rivera,emily36@example.com,37,Male,Fitbit Versa Smartwatch,2020-11-03,Refund request,Installation support,Pending Customer Response,Critical,Social media,05:54:00,,
7740,Christopher Morrison,sanderspatricia@example.org,61,Other,MacBook Pro,2021-11-13,Cancellation request,Peripheral compatibility,Pending Customer Response,High,Email,11:46:00,,
7741,Mark Grant,murphyjames@example.com,39,Other,Dell XPS,2021-11-21,Refund request,Account access,Pending Customer Response,Low,Chat,21:37:00,,
7744,Cesar Warren,patelmatthew@example.net,35,Male,Nest Thermostat,2021-01-22,Billing inquiry,Peripheral compatibility,Pending Customer Response,Critical,Email,12:33:00,,
7745,Brian Blake,melanie68@example.net,32,Male,Xbox,2020-03-30,Product inquiry,Software bug,Closed,Low,Email,08:13:00,08:00:00,3
7747,Brittany Chapman,cohengabriela@example.com,39,Female,Bose SoundLink Speaker,2021-01-20,Billing inquiry,Product recommendation,Pending Customer Response,High,Phone,22:04:00,,
7751,Brenda Harvey,qanderson@example.org,22,Male,MacBook Pro,2020-01-07,Technical issue,Product setup,Closed,Medium,Email,08:45:00,22:24:00,3
7752,Steven Vega,pelliott@example.net,28,Male,Sony PlayStation,2020-12-01,Product inquiry,Peripheral compatibility,Pending Customer Response,High,Phone,05:35:00,,
7754,Timothy Robinson,mark07@example.com,61,Male,PlayStation,2020-12-18,Cancellation request,Refund request,Pending Customer Response,High,Chat,10:53:00,,
7755,Kayla Edwards,thomascharles@example.com,33,Male,Samsung Soundbar,2021-05-22,Refund request,Peripheral compatibility,Pending Customer Response,Low,Social media,06:27:00,,
7756,Brianna Smith,crystal14@example.org,69,Other,Canon DSLR Camera,2020-06-11,Cancellation request,Delivery problem,Pending Customer Response,Medium,Phone,11:10:00,,
7757,Joshua Torres,kimberly94@example.com,44,Female,Google Pixel,2020-12-22,Billing inquiry,Network problem,Closed,Critical,Email,00:12:00,15:03:00,3
7758,Adam Ellis,ryan92@example.net,46,Female,Roomba Robot Vacuum,2021-10-13,Billing inquiry,Refund request,Pending Customer Response,Medium,Email,17:37:00,,
7759,Megan Marks,christina07@example.net,28,Other,Lenovo ThinkPad,2020-01-17,Technical issue,Account access,Pending Customer Response,Low,Email,20:26:00,,
7760,Kathleen Zimmerman,thernandez@example.org,46,Male,Nest Thermostat,2020-01-23,Refund request,Product setup,Pending Customer Response,Critical,Social media,19:31:00,,
7763,Roger Padilla,wproctor@example.com,52,Female,Nikon D,2020-01-28,Technical issue,Battery life,Pending Customer Response,Critical,Email,01:26:00,,
7764,Cynthia Jones,jessicaortega@example.com,70,Male,GoPro Action Camera,2021-10-24,Refund request,Peripheral compatibility,Pending Customer Response,Critical,Phone,19:34:00,,
7765,Rebecca Greene,jonathan11@example.com,53,Other,Amazon Kindle,2020-02-16,Product inquiry,Network problem,Closed,Medium,Email,14:49:00,09:55:00,3
7766,Jacob Spencer,perkinstiffany@example.org,19,Other,MacBook Pro,2020-11-17,Technical issue,Battery life,Closed,Medium,Email,07:47:00,10:02:00,4
7767,Paige Bailey,rodriguezamy@example.net,52,Other,Google Pixel,2020-02-20,Refund request,Product compatibility,Closed,High,Social media,00:50:00,21:17:00,4
7768,James Mitchell,cynthia82@example.net,53,Other,Autodesk AutoCAD,2020-06-17,Cancellation request,Product compatibility,Pending Customer Response,Critical,Phone,23:18:00,,
7769,Gregory Weber,rwallace@example.net,50,Other,Asus ROG,2021-07-21,Refund request,Payment issue,Closed,Medium,Phone,17:44:00,00:27:00,2
7770,Kathleen Oliver,hsantiago@example.net,64,Female,Samsung Galaxy,2020-11-12,Billing inquiry,Account access,Pending Customer Response,Medium,Chat,12:29:00,,
7771,Patrick Brock,crystal76@example.org,58,Male,iPhone,2021-10-28,Billing inquiry,Hardware issue,Pending Customer Response,Medium,Phone,11:26:00,,
7773,Teresa Nguyen,kellychapman@example.org,52,Male,Roomba Robot Vacuum,2021-07-02,Product inquiry,Software bug,Pending Customer Response,High,Email,16:40:00,,
7775,Christine Wilson,drogers@example.org,55,Female,LG Washing Machine,2021-07-13,Cancellation request,Product setup,Closed,Medium,Social media,19:24:00,22:29:00,2
7778,Richard Black,wstevens@example.com,41,Male,Microsoft Surface,2021-02-28,Refund request,Data loss,Closed,Low,Chat,08:15:00,18:29:00,1
7779,Amy Wood,antonio50@example.com,58,Other,Fitbit Versa Smartwatch,2020-09-14,Cancellation request,Account access,Closed,High,Email,21:55:00,06:06:00,2
7781,Veronica Carr,madeline57@example.org,33,Female,Amazon Echo,2021-10-01,Cancellation request,Peripheral compatibility,Pending Customer Response,Critical,Phone,02:56:00,,
7783,Aaron Aguilar,henryashley@example.org,25,Female,GoPro Action Camera,2021-07-28,Product inquiry,Payment issue,Closed,Critical,Social media,18:18:00,17:46:00,4
7785,Lauren Lawrence,keithcabrera@example.net,66,Male,LG OLED,2020-07-24,Cancellation request,Network problem,Pending Customer Response,High,Social media,17:26:00,,
7789,Karla Lindsey,matthewmosley@example.com,30,Male,Samsung Soundbar,2021-06-08,Technical issue,Product setup,Closed,Low,Email,09:31:00,12:37:00,5
7790,Andrea Strickland,plucas@example.org,61,Male,Fitbit Charge,2021-08-24,Refund request,Product setup,Pending Customer Response,Critical,Social media,05:01:00,,
7793,Joseph Neal,brian58@example.net,45,Female,Microsoft Office,2021-06-23,Technical issue,Hardware issue,Closed,Critical,Chat,12:52:00,12:38:00,2
7795,Amy Mcintyre,ufarmer@example.net,28,Other,Amazon Echo,2021-12-14,Technical issue,Software bug,Closed,Critical,Email,02:25:00,11:32:00,5
7797,Katherine Adams,brucereed@example.org,67,Female,Sony PlayStation,2020-02-02,Billing inquiry,Account access,Pending Customer Response,Low,Email,09:20:00,,
7798,Shelia Carr,lgarcia@example.com,69,Female,Fitbit Versa Smartwatch,2021-11-21,Technical issue,Network problem,Pending Customer Response,High,Phone,11:28:00,,
7799,Kimberly Collier,bradley20@example.com,36,Other,GoPro Action Camera,2020-06-19,Product inquiry,Installation support,Closed,Medium,Social media,15:40:00,03:28:00,4
7801,Sarah Ramirez,thomas55@example.net,49,Other,Roomba Robot Vacuum,2021-07-15,Billing inquiry,Product compatibility,Closed,Critical,Social media,14:52:00,12:05:00,2
7803,Heather Pearson,smithkim@example.com,42,Female,Lenovo ThinkPad,2021-04-20,Refund request,Product recommendation,Pending Customer Response,Low,Social media,05:31:00,,
7804,Mary Lopez,jerry45@example.net,65,Other,HP Pavilion,2020-06-14,Cancellation request,Refund request,Closed,Critical,Email,20:44:00,12:23:00,5
7805,Dr. Nicholas Miller,devinburgess@example.net,24,Other,Nest Thermostat,2020-12-10,Cancellation request,Account access,Pending Customer Response,Medium,Social media,20:31:00,,
7806,Brandy Brown,susan57@example.com,60,Male,Garmin Forerunner,2021-05-08,Cancellation request,Product setup,Closed,Low,Chat,02:26:00,15:19:00,5
7808,Dr. Logan Mayo V,cynthiawolfe@example.com,70,Male,Nikon D,2020-03-12,Refund request,Product recommendation,Pending Customer Response,High,Social media,02:18:00,,
7809,Sarah Bean,garciadavid@example.org,23,Male,Dyson Vacuum Cleaner,2020-05-04,Technical issue,Software bug,Pending Customer Response,Medium,Social media,02:26:00,,
7810,Matthew Henson,elizabeth73@example.net,22,Male,Bose SoundLink Speaker,2020-03-09,Cancellation request,Account access,Pending Customer Response,Low,Social media,01:06:00,,
7812,Megan Potter,katherineparker@example.net,25,Male,Nest Thermostat,2021-01-18,Technical issue,Network problem,Pending Customer Response,High,Chat,11:24:00,,
7813,Candice Moyer,brettcochran@example.com,18,Female,Adobe Photoshop,2020-06-28,Technical issue,Product compatibility,Closed,High,Chat,17:09:00,04:25:00,3
7815,Sabrina Martinez,william37@example.com,47,Female,Roomba Robot Vacuum,2020-08-01,Billing inquiry,Installation support,Pending Customer Response,Medium,Phone,20:26:00,,
7816,David Daniels,williamsgloria@example.org,31,Male,LG Washing Machine,2020-03-29,Cancellation request,Software bug,Pending Customer Response,Critical,Chat,04:44:00,,
7818,Joseph Stewart,tommy34@example.com,48,Other,LG OLED,2020-12-09,Product inquiry,Cancellation request,Pending Customer Response,Critical,Phone,09:35:00,,
7819,Robert Atkins,tjames@example.com,45,Male,Amazon Echo,2021-05-08,Product inquiry,Software bug,Pending Customer Response,Critical,Email,13:04:00,,
7820,Carol Cruz,andersondavid@example.com,26,Other,iPhone,2020-04-06,Technical issue,Payment issue,Pending Customer Response,High,Chat,16:29:00,,
7821,Vincent Allen,beckwendy@example.org,49,Other,Microsoft Surface,2020-07-05,Technical issue,Software bug,Closed,Low,Social media,14:11:00,05:58:00,4
7823,Jeanette Beard,allisonwilson@example.net,29,Other,HP Pavilion,2021-10-14,Refund request,Account access,Closed,High,Social media,05:10:00,01:19:00,2
7824,Sheila Ho,yhernandez@example.org,68,Other,Sony 4K HDR TV,2020-07-16,Technical issue,Product compatibility,Pending Customer Response,High,Email,22:57:00,,
7826,James Lewis,mking@example.net,41,Other,Bose SoundLink Speaker,2020-07-14,Billing inquiry,Hardware issue,Pending Customer Response,Medium,Chat,14:28:00,,
7827,Bradley Mason,jordanstrong@example.org,26,Other,Autodesk AutoCAD,2020-06-22,Billing inquiry,Product recommendation,Closed,Low,Email,04:21:00,13:25:00,1
7829,Michael Rhodes,tanya29@example.org,70,Other,Lenovo ThinkPad,2021-11-16,Product inquiry,Battery life,Pending Customer Response,Medium,Phone,03:37:00,,
7830,Robin Roth,lewisalbert@example.com,43,Other,Sony Xperia,2021-05-18,Refund request,Installation support,Pending Customer Response,High,Phone,22:13:00,,
7831,James Williams,rodgerssara@example.com,65,Other,Microsoft Xbox Controller,2020-10-18,Billing inquiry,Payment issue,Pending Customer Response,Medium,Email,07:33:00,,
7832,Michelle Weaver,matthew04@example.org,31,Other,Microsoft Surface,2020-02-07,Technical issue,Installation support,Pending Customer Response,High,Chat,18:26:00,,
7833,Whitney Anderson,taylor75@example.net,45,Other,Microsoft Xbox Controller,2020-08-15,Billing inquiry,Software bug,Pending Customer Response,Low,Email,20:45:00,,
7834,Donald Phillips,michaellindsey@example.net,29,Male,iPhone,2021-01-14,Cancellation request,Installation support,Pending Customer Response,Low,Email,02:40:00,,
7835,Patrick Burns,whitechristopher@example.org,27,Male,Xbox,2020-08-31,Cancellation request,Refund request,Closed,Low,Social media,07:46:00,03:01:00,4
7837,Nathan Parks,brandon16@example.org,22,Female,Dyson Vacuum Cleaner,2021-04-25,Refund request,Delivery problem,Pending Customer Response,High,Phone,12:18:00,,
7838,Gary Mora,ltaylor@example.net,49,Female,Nest Thermostat,2021-10-13,Technical issue,Network problem,Closed,Low,Social media,04:17:00,03:05:00,4
7839,Richard Church,mthomas@example.org,27,Male,Adobe Photoshop,2021-08-10,Billing inquiry,Account access,Pending Customer Response,Medium,Email,16:35:00,,
7842,Robert Lindsey,joseph90@example.com,66,Other,Canon EOS,2021-06-28,Technical issue,Installation support,Closed,Medium,Email,09:05:00,08:18:00,4
7843,Jennifer Mcbride,igonzalez@example.com,29,Other,iPhone,2021-01-11,Refund request,Display issue,Closed,Critical,Phone,14:23:00,19:45:00,1
7844,Megan Blackwell,xperry@example.org,56,Male,Microsoft Office,2021-12-12,Technical issue,Network problem,Pending Customer Response,High,Social media,21:23:00,,
7845,Misty Lewis,gyates@example.net,63,Male,LG Smart TV,2020-10-21,Technical issue,Product setup,Pending Customer Response,Critical,Chat,18:51:00,,
7846,Natalie Harris,torresshannon@example.com,58,Other,Amazon Echo,2020-05-25,Technical issue,Network problem,Pending Customer Response,Low,Phone,13:35:00,,
7847,Sean Flynn,brandtcarol@example.org,42,Male,Roomba Robot Vacuum,2021-12-03,Product inquiry,Product setup,Pending Customer Response,Critical,Email,14:15:00,,
7851,Timothy Richard,michael66@example.net,63,Male,Lenovo ThinkPad,2020-09-25,Cancellation request,Refund request,Closed,Medium,Chat,18:16:00,23:19:00,5
7853,Scott Brown,bernarddrake@example.net,20,Male,LG Washing Machine,2020-08-06,Refund request,Software bug,Pending Customer Response,Critical,Email,22:15:00,,
7858,Lisa Santana,sarah57@example.org,33,Other,Sony 4K HDR TV,2021-05-19,Cancellation request,Delivery problem,Pending Customer Response,Medium,Chat,07:23:00,,
7860,Jessica Erickson,frankgallagher@example.net,68,Male,Fitbit Versa Smartwatch,2021-07-01,Refund request,Data loss,Closed,Low,Chat,18:57:00,06:51:00,5
7861,Mitchell Knight,laurajackson@example.org,25,Male,iPhone,2020-08-19,Refund request,Hardware issue,Pending Customer Response,Critical,Phone,04:14:00,,
7862,Steven Cross,amymitchell@example.org,69,Male,GoPro Action Camera,2021-08-27,Billing inquiry,Network problem,Pending Customer Response,Medium,Phone,10:39:00,,
7863,Brittany Jacobs,brian87@example.com,30,Female,Xbox,2021-08-14,Billing inquiry,Software bug,Pending Customer Response,High,Phone,09:10:00,,
7864,Molly Huynh,elliottrandall@example.org,39,Male,Sony 4K HDR TV,2020-11-10,Technical issue,Hardware issue,Closed,Critical,Social media,06:56:00,05:05:00,3
7869,Robert Coleman,markmason@example.net,69,Female,Sony PlayStation,2020-12-20,Billing inquiry,Battery life,Pending Customer Response,Low,Chat,01:27:00,,
7870,Anthony Wright,tgibson@example.net,48,Male,Samsung Soundbar,2020-07-18,Technical issue,Product setup,Pending Customer Response,Low,Social media,15:08:00,,
7872,Eileen Marquez,gregg42@example.com,28,Male,Roomba Robot Vacuum,2020-04-25,Billing inquiry,Network problem,Pending Customer Response,Critical,Phone,17:04:00,,
7875,Karen Wells,debramcbride@example.org,59,Male,Amazon Kindle,2021-03-13,Billing inquiry,Product compatibility,Closed,Critical,Social media,08:01:00,12:15:00,3
7877,Haley Richard,fitzpatrickerin@example.com,33,Male,Amazon Kindle,2021-12-25,Refund request,Software bug,Closed,Low,Phone,00:02:00,02:49:00,2
7878,Robert Smith,tammy22@example.net,39,Other,Bose SoundLink Speaker,2021-07-01,Cancellation request,Cancellation request,Closed,High,Chat,06:27:00,18:52:00,2
7880,Tamara Brooks,jennifer02@example.net,63,Other,Apple AirPods,2020-11-11,Technical issue,Data loss,Pending Customer Response,Medium,Social media,06:07:00,,
7881,Jeffrey Craig,rachelfrederick@example.com,59,Female,Canon EOS,2020-08-18,Refund request,Account access,Pending Customer Response,High,Email,16:30:00,,
7882,Deborah Soto,betty61@example.net,54,Male,Bose SoundLink Speaker,2020-08-27,Technical issue,Software bug,Pending Customer Response,Low,Social media,05:22:00,,
7883,Eric Higgins,robert81@example.com,19,Female,Amazon Kindle,2020-04-21,Refund request,Hardware issue,Closed,Low,Social media,20:16:00,12:54:00,5
7884,Mrs. Jessica Phillips DDS,andersondavid@example.org,43,Male,Sony 4K HDR TV,2020-04-18,Technical issue,Refund request,Closed,Low,Phone,15:41:00,13:10:00,5
7885,Brian Martin,jacquelinethomas@example.com,37,Male,Microsoft Office,2021-11-05,Cancellation request,Product recommendation,Closed,Medium,Phone,18:34:00,19:54:00,1
7886,Cesar Jensen,aanderson@example.net,35,Other,Sony PlayStation,2021-09-12,Refund request,Software bug,Pending Customer Response,High,Chat,19:41:00,,
7887,Justin Brown,kfoster@example.net,33,Male,LG OLED,2020-06-09,Refund request,Product compatibility,Pending Customer Response,Low,Email,19:50:00,,
7888,Michael Erickson,christopher42@example.com,65,Female,Google Nest,2020-08-21,Technical issue,Delivery problem,Closed,Medium,Chat,19:06:00,01:39:00,1
7889,Travis Collins,joemedina@example.com,61,Other,Sony Xperia,2020-11-10,Technical issue,Payment issue,Closed,Medium,Phone,09:30:00,16:57:00,3
7890,Caroline Robinson,jmckinney@example.org,22,Male,Roomba Robot Vacuum,2020-07-22,Cancellation request,Payment issue,Pending Customer Response,Medium,Social media,19:54:00,,
7892,Wanda Graham,johnsonryan@example.org,53,Male,Apple AirPods,2021-06-19,Refund request,Payment issue,Pending Customer Response,Critical,Email,23:50:00,,
7894,Morgan Cuevas,kwiley@example.org,55,Male,Google Nest,2020-03-20,Product inquiry,Network problem,Closed,High,Social media,05:27:00,14:29:00,5
7895,Selena Baldwin,vvega@example.com,18,Other,Nintendo Switch Pro Controller,2021-03-27,Product inquiry,Cancellation request,Closed,Critical,Phone,11:48:00,04:21:00,5
7896,Christopher Hansen,paynecarlos@example.org,34,Other,Nintendo Switch,2020-12-03,Refund request,Account access,Closed,Medium,Phone,22:17:00,13:39:00,2
7897,Kevin Crawford,cindy50@example.org,39,Male,Samsung Soundbar,2021-10-11,Cancellation request,Cancellation request,Closed,Critical,Phone,21:12:00,05:34:00,3
7898,Destiny Stevenson,owenjessica@example.net,20,Other,Canon DSLR Camera,2021-03-26,Billing inquiry,Product setup,Pending Customer Response,Low,Phone,20:42:00,,
7900,Toni Martin,joshuabarber@example.com,36,Other,Apple AirPods,2020-08-04,Product inquiry,Hardware issue,Pending Customer Response,Critical,Phone,12:45:00,,
7904,Diane Patton,desiree94@example.com,23,Female,Fitbit Charge,2020-02-09,Refund request,Data loss,Closed,Medium,Email,14:43:00,17:55:00,4
7905,Jose Allen,carolinerandolph@example.com,48,Other,Roomba Robot Vacuum,2021-12-19,Technical issue,Software bug,Closed,Medium,Chat,17:56:00,11:00:00,2
7907,Susan Ingram,dbell@example.com,51,Male,Amazon Kindle,2021-08-02,Refund request,Product setup,Closed,Critical,Chat,09:26:00,11:11:00,4
7908,Gary Wilson,williamcarlson@example.net,41,Female,Xbox,2021-05-21,Refund request,Data loss,Closed,Critical,Phone,16:16:00,03:20:00,4
7909,Terry Haney,robertrodriguez@example.net,51,Male,Sony 4K HDR TV,2020-12-31,Technical issue,Installation support,Closed,Medium,Email,18:55:00,05:49:00,4
7910,Megan Alexander,amandakennedy@example.com,54,Female,LG OLED,2020-01-25,Refund request,Cancellation request,Closed,Medium,Social media,22:57:00,15:39:00,2
7911,Brent Frazier,reedtara@example.org,61,Other,Sony 4K HDR TV,2021-10-18,Technical issue,Refund request,Closed,Low,Chat,06:57:00,20:11:00,1
7913,Cynthia Miller,santiagojoseph@example.org,22,Male,Nintendo Switch,2020-02-27,Product inquiry,Installation support,Pending Customer Response,Critical,Social media,16:50:00,,
7916,Elizabeth Walton,wrightsally@example.net,38,Male,Sony PlayStation,2021-03-21,Product inquiry,Hardware issue,Pending Customer Response,Medium,Social media,19:55:00,,
7917,Patricia Sullivan,bradfordshirley@example.net,37,Female,Sony Xperia,2020-10-09,Cancellation request,Display issue,Pending Customer Response,Critical,Phone,03:23:00,,
7919,Rickey Hoover,imckee@example.org,52,Male,Lenovo ThinkPad,2020-09-26,Product inquiry,Account access,Closed,Medium,Email,14:20:00,20:35:00,3
7920,Brandon Ford,csimmons@example.net,60,Other,Autodesk AutoCAD,2021-09-13,Technical issue,Software bug,Closed,Low,Email,11:09:00,13:25:00,5
7921,Kathleen Joseph,ikim@example.org,21,Other,MacBook Pro,2021-01-07,Technical issue,Product recommendation,Closed,Critical,Chat,20:37:00,06:23:00,4
7923,Jeffrey Gomez,ndavis@example.org,25,Other,PlayStation,2021-04-19,Cancellation request,Delivery problem,Closed,Low,Email,00:50:00,15:37:00,1
7924,Karen Johnson,cindy14@example.com,31,Female,Samsung Soundbar,2020-12-31,Cancellation request,Data loss,Pending Customer Response,High,Email,02:15:00,,
7925,Marcus Olsen,greenbarbara@example.org,42,Male,Fitbit Versa Smartwatch,2020-05-04,Cancellation request,Display issue,Closed,High,Email,08:45:00,21:47:00,3
7926,Michael Pearson,mjordan@example.com,67,Other,Canon EOS,2020-09-28,Cancellation request,Payment issue,Closed,Low,Email,20:04:00,17:06:00,3
7928,Sarah Walters,pamelawilliams@example.org,34,Female,Bose SoundLink Speaker,2020-11-14,Technical issue,Product compatibility,Pending Customer Response,Medium,Chat,22:55:00,,
7930,Sean Sherman,youngjames@example.net,62,Male,LG Washing Machine,2021-09-07,Technical issue,Product setup,Closed,Low,Phone,18:07:00,01:43:00,4
7932,Chase Hendrix,danielle18@example.org,68,Other,Google Nest,2021-04-21,Technical issue,Product recommendation,Pending Customer Response,Medium,Email,19:55:00,,
7933,Amy Roach,jonathannelson@example.com,47,Other,LG OLED,2020-05-11,Product inquiry,Software bug,Pending Customer Response,Critical,Chat,19:32:00,,
7934,Janice Erickson,matthewwhite@example.net,40,Male,Amazon Kindle,2021-04-21,Cancellation request,Hardware issue,Pending Customer Response,Medium,Social media,04:41:00,,
7935,Traci Haynes,wilsonandrea@example.net,33,Other,Google Pixel,2021-07-22,Cancellation request,Hardware issue,Closed,Critical,Email,19:10:00,12:43:00,2
7938,Jonathan Hines,cindy06@example.com,36,Other,Asus ROG,2020-11-10,Technical issue,Network problem,Pending Customer Response,Low,Social media,23:24:00,,
7939,Elizabeth Solomon,jamesgalloway@example.com,69,Female,Bose QuietComfort,2021-10-28,Refund request,Network problem,Pending Customer Response,Critical,Phone,21:11:00,,
7940,Cynthia Walker,jordanrobert@example.com,60,Male,iPhone,2021-01-20,Technical issue,Software bug,Closed,Low,Social media,21:08:00,06:37:00,5
7941,Amy Page,sherryortiz@example.net,58,Female,Microsoft Surface,2020-06-18,Product inquiry,Product setup,Pending Customer Response,Critical,Email,03:44:00,,
7942,Joshua Hernandez,esandoval@example.org,51,Other,Apple AirPods,2020-07-14,Cancellation request,Delivery problem,Pending Customer Response,Critical,Chat,07:46:00,,
7945,Roy Boyd,gjackson@example.com,22,Female,Amazon Echo,2020-09-19,Billing inquiry,Software bug,Closed,Critical,Social media,06:41:00,14:35:00,1
7947,Amanda Jenkins,kathryn40@example.com,70,Male,Microsoft Surface,2021-09-01,Refund request,Account access,Pending Customer Response,High,Social media,02:07:00,,
7948,Kimberly Guerra,mrobinson@example.com,53,Female,Sony PlayStation,2020-07-18,Refund request,Data loss,Closed,Medium,Email,19:33:00,17:19:00,4
7949,Paul Gonzalez,mcbridefrank@example.com,24,Male,Microsoft Surface,2020-12-08,Cancellation request,Refund request,Closed,Medium,Phone,10:13:00,07:17:00,5
7953,Autumn Garcia,blake24@example.org,63,Male,Samsung Soundbar,2021-07-22,Billing inquiry,Data loss,Pending Customer Response,Medium,Phone,10:13:00,,
7954,Andre Wagner Jr.,robertdavis@example.com,42,Female,Bose SoundLink Speaker,2020-01-24,Refund request,Account access,Closed,Critical,Phone,09:53:00,03:23:00,4
7955,Samuel Morris,basslisa@example.com,45,Male,Nintendo Switch,2020-12-17,Cancellation request,Product compatibility,Pending Customer Response,High,Chat,16:50:00,,
7956,Jonathan Bailey,chadstephens@example.net,66,Other,Microsoft Office,2020-08-28,Refund request,Refund request,Closed,Medium,Phone,08:30:00,09:01:00,4
7957,Amber West,hhill@example.org,53,Female,Sony Xperia,2020-07-03,Billing inquiry,Network problem,Closed,Low,Chat,16:09:00,15:17:00,3
7958,Mrs. Deanna Campbell MD,davismiranda@example.org,53,Male,Nikon D,2021-04-20,Technical issue,Refund request,Pending Customer Response,Medium,Social media,06:38:00,,
7961,Brian Lowe,johnsondaniel@example.net,22,Male,Roomba Robot Vacuum,2020-10-01,Technical issue,Data loss,Closed,High,Phone,12:27:00,15:38:00,3
7963,Penny Sanchez,estewart@example.org,28,Male,Sony 4K HDR TV,2021-02-09,Product inquiry,Network problem,Pending Customer Response,Critical,Phone,16:15:00,,
7964,Jennifer Butler,moranjohn@example.com,65,Male,Sony 4K HDR TV,2021-04-06,Billing inquiry,Payment issue,Pending Customer Response,Low,Chat,09:17:00,,
7965,Jamie Long,nicholsonpaul@example.net,65,Male,Canon DSLR Camera,2020-05-11,Refund request,Software bug,Closed,Low,Chat,05:39:00,00:48:00,4
7966,Jason Davies,burchmackenzie@example.com,68,Female,Autodesk AutoCAD,2021-05-14,Product inquiry,Data loss,Pending Customer Response,Low,Social media,05:24:00,,
7967,Lisa Brown,wmcconnell@example.com,31,Male,LG Smart TV,2021-06-20,Refund request,Data loss,Pending Customer Response,High,Social media,04:54:00,,
7968,Gloria Gonzalez,craighunt@example.com,33,Other,Lenovo ThinkPad,2020-12-07,Refund request,Display issue,Pending Customer Response,High,Phone,06:45:00,,
7969,Megan Daniel,kimberlymartinez@example.com,59,Other,Samsung Galaxy,2020-10-29,Refund request,Hardware issue,Pending Customer Response,Critical,Phone,15:52:00,,
7970,Erica Chavez,kimberly71@example.org,27,Other,Canon EOS,2020-03-04,Technical issue,Product compatibility,Closed,High,Email,09:00:00,16:38:00,1
7972,Larry Murphy,moralestony@example.com,20,Female,Microsoft Xbox Controller,2021-05-04,Cancellation request,Account access,Pending Customer Response,Medium,Phone,14:30:00,,
7975,Shane Gomez,thomas57@example.com,33,Female,Microsoft Office,2021-05-14,Product inquiry,Account access,Closed,Critical,Phone,00:41:00,21:11:00,3
7976,Suzanne Brown,leemma@example.org,64,Female,Bose QuietComfort,2021-10-25,Technical issue,Account access,Pending Customer Response,Medium,Social media,22:18:00,,
7978,Deborah Roach,seanvalentine@example.org,41,Other,Roomba Robot Vacuum,2021-11-14,Refund request,Battery life,Closed,Critical,Phone,19:29:00,16:33:00,1
7979,Vanessa Townsend,steven61@example.org,22,Male,Canon DSLR Camera,2020-01-20,Refund request,Display issue,Pending Customer Response,Medium,Chat,10:03:00,,
7980,Michelle Johnson,connerjanice@example.com,29,Other,iPhone,2021-02-19,Billing inquiry,Product setup,Pending Customer Response,High,Social media,07:40:00,,
7983,Kelly Johnson,crystal35@example.com,32,Female,Adobe Photoshop,2021-07-21,Billing inquiry,Payment issue,Closed,Critical,Phone,10:44:00,08:29:00,2
7984,Rebecca Collins,vreed@example.org,23,Male,LG OLED,2021-11-29,Cancellation request,Account access,Pending Customer Response,Medium,Email,02:16:00,,
7986,Andrew Thompson,richardfoster@example.net,35,Male,Bose SoundLink Speaker,2021-05-12,Cancellation request,Refund request,Pending Customer Response,Low,Email,02:39:00,,
7987,Cristian Poole,huffjerry@example.com,60,Other,Bose QuietComfort,2021-12-17,Billing inquiry,Payment issue,Closed,High,Social media,05:20:00,03:03:00,3
7989,William Shaw,martinezangelica@example.net,62,Female,Fitbit Charge,2021-09-29,Technical issue,Display issue,Pending Customer Response,Low,Chat,23:03:00,,
7990,Jennifer Martinez,atkinsonjennifer@example.net,40,Male,Philips Hue Lights,2021-05-31,Technical issue,Product compatibility,Pending Customer Response,High,Email,05:35:00,,
7991,Jesse Olsen,jennifercollier@example.net,29,Male,Microsoft Office,2021-04-18,Product inquiry,Product recommendation,Pending Customer Response,High,Phone,01:37:00,,
7993,Jimmy Martin,jamesdavis@example.com,49,Other,GoPro Hero,2020-06-07,Technical issue,Data loss,Pending Customer Response,Medium,Social media,01:52:00,,
7994,Mr. Jeremy York,tperez@example.net,33,Female,Microsoft Xbox Controller,2021-10-24,Product inquiry,Account access,Pending Customer Response,Medium,Phone,03:33:00,,
7998,Crystal James,zjackson@example.org,25,Other,Microsoft Xbox Controller,2021-05-03,Technical issue,Display issue,Closed,Low,Chat,18:30:00,05:13:00,5
8002,Joseph Pierce,jacob31@example.net,37,Female,Asus ROG,2021-07-11,Product inquiry,Product setup,Closed,High,Chat,08:53:00,07:02:00,2
8003,Melanie Mcclure,christina64@example.net,38,Female,Sony Xperia,2020-06-06,Cancellation request,Peripheral compatibility,Closed,Critical,Email,18:23:00,20:41:00,3
8004,Tonya Huber,debra81@example.net,29,Female,PlayStation,2020-04-23,Technical issue,Display issue,Pending Customer Response,Medium,Email,13:28:00,,
8005,Tina Bond,patrickriley@example.net,19,Male,MacBook Pro,2021-12-23,Refund request,Account access,Pending Customer Response,Low,Chat,15:20:00,,
8007,Erin Chambers,jody93@example.com,42,Other,Nikon D,2021-07-25,Refund request,Peripheral compatibility,Pending Customer Response,Medium,Phone,11:41:00,,
8008,David Lopez,camposnatalie@example.org,46,Other,Sony 4K HDR TV,2020-06-16,Billing inquiry,Battery life,Pending Customer Response,Low,Email,12:03:00,,
8010,Mary Thompson,danielle91@example.com,67,Male,Samsung Soundbar,2020-01-31,Product inquiry,Display issue,Pending Customer Response,Critical,Social media,23:11:00,,
8011,Antonio Wise,hillamber@example.org,57,Female,Microsoft Xbox Controller,2021-01-01,Cancellation request,Payment issue,Closed,Medium,Phone,14:30:00,22:41:00,3
8012,Thomas Price,molinajames@example.com,64,Other,PlayStation,2021-06-08,Technical issue,Account access,Pending Customer Response,Medium,Chat,04:36:00,,
8013,Jeremiah Thompson,browe@example.com,49,Male,Google Nest,2020-03-15,Cancellation request,Payment issue,Closed,Medium,Chat,07:19:00,17:14:00,5
8015,Stacey Mason,wwilliams@example.net,21,Female,LG Washing Machine,2021-09-21,Cancellation request,Product recommendation,Closed,Medium,Social media,05:59:00,21:53:00,5
8016,Robert Braun,philipjames@example.org,18,Other,Apple AirPods,2020-10-05,Technical issue,Data loss,Closed,High,Email,18:34:00,18:24:00,1
8017,Jason Andersen,thomaschristian@example.net,57,Male,Nest Thermostat,2020-06-05,Cancellation request,Product recommendation,Pending Customer Response,High,Social media,02:49:00,,
8018,Norman Walters,lbarrett@example.net,67,Male,Nintendo Switch Pro Controller,2021-11-15,Refund request,Refund request,Pending Customer Response,Low,Email,16:44:00,,
8020,Barbara Lee,markreilly@example.org,24,Male,Canon DSLR Camera,2021-01-15,Refund request,Product compatibility,Closed,Low,Email,15:23:00,19:58:00,2
8021,Kristen Fleming,iwillis@example.com,43,Female,HP Pavilion,2021-04-21,Technical issue,Network problem,Closed,Low,Email,23:43:00,11:39:00,4
8022,Kathryn Burgess,lopezwendy@example.net,56,Other,Fitbit Versa Smartwatch,2020-09-02,Technical issue,Hardware issue,Pending Customer Response,Low,Phone,03:10:00,,
8024,Christine Parker,fergusonchristopher@example.org,63,Other,Canon EOS,2021-01-09,Technical issue,Battery life,Closed,Medium,Chat,17:24:00,00:37:00,5
8025,James Stephens,bellscott@example.org,24,Other,Sony PlayStation,2020-11-25,Product inquiry,Software bug,Pending Customer Response,Medium,Phone,21:45:00,,
8026,Eduardo Collins,johnsonmark@example.org,46,Male,Canon EOS,2021-11-01,Refund request,Installation support,Pending Customer Response,High,Phone,11:46:00,,
8027,Hunter Bush,rothregina@example.com,39,Female,Roomba Robot Vacuum,2020-03-27,Technical issue,Delivery problem,Closed,High,Social media,17:23:00,15:07:00,5
8028,Melissa Crawford,dfloyd@example.com,35,Other,HP Pavilion,2021-12-20,Billing inquiry,Product recommendation,Closed,Medium,Chat,22:58:00,19:12:00,2
8029,Lisa Gates,woodnathan@example.com,27,Other,Samsung Galaxy,2020-03-05,Technical issue,Display issue,Closed,Medium,Email,06:46:00,17:27:00,3
8030,David Johnson,ahodge@example.org,37,Female,Nikon D,2021-03-14,Technical issue,Refund request,Pending Customer Response,Low,Phone,05:28:00,,
8031,Dalton Evans,robertholland@example.net,38,Male,Nintendo Switch,2020-06-15,Billing inquiry,Cancellation request,Pending Customer Response,Low,Chat,23:14:00,,
8032,Valerie Salazar,rogerseric@example.net,51,Female,Microsoft Surface,2020-05-18,Product inquiry,Battery life,Closed,Low,Phone,12:25:00,14:14:00,4
8033,Dr. Gwendolyn Shaw DVM,piercelisa@example.org,24,Male,Google Pixel,2020-10-01,Technical issue,Cancellation request,Pending Customer Response,Medium,Chat,01:35:00,,
8035,Michael Mcdaniel,davismitchell@example.com,27,Female,Nikon D,2020-05-05,Product inquiry,Peripheral compatibility,Closed,Medium,Phone,15:32:00,02:06:00,3
8036,Matthew Brown,jhowell@example.org,56,Female,Asus ROG,2021-06-18,Billing inquiry,Battery life,Closed,High,Social media,07:55:00,20:21:00,4
8037,Sheila Hunt,hopkinslauren@example.net,29,Female,GoPro Action Camera,2021-12-21,Billing inquiry,Battery life,Pending Customer Response,Critical,Email,05:09:00,,
8038,Richard Joseph,glivingston@example.com,62,Male,Google Nest,2020-08-28,Billing inquiry,Delivery problem,Pending Customer Response,Critical,Social media,09:52:00,,
8039,Vincent Daniels,psmith@example.org,44,Male,Canon EOS,2020-05-20,Cancellation request,Hardware issue,Pending Customer Response,Low,Social media,21:37:00,,
8040,Jessica Chavez,meltonjerry@example.com,49,Male,Microsoft Office,2020-09-30,Product inquiry,Delivery problem,Closed,Low,Chat,15:34:00,16:57:00,4
8041,Daniel Murphy,jacobsdanielle@example.org,69,Other,Adobe Photoshop,2021-02-27,Product inquiry,Software bug,Pending Customer Response,High,Social media,20:41:00,,
8044,Kimberly Allison,robersonhayley@example.com,40,Female,Canon DSLR Camera,2021-10-16,Product inquiry,Refund request,Closed,High,Email,05:45:00,05:12:00,4
8045,Aaron Morales,tgregory@example.net,63,Female,Dyson Vacuum Cleaner,2020-03-07,Refund request,Account access,Closed,Critical,Chat,01:34:00,20:05:00,1
8048,Margaret Roberts,beltranjoseph@example.net,39,Female,Samsung Galaxy,2020-07-14,Product inquiry,Product recommendation,Closed,Critical,Phone,21:43:00,18:22:00,2
8049,Julia Moore,ochoabrian@example.com,21,Male,Sony Xperia,2021-01-26,Refund request,Hardware issue,Pending Customer Response,Critical,Social media,13:49:00,,
8051,James Rodriguez,lbennett@example.com,60,Female,PlayStation,2020-01-21,Billing inquiry,Display issue,Closed,Low,Social media,19:59:00,18:55:00,2
8052,Casey Baker,ajohnson@example.net,52,Female,iPhone,2021-07-14,Refund request,Product recommendation,Pending Customer Response,Medium,Phone,22:12:00,,
8053,Andrew Harrison,justin33@example.net,65,Other,Canon EOS,2020-04-19,Cancellation request,Product recommendation,Closed,Critical,Email,11:05:00,15:21:00,2
8054,Christina Ross,andersonkristopher@example.net,25,Male,Samsung Soundbar,2021-03-03,Cancellation request,Software bug,Pending Customer Response,High,Email,08:36:00,,
8056,Jessica Willis,chloegarcia@example.net,58,Other,Nest Thermostat,2020-01-17,Billing inquiry,Display issue,Pending Customer Response,Low,Social media,14:31:00,,
8057,Stephanie Valdez,andrea52@example.com,26,Female,Autodesk AutoCAD,2020-03-31,Product inquiry,Delivery problem,Closed,High,Chat,21:24:00,10:00:00,4
8060,Jeffrey Baker,cynthiapowell@example.com,45,Other,Google Nest,2021-05-05,Refund request,Peripheral compatibility,Closed,High,Chat,04:38:00,04:42:00,3
8061,Jon Reed,jerrymarshall@example.com,31,Female,Autodesk AutoCAD,2021-03-15,Product inquiry,Refund request,Pending Customer Response,Critical,Social media,21:22:00,,
8062,Stacey Wilcox,daniellebrown@example.com,24,Other,Lenovo ThinkPad,2021-09-11,Technical issue,Cancellation request,Closed,Medium,Phone,17:25:00,11:12:00,3
8064,Lisa Lynch,frobinson@example.org,63,Male,MacBook Pro,2020-08-10,Product inquiry,Network problem,Pending Customer Response,High,Phone,14:54:00,,
8065,Roger Smith,farrellandrea@example.com,44,Other,Google Nest,2021-05-16,Billing inquiry,Software bug,Pending Customer Response,High,Chat,21:28:00,,
8066,Katherine Ferguson,santanadesiree@example.com,35,Other,Asus ROG,2020-04-11,Refund request,Payment issue,Closed,Low,Phone,10:06:00,14:03:00,1
8067,Victoria Colon,karengomez@example.com,57,Other,HP Pavilion,2021-02-21,Billing inquiry,Display issue,Closed,Low,Phone,08:48:00,11:04:00,3
8068,Jeffrey Campbell PhD,christensenjulia@example.net,51,Male,Amazon Kindle,2020-09-23,Product inquiry,Hardware issue,Pending Customer Response,High,Email,06:53:00,,
8069,Trevor Knox,angelabrown@example.net,42,Male,Asus ROG,2021-01-11,Cancellation request,Product recommendation,Pending Customer Response,High,Social media,19:27:00,,
8071,Mary Russell,gregory14@example.net,61,Male,Microsoft Surface,2021-09-11,Billing inquiry,Data loss,Closed,Low,Chat,10:59:00,15:06:00,3
8072,Rachel Rivera,heather90@example.com,25,Other,Bose SoundLink Speaker,2020-05-29,Cancellation request,Data loss,Pending Customer Response,Low,Social media,21:49:00,,
8074,Lauren Walker,sferguson@example.com,55,Male,LG OLED,2021-08-26,Billing inquiry,Display issue,Closed,Critical,Chat,18:38:00,23:47:00,3
8076,Christopher Green,williamwilliams@example.net,58,Male,Amazon Kindle,2020-07-14,Technical issue,Product setup,Pending Customer Response,High,Email,00:28:00,,
8077,Carlos Herman,james71@example.org,70,Female,Nintendo Switch,2020-06-29,Billing inquiry,Installation support,Closed,Low,Email,00:52:00,16:37:00,2
8078,Kevin Deleon,victoriawoodard@example.net,65,Female,Microsoft Surface,2021-07-11,Technical issue,Delivery problem,Pending Customer Response,Medium,Phone,17:01:00,,
8080,James Wilson,schaeferjulie@example.net,38,Other,LG Smart TV,2020-09-09,Billing inquiry,Delivery problem,Closed,Low,Chat,06:36:00,05:58:00,5
8081,Laura Lambert,williamsteresa@example.org,48,Other,Microsoft Office,2020-09-06,Product inquiry,Installation support,Pending Customer Response,Low,Phone,12:54:00,,
8083,Gregory Jones,pbrown@example.com,29,Male,MacBook Pro,2021-05-12,Refund request,Software bug,Closed,Critical,Phone,12:20:00,23:49:00,3
8084,Jay Jordan,tatechristopher@example.org,48,Female,Google Pixel,2020-12-09,Technical issue,Battery life,Closed,Medium,Social media,14:35:00,06:19:00,4
8085,Erin Thompson,jamesmartin@example.org,63,Female,Samsung Galaxy,2021-12-04,Technical issue,Display issue,Closed,Medium,Social media,06:14:00,20:41:00,1
8086,Lisa Knight,banksjeff@example.org,68,Female,Microsoft Surface,2020-10-19,Billing inquiry,Hardware issue,Closed,Medium,Email,03:20:00,07:29:00,1
8088,Briana Mcmahon,martinkathy@example.net,48,Other,LG Smart TV,2021-05-17,Cancellation request,Refund request,Closed,Low,Phone,06:58:00,16:34:00,4
8089,Jeffery Matthews,irobbins@example.net,55,Male,Microsoft Office,2021-10-25,Billing inquiry,Product setup,Pending Customer Response,Low,Chat,05:10:00,,
8090,Darrell Chung,stephenjensen@example.com,55,Male,Bose SoundLink Speaker,2020-11-07,Refund request,Hardware issue,Pending Customer Response,Low,Chat,15:16:00,,
8091,Michael White,kayla07@example.com,57,Female,Xbox,2020-06-20,Technical issue,Delivery problem,Closed,High,Social media,15:59:00,14:26:00,1
8092,Michelle Rush,keithtaylor@example.com,67,Female,Bose QuietComfort,2021-09-18,Refund request,Software bug,Pending Customer Response,Critical,Social media,00:27:00,,
8093,Cheryl Merritt,robert10@example.org,26,Other,PlayStation,2021-02-28,Technical issue,Display issue,Pending Customer Response,Low,Social media,15:09:00,,
8095,Jennifer Graves,rebecca65@example.org,53,Other,Xbox,2020-10-18,Technical issue,Product setup,Pending Customer Response,High,Email,15:25:00,,
8096,Nicole Contreras,dfranklin@example.net,60,Male,Dyson Vacuum Cleaner,2020-05-01,Billing inquiry,Delivery problem,Pending Customer Response,Medium,Phone,09:46:00,,
8097,Alexa Wilson,veronicawilson@example.org,70,Male,Nest Thermostat,2020-06-13,Technical issue,Software bug,Closed,High,Email,22:37:00,00:18:00,2
8098,Jennifer Carter,jonathannorton@example.org,67,Female,Canon EOS,2020-12-02,Technical issue,Product setup,Closed,High,Email,15:48:00,01:57:00,5
8099,Cassidy Riley,yorkmelissa@example.com,28,Female,Roomba Robot Vacuum,2020-05-20,Refund request,Hardware issue,Pending Customer Response,Low,Phone,15:42:00,,
8100,Amanda King,hbrewer@example.org,56,Female,Autodesk AutoCAD,2020-11-11,Product inquiry,Data loss,Pending Customer Response,Critical,Email,16:27:00,,
8102,Patricia Wang,david40@example.org,29,Male,LG OLED,2020-02-08,Cancellation request,Hardware issue,Closed,Low,Phone,10:21:00,01:10:00,2
8104,Matthew Cannon,pmedina@example.com,33,Other,LG OLED,2021-01-17,Technical issue,Product setup,Closed,Critical,Email,19:55:00,07:23:00,1
8106,Alexander Gonzalez,montgomeryconnie@example.org,25,Male,Canon DSLR Camera,2020-09-04,Refund request,Network problem,Pending Customer Response,Low,Chat,19:33:00,,
8107,Kayla Lara,zcarter@example.com,18,Other,Nest Thermostat,2021-05-31,Product inquiry,Software bug,Pending Customer Response,Low,Social media,02:37:00,,
8108,Jeffrey Anderson,rogergriffin@example.net,64,Male,Nest Thermostat,2021-08-08,Technical issue,Installation support,Pending Customer Response,High,Chat,17:29:00,,
8109,Antonio Ford,michele64@example.com,30,Male,Nest Thermostat,2021-05-09,Refund request,Account access,Pending Customer Response,Critical,Social media,16:59:00,,
8110,Lacey Henry,thubbard@example.net,48,Male,Adobe Photoshop,2021-08-12,Billing inquiry,Network problem,Closed,High,Social media,23:51:00,04:43:00,2
8111,Laura Simmons,morgandavid@example.net,34,Other,Sony 4K HDR TV,2021-03-18,Refund request,Battery life,Pending Customer Response,Critical,Phone,04:25:00,,
8113,Amanda Walsh,christine36@example.net,61,Female,Nest Thermostat,2020-07-18,Refund request,Data loss,Closed,Low,Email,16:45:00,15:28:00,5
8114,Michael Klein,valeriebrown@example.net,50,Other,Canon EOS,2020-09-26,Billing inquiry,Peripheral compatibility,Pending Customer Response,Critical,Chat,23:50:00,,
8115,Joseph Fitzgerald,jennifermueller@example.org,68,Female,Nintendo Switch Pro Controller,2021-11-26,Product inquiry,Display issue,Pending Customer Response,Low,Phone,01:11:00,,
8116,Jennifer Hunter,waltonpamela@example.org,60,Male,Microsoft Office,2020-07-14,Cancellation request,Product compatibility,Pending Customer Response,Critical,Email,17:05:00,,
8118,Samuel Brooks,brenda22@example.net,66,Other,Microsoft Surface,2021-12-22,Product inquiry,Account access,Pending Customer Response,High,Phone,00:15:00,,
8119,James Noble Jr.,dwatson@example.net,39,Female,Adobe Photoshop,2021-12-24,Product inquiry,Refund request,Pending Customer Response,Critical,Chat,05:10:00,,
8121,Cory Black,martinezbrandon@example.net,46,Male,PlayStation,2021-03-14,Technical issue,Account access,Closed,Medium,Email,05:14:00,08:13:00,2
8122,Allison Sanchez,santiagofrank@example.net,38,Female,Philips Hue Lights,2020-12-13,Product inquiry,Refund request,Closed,High,Phone,13:29:00,05:51:00,2
8124,Lori Green,kennethgolden@example.org,39,Other,Autodesk AutoCAD,2020-07-08,Refund request,Product compatibility,Closed,Critical,Social media,12:11:00,02:57:00,3
8128,James Doyle,ginapatton@example.com,67,Male,PlayStation,2020-04-07,Billing inquiry,Software bug,Closed,Medium,Chat,23:33:00,07:03:00,1
8132,Benjamin Smith,trich@example.com,39,Female,Dyson Vacuum Cleaner,2020-04-26,Cancellation request,Product recommendation,Closed,Low,Email,22:41:00,09:58:00,1
8133,George Wilkins,briandickerson@example.com,29,Male,Amazon Kindle,2020-12-03,Refund request,Network problem,Pending Customer Response,Low,Email,17:52:00,,
8135,Andrew Palmer,lauramorrison@example.com,58,Female,Google Pixel,2021-11-05,Refund request,Installation support,Closed,Critical,Phone,01:25:00,04:41:00,2
8136,Jeffrey Harmon,carmencaldwell@example.org,19,Other,Apple AirPods,2020-09-11,Cancellation request,Payment issue,Closed,Low,Email,18:31:00,22:22:00,4
8137,Kimberly Paul,williammurphy@example.net,69,Female,Nintendo Switch,2020-12-21,Billing inquiry,Delivery problem,Closed,Critical,Phone,18:36:00,06:43:00,1
8139,Nicholas Garcia,trios@example.org,46,Other,Sony 4K HDR TV,2021-11-16,Technical issue,Peripheral compatibility,Pending Customer Response,High,Email,07:04:00,,
8140,Kristen Bonilla,tanyahill@example.net,22,Male,LG Washing Machine,2021-06-29,Refund request,Cancellation request,Closed,Medium,Social media,09:50:00,02:53:00,4
8141,Kathleen Tran,bentleyemily@example.com,45,Female,LG OLED,2021-11-08,Technical issue,Payment issue,Closed,High,Chat,06:25:00,05:11:00,2
8142,Jamie Oneill,ldavis@example.com,45,Other,Microsoft Xbox Controller,2021-12-28,Billing inquiry,Product recommendation,Closed,High,Email,14:02:00,08:47:00,3
8144,Jason Coffey,angelaoconnor@example.org,43,Male,LG Washing Machine,2020-08-18,Technical issue,Battery life,Pending Customer Response,Low,Phone,01:16:00,,
8145,John Blevins,crosbymonica@example.org,47,Other,LG OLED,2020-10-08,Refund request,Cancellation request,Pending Customer Response,Medium,Phone,19:57:00,,
8146,Jason Carlson,sara16@example.net,54,Male,HP Pavilion,2021-06-20,Refund request,Hardware issue,Closed,High,Email,01:45:00,13:09:00,4
8147,Bradley Harper,christina33@example.org,31,Male,Amazon Echo,2020-06-06,Billing inquiry,Data loss,Closed,High,Phone,19:30:00,07:26:00,3
8148,Thomas Gates,brandonrobinson@example.org,38,Male,Sony PlayStation,2021-02-06,Cancellation request,Battery life,Closed,Medium,Phone,22:04:00,08:06:00,4
8153,Pamela Miller,michaelmcdowell@example.net,51,Female,Amazon Kindle,2020-11-27,Refund request,Peripheral compatibility,Pending Customer Response,Critical,Chat,16:25:00,,
8154,Melissa Mueller,lambertderrick@example.org,70,Male,Bose QuietComfort,2021-09-15,Technical issue,Cancellation request,Pending Customer Response,High,Phone,22:03:00,,
8157,Blake Anderson,andreacollier@example.org,47,Female,Amazon Kindle,2020-10-07,Product inquiry,Peripheral compatibility,Closed,Critical,Social media,21:19:00,20:05:00,1
8158,Susan Griffith,sarahwilson@example.net,58,Other,Philips Hue Lights,2021-02-16,Billing inquiry,Battery life,Pending Customer Response,Critical,Email,08:52:00,,
8159,Jeremy Collins II,williamsanthony@example.org,45,Male,LG Smart TV,2020-12-14,Billing inquiry,Network problem,Closed,Medium,Phone,15:53:00,21:34:00,2
8161,Lori Warren,linda25@example.com,63,Other,Microsoft Office,2020-04-19,Technical issue,Delivery problem,Pending Customer Response,Medium,Social media,21:37:00,,
8162,Christopher Ramirez,vdorsey@example.org,63,Female,Amazon Echo,2021-10-21,Product inquiry,Account access,Pending Customer Response,Medium,Email,11:42:00,,
8164,Lauren Finley,odonnellsteven@example.net,59,Female,GoPro Action Camera,2021-01-12,Billing inquiry,Payment issue,Pending Customer Response,Low,Phone,06:16:00,,
8165,Aimee Vasquez,scalderon@example.com,43,Female,Fitbit Charge,2021-11-23,Cancellation request,Payment issue,Closed,Medium,Chat,21:34:00,02:30:00,1
8166,David Adams,millerpeter@example.net,65,Male,Google Nest,2021-07-10,Refund request,Software bug,Closed,High,Phone,01:54:00,14:53:00,1
8167,Ann Landry,melissarodriguez@example.net,50,Male,LG OLED,2020-08-06,Cancellation request,Account access,Pending Customer Response,Critical,Phone,17:16:00,,
8168,Jerry Irwin,barbaraholmes@example.com,31,Other,Google Pixel,2020-07-15,Refund request,Refund request,Pending Customer Response,Medium,Chat,20:45:00,,
8169,Rebecca White,matthew09@example.org,66,Male,Amazon Echo,2021-06-06,Refund request,Battery life,Pending Customer Response,Critical,Email,13:16:00,,
8170,Erica Vang,qguzman@example.com,23,Other,Roomba Robot Vacuum,2021-01-21,Cancellation request,Product setup,Closed,High,Chat,02:47:00,00:17:00,4
8171,Jesse Mckinney,danielvasquez@example.net,65,Other,LG Washing Machine,2021-04-06,Cancellation request,Product compatibility,Closed,Medium,Email,15:26:00,21:50:00,2
8172,Thomas King,pwright@example.net,35,Female,Fitbit Charge,2020-02-04,Product inquiry,Product setup,Closed,High,Phone,12:20:00,01:41:00,2
8173,Tanya Meyer,iherrera@example.com,26,Other,Nikon D,2020-03-22,Billing inquiry,Product setup,Pending Customer Response,Low,Chat,15:35:00,,
8176,Jennifer Boyer,zachary13@example.com,52,Male,Canon DSLR Camera,2021-06-11,Billing inquiry,Data loss,Closed,Medium,Social media,08:47:00,12:33:00,5
8177,William Romero,frederick71@example.com,21,Other,MacBook Pro,2020-04-14,Technical issue,Cancellation request,Pending Customer Response,Medium,Social media,08:32:00,,
8179,Vanessa Pace,beckkimberly@example.com,50,Female,GoPro Hero,2021-09-27,Technical issue,Account access,Pending Customer Response,Medium,Phone,15:04:00,,
8180,Brian Baker PhD,peggygarcia@example.com,24,Female,Roomba Robot Vacuum,2020-08-01,Product inquiry,Product setup,Pending Customer Response,Medium,Email,20:04:00,,
8182,Melissa Kelley,nicole98@example.net,20,Male,LG Smart TV,2020-06-03,Cancellation request,Battery life,Closed,High,Social media,20:16:00,01:58:00,2
8184,Gabriela Murphy,robin88@example.org,36,Female,LG Washing Machine,2021-08-07,Technical issue,Payment issue,Pending Customer Response,Critical,Social media,12:37:00,,
8185,Rachel Garza,leekaren@example.net,29,Other,Xbox,2021-04-11,Cancellation request,Data loss,Pending Customer Response,High,Social media,09:55:00,,
8186,Kevin Patterson,katiegarcia@example.net,64,Female,Google Nest,2020-07-06,Refund request,Account access,Pending Customer Response,Medium,Phone,14:37:00,,
8187,Maria Novak,stacy50@example.org,48,Male,Adobe Photoshop,2021-10-07,Billing inquiry,Data loss,Pending Customer Response,Critical,Social media,07:40:00,,
8188,Monique Lowery,zhull@example.com,63,Male,LG Washing Machine,2020-02-15,Technical issue,Display issue,Closed,High,Phone,16:51:00,21:37:00,3
8189,Crystal Roy,lindsay07@example.org,44,Other,Nintendo Switch,2021-08-09,Refund request,Network problem,Pending Customer Response,Low,Social media,04:38:00,,
8191,Kimberly Daniels,torresjavier@example.org,49,Male,Asus ROG,2021-11-23,Product inquiry,Network problem,Pending Customer Response,Medium,Phone,14:08:00,,
8192,Christopher Adams,anthony66@example.net,32,Other,Nest Thermostat,2020-01-16,Cancellation request,Product setup,Pending Customer Response,Medium,Social media,14:58:00,,
8195,Jason Hunter,jameslopez@example.net,36,Female,Google Pixel,2020-12-05,Refund request,Product recommendation,Closed,Medium,Chat,02:05:00,03:10:00,2
8196,Rachel Love,jacquelinepatton@example.com,33,Female,Xbox,2020-04-04,Cancellation request,Installation support,Closed,Critical,Chat,10:57:00,08:54:00,3
8199,Robert Gross,sabrina78@example.net,37,Female,Canon DSLR Camera,2020-08-31,Product inquiry,Display issue,Closed,Medium,Chat,11:23:00,02:43:00,5
8201,Angela Tran,aarnold@example.com,52,Other,Nest Thermostat,2021-08-16,Billing inquiry,Battery life,Closed,High,Chat,00:36:00,04:51:00,5
8202,Joseph Ray,teresahuff@example.com,52,Other,Roomba Robot Vacuum,2020-07-08,Billing inquiry,Battery life,Closed,Critical,Social media,14:47:00,14:21:00,3
8203,Johnny Stokes,nicholsonjo@example.org,44,Male,Google Pixel,2021-01-01,Product inquiry,Network problem,Pending Customer Response,Medium,Chat,18:07:00,,
8204,William Butler,martinezwilliam@example.org,22,Female,PlayStation,2020-04-11,Product inquiry,Cancellation request,Pending Customer Response,Low,Social media,22:47:00,,
8209,Michael Warren,laura46@example.org,44,Female,Asus ROG,2021-02-22,Billing inquiry,Peripheral compatibility,Pending Customer Response,High,Social media,15:08:00,,
8210,Krystal Blanchard,timothyramsey@example.com,68,Other,Dell XPS,2020-10-15,Product inquiry,Payment issue,Pending Customer Response,High,Email,11:43:00,,
8211,Jason Martinez,diane25@example.net,59,Female,Sony Xperia,2021-04-04,Product inquiry,Battery life,Pending Customer Response,Medium,Phone,13:04:00,,
8212,Ryan Franklin,angela70@example.com,62,Male,Garmin Forerunner,2020-08-28,Billing inquiry,Software bug,Pending Customer Response,Low,Chat,21:58:00,,
8213,Wesley Lewis,daniellewhitaker@example.net,30,Male,Microsoft Xbox Controller,2020-01-25,Cancellation request,Refund request,Pending Customer Response,High,Email,03:45:00,,
8214,Michelle Ramos,wadesean@example.net,44,Other,Sony PlayStation,2020-02-22,Cancellation request,Data loss,Pending Customer Response,Medium,Chat,17:20:00,,
8216,Jennifer Smith,osharp@example.org,35,Female,iPhone,2020-06-08,Refund request,Account access,Closed,High,Chat,05:00:00,23:29:00,4
8217,Stacy King,donnalee@example.net,61,Other,Adobe Photoshop,2021-03-07,Technical issue,Cancellation request,Closed,Low,Social media,02:29:00,23:31:00,3
8220,Amanda Hayes,dunnjohn@example.org,45,Male,PlayStation,2021-09-11,Product inquiry,Refund request,Closed,Medium,Chat,10:57:00,12:45:00,5
8222,Danielle Ross,ana39@example.org,25,Female,GoPro Hero,2021-09-26,Billing inquiry,Data loss,Pending Customer Response,Critical,Email,17:24:00,,
8224,Ashley Martin,ekelley@example.net,24,Female,Adobe Photoshop,2020-07-29,Product inquiry,Refund request,Pending Customer Response,Medium,Social media,08:36:00,,
8226,Larry Watkins,tina81@example.net,34,Other,Lenovo ThinkPad,2021-11-19,Cancellation request,Display issue,Pending Customer Response,High,Phone,17:00:00,,
8227,Michael Orozco,allenkim@example.com,49,Female,Adobe Photoshop,2020-01-30,Cancellation request,Cancellation request,Pending Customer Response,Low,Email,17:54:00,,
8228,Angela Gray,adamtaylor@example.com,18,Male,HP Pavilion,2021-09-28,Refund request,Product recommendation,Pending Customer Response,Medium,Social media,04:56:00,,
8229,Shawn Knight,sanchezjohn@example.org,25,Male,Roomba Robot Vacuum,2021-08-22,Billing inquiry,Product setup,Closed,Critical,Email,21:58:00,00:12:00,2
8231,Jeremy Green,ayalahoward@example.com,28,Other,Dyson Vacuum Cleaner,2021-10-03,Refund request,Product setup,Pending Customer Response,Low,Chat,04:31:00,,
8232,Roger Simpson,todd34@example.net,50,Other,Apple AirPods,2020-08-17,Refund request,Peripheral compatibility,Closed,High,Chat,07:30:00,04:54:00,3
8233,Kenneth Christian,vwilliams@example.net,43,Female,Nest Thermostat,2020-05-14,Refund request,Data loss,Pending Customer Response,Critical,Chat,19:01:00,,
8234,Brent Mitchell II,espinozabrian@example.org,33,Male,Xbox,2021-09-17,Technical issue,Installation support,Closed,High,Chat,02:57:00,04:30:00,1
8236,Erica Burton,ericthomas@example.com,69,Female,Fitbit Charge,2021-10-01,Technical issue,Payment issue,Pending Customer Response,Medium,Email,20:28:00,,
8237,Amy Anderson,hamiltonmark@example.org,40,Male,Garmin Forerunner,2021-01-27,Product inquiry,Network problem,Pending Customer Response,Critical,Phone,02:00:00,,
8238,Timothy Schultz,robert09@example.org,24,Female,PlayStation,2021-11-10,Technical issue,Account access,Closed,Critical,Phone,04:11:00,02:18:00,5
8239,Jennifer Burke,rodriguezpreston@example.org,24,Other,Sony PlayStation,2021-12-09,Billing inquiry,Software bug,Closed,High,Email,20:34:00,02:28:00,2
8244,Timothy Terry,jessicarobertson@example.org,38,Female,Lenovo ThinkPad,2020-07-19,Billing inquiry,Refund request,Closed,Low,Phone,13:40:00,22:46:00,4
8245,Sarah Romero,holly57@example.net,69,Female,LG Washing Machine,2020-01-15,Refund request,Refund request,Pending Customer Response,Low,Phone,12:32:00,,
8246,Mr. Michael Lopez,parkerjohn@example.org,30,Male,GoPro Hero,2021-07-02,Technical issue,Refund request,Pending Customer Response,Low,Email,00:01:00,,
8247,Joel Roberts,brettstephens@example.com,50,Other,Xbox,2021-11-24,Product inquiry,Product compatibility,Closed,Medium,Social media,11:18:00,14:34:00,4
8250,Mary Hunt,myersrobert@example.org,65,Other,Garmin Forerunner,2021-10-09,Refund request,Refund request,Closed,Low,Email,17:11:00,06:26:00,4
8251,Sean Richards DVM,haileylutz@example.net,53,Male,GoPro Hero,2020-06-17,Product inquiry,Hardware issue,Closed,Medium,Phone,18:42:00,03:23:00,1
8252,Bailey West,fjones@example.net,45,Other,Sony Xperia,2021-03-01,Product inquiry,Hardware issue,Pending Customer Response,Medium,Email,09:23:00,,
8253,Evan Mckenzie,calderonjoseph@example.net,70,Other,LG Smart TV,2021-10-22,Product inquiry,Payment issue,Pending Customer Response,Critical,Chat,02:00:00,,
8255,Stephanie Schultz,matthew96@example.net,52,Female,Philips Hue Lights,2020-10-12,Refund request,Payment issue,Pending Customer Response,Low,Chat,22:06:00,,
8257,Dana Williams,obrienstacie@example.com,24,Female,Nintendo Switch,2020-12-28,Cancellation request,Delivery problem,Pending Customer Response,Critical,Chat,11:53:00,,
8259,Melissa Mills,wileyjaime@example.com,69,Male,Autodesk AutoCAD,2021-05-12,Billing inquiry,Battery life,Closed,Medium,Chat,02:22:00,04:10:00,1
8260,Bryan Williams,danieljones@example.com,48,Female,Microsoft Office,2021-06-02,Cancellation request,Network problem,Closed,Medium,Phone,21:12:00,21:45:00,3
8261,Sean Espinoza,maciaswilliam@example.net,48,Male,Samsung Soundbar,2020-03-19,Product inquiry,Cancellation request,Closed,High,Social media,11:56:00,18:07:00,3
8262,Andrew Friedman,vrhodes@example.com,66,Other,HP Pavilion,2020-10-26,Cancellation request,Installation support,Closed,Medium,Email,02:36:00,15:16:00,4
8264,Heather Mccullough,allenmary@example.net,23,Male,MacBook Pro,2020-09-30,Technical issue,Product setup,Closed,Medium,Chat,20:35:00,07:04:00,2
8266,Stacey Blackburn,stephen39@example.com,69,Female,Amazon Echo,2021-11-05,Technical issue,Peripheral compatibility,Closed,Critical,Chat,19:31:00,19:42:00,4
8267,Bradley Reynolds,rmoreno@example.org,29,Male,Microsoft Surface,2021-01-02,Product inquiry,Software bug,Pending Customer Response,Critical,Social media,07:07:00,,
8269,Sara Hanna,gmcdaniel@example.net,62,Female,Microsoft Surface,2021-09-07,Refund request,Software bug,Closed,High,Chat,13:10:00,21:53:00,2
8271,Jeffrey Leon,adavidson@example.org,24,Female,LG Smart TV,2020-07-12,Technical issue,Refund request,Pending Customer Response,Critical,Social media,19:55:00,,
8272,Patrick Hall,william43@example.org,20,Female,Microsoft Surface,2020-05-06,Product inquiry,Payment issue,Pending Customer Response,Critical,Chat,23:53:00,,
8273,Kathleen Gallegos,carol80@example.org,69,Female,LG Washing Machine,2021-09-24,Product inquiry,Refund request,Pending Customer Response,Low,Chat,17:09:00,,
8274,Sonya Watson,mendezamy@example.com,51,Male,HP Pavilion,2020-11-09,Product inquiry,Delivery problem,Pending Customer Response,Medium,Social media,08:41:00,,
8276,Laura Bush,wilsonmatthew@example.net,68,Female,MacBook Pro,2020-02-04,Cancellation request,Product recommendation,Closed,Critical,Phone,14:12:00,19:26:00,1
8277,Matthew Hernandez,thomascollins@example.org,18,Male,Bose QuietComfort,2020-04-04,Product inquiry,Software bug,Closed,Low,Social media,03:19:00,21:31:00,3
8278,Joanna Hernandez,danielgolden@example.net,59,Female,Dell XPS,2021-03-23,Technical issue,Data loss,Pending Customer Response,High,Chat,23:11:00,,
8281,Rebecca Adams,baileysandra@example.com,68,Other,Nintendo Switch,2020-02-09,Cancellation request,Account access,Closed,High,Social media,22:21:00,02:42:00,5
8283,David Rodriguez,hflynn@example.net,21,Female,Microsoft Surface,2020-06-01,Billing inquiry,Display issue,Closed,Critical,Chat,16:34:00,23:04:00,4
8284,Mark Patel,angeladawson@example.com,59,Other,Amazon Kindle,2020-12-04,Cancellation request,Battery life,Pending Customer Response,Low,Chat,11:57:00,,
8285,Dana Young,mccoyjennifer@example.com,58,Male,Adobe Photoshop,2021-03-28,Refund request,Account access,Closed,Medium,Chat,02:01:00,13:14:00,5
8287,Dawn Steele,rodgerslinda@example.net,37,Other,Samsung Soundbar,2021-01-03,Cancellation request,Delivery problem,Pending Customer Response,Medium,Social media,22:49:00,,
8288,Richard Smith,lindamartinez@example.org,28,Female,Google Nest,2020-12-27,Billing inquiry,Account access,Pending Customer Response,Medium,Social media,03:25:00,,
8289,Catherine Hodge,alan41@example.net,44,Other,Nintendo Switch,2021-11-04,Refund request,Network problem,Closed,High,Chat,16:33:00,09:38:00,3
8290,Ashley Price,johnny80@example.org,29,Male,PlayStation,2021-04-15,Product inquiry,Hardware issue,Closed,Critical,Phone,20:38:00,09:51:00,3
8292,Emily Cochran,halleric@example.com,69,Other,Nintendo Switch Pro Controller,2020-04-16,Refund request,Product setup,Pending Customer Response,Medium,Social media,09:36:00,,
8293,Caitlin Boyd,santosnancy@example.org,29,Male,Google Nest,2020-12-02,Refund request,Network problem,Closed,Medium,Email,12:26:00,04:05:00,1
8294,Elizabeth Davila,kathleen67@example.net,53,Male,Canon DSLR Camera,2021-11-28,Cancellation request,Display issue,Pending Customer Response,Low,Email,14:37:00,,
8295,Latoya Silva,nhall@example.net,38,Female,Sony 4K HDR TV,2021-01-07,Product inquiry,Network problem,Closed,Medium,Chat,10:05:00,12:02:00,5
8296,Kathryn Rice,samuelnelson@example.net,66,Male,Nikon D,2020-12-23,Technical issue,Account access,Closed,Medium,Email,15:49:00,16:25:00,4
8298,Michelle Dudley,richard75@example.net,55,Male,Nest Thermostat,2020-04-02,Technical issue,Installation support,Pending Customer Response,Low,Chat,21:20:00,,
8299,Mary Johnson,bmiddleton@example.net,59,Other,MacBook Pro,2021-07-04,Billing inquiry,Cancellation request,Pending Customer Response,Low,Phone,00:44:00,,
8300,Debra Johnson,iholmes@example.net,32,Male,LG OLED,2021-10-21,Billing inquiry,Installation support,Pending Customer Response,Critical,Email,22:22:00,,
8301,Diana Shaw,donald77@example.com,38,Male,Nintendo Switch,2020-06-19,Refund request,Delivery problem,Pending Customer Response,Low,Email,10:39:00,,
8304,Mrs. Judith Gordon,xdoyle@example.net,69,Male,Asus ROG,2021-10-13,Technical issue,Data loss,Closed,Critical,Social media,21:36:00,11:38:00,3
8307,Patricia Smith,qclark@example.net,43,Female,Sony PlayStation,2020-05-23,Refund request,Installation support,Pending Customer Response,Medium,Social media,01:07:00,,
8310,Krystal Waters,jasonkim@example.org,59,Male,GoPro Hero,2021-06-02,Cancellation request,Product compatibility,Pending Customer Response,Medium,Phone,23:27:00,,
8312,Kelly Fowler,martingeorge@example.net,67,Other,Apple AirPods,2021-09-16,Product inquiry,Software bug,Closed,Critical,Chat,05:17:00,07:22:00,1
8313,Ricky Guzman,david39@example.org,65,Female,Lenovo ThinkPad,2020-11-01,Product inquiry,Network problem,Closed,Low,Chat,23:37:00,00:07:00,3
8314,Theresa Adams MD,smithjoshua@example.org,43,Female,Nikon D,2021-03-31,Technical issue,Data loss,Pending Customer Response,High,Email,04:52:00,,
8315,Jessica Liu,margaret10@example.org,39,Other,Philips Hue Lights,2020-12-27,Cancellation request,Product recommendation,Closed,Critical,Email,10:08:00,23:20:00,5
8318,Nathan Mejia,raymond59@example.net,52,Other,LG Washing Machine,2020-11-12,Cancellation request,Cancellation request,Closed,Low,Email,04:10:00,21:44:00,3
8320,Amber Phillips,wjordan@example.org,44,Other,GoPro Action Camera,2020-11-02,Product inquiry,Refund request,Closed,Low,Email,21:50:00,15:23:00,1
8321,Mrs. Nicole Torres,fisherwhitney@example.net,51,Other,Philips Hue Lights,2020-04-15,Product inquiry,Product recommendation,Closed,Low,Chat,21:42:00,20:54:00,1
8322,Emily Hernandez,kevin40@example.net,23,Female,Xbox,2020-04-23,Cancellation request,Battery life,Pending Customer Response,High,Email,10:05:00,,
8323,Dr. Debbie Carr,iwashington@example.net,30,Male,Dyson Vacuum Cleaner,2021-06-19,Product inquiry,Account access,Closed,Low,Social media,03:42:00,07:57:00,5
8324,Clifford James,victoriawells@example.net,24,Other,Dell XPS,2020-08-06,Technical issue,Product compatibility,Closed,Low,Email,18:47:00,00:09:00,3
8326,David Smith,ashleythompson@example.com,70,Other,Nintendo Switch Pro Controller,2021-07-22,Billing inquiry,Installation support,Pending Customer Response,High,Email,18:54:00,,
8327,William Stevens,msmith@example.org,39,Female,LG Smart TV,2020-09-15,Technical issue,Product compatibility,Pending Customer Response,Medium,Social media,08:26:00,,
8330,Kenneth Harrison,lauracook@example.org,18,Male,Samsung Galaxy,2020-01-20,Billing inquiry,Cancellation request,Closed,Low,Social media,16:12:00,05:22:00,3
8331,Terri Jackson,mirandablair@example.org,50,Male,Sony PlayStation,2020-08-28,Product inquiry,Peripheral compatibility,Closed,High,Social media,23:35:00,10:40:00,2
8332,Shannon Delgado,kathrynchurch@example.com,34,Other,Microsoft Xbox Controller,2021-05-14,Refund request,Cancellation request,Pending Customer Response,High,Chat,19:01:00,,
8333,Teresa Hill,myoung@example.net,37,Female,Sony 4K HDR TV,2021-02-17,Product inquiry,Delivery problem,Closed,Low,Email,13:30:00,15:37:00,3
8334,Lawrence Gonzales,renee71@example.org,33,Other,LG Smart TV,2020-09-24,Product inquiry,Cancellation request,Closed,Medium,Social media,13:55:00,10:57:00,4
8336,Matthew Perkins,ginanorton@example.net,20,Other,Fitbit Charge,2021-05-23,Technical issue,Payment issue,Closed,Medium,Phone,11:18:00,06:36:00,3
8339,Tyler Miller,belllisa@example.org,43,Other,Philips Hue Lights,2021-10-16,Cancellation request,Battery life,Pending Customer Response,Medium,Social media,01:20:00,,
8340,Larry Santiago,rodriguezjames@example.net,30,Female,iPhone,2020-12-23,Refund request,Product setup,Closed,Critical,Phone,21:52:00,07:32:00,4
8341,Stephen Jenkins,matthew86@example.net,48,Other,Adobe Photoshop,2020-07-11,Billing inquiry,Refund request,Closed,Medium,Social media,20:16:00,21:58:00,4
8342,Samantha Jenkins,tbrown@example.net,47,Female,Canon EOS,2020-01-07,Billing inquiry,Delivery problem,Closed,High,Email,02:15:00,00:58:00,2
8343,Chad Pace,ejohnson@example.net,45,Male,Dyson Vacuum Cleaner,2021-09-04,Refund request,Software bug,Pending Customer Response,Critical,Phone,23:44:00,,
8344,Karen Smith,laurenthompson@example.com,19,Female,Samsung Galaxy,2020-06-20,Cancellation request,Data loss,Pending Customer Response,Low,Email,06:33:00,,
8346,Alexis Bell,barbaragray@example.com,18,Other,Roomba Robot Vacuum,2021-12-29,Billing inquiry,Hardware issue,Closed,Low,Social media,14:37:00,19:24:00,3
8348,Benjamin Rodgers,ellisonmelissa@example.net,59,Other,Samsung Soundbar,2021-02-07,Refund request,Network problem,Pending Customer Response,Critical,Email,02:39:00,,
8349,Thomas Thomas,pennycarr@example.com,49,Female,PlayStation,2021-04-22,Cancellation request,Cancellation request,Closed,Critical,Social media,11:08:00,12:11:00,5
8351,Adrian Harmon,vrivera@example.com,63,Other,MacBook Pro,2020-08-19,Product inquiry,Product setup,Closed,Critical,Phone,13:33:00,18:01:00,5
8353,Megan Bowman,anthony12@example.net,52,Other,Asus ROG,2021-08-14,Refund request,Hardware issue,Pending Customer Response,High,Email,10:33:00,,
8354,Victor Le,nguyenjason@example.org,23,Female,Autodesk AutoCAD,2020-03-11,Cancellation request,Battery life,Pending Customer Response,Low,Social media,18:18:00,,
8357,Keith Hendrix,benjaminsnyder@example.net,36,Other,LG Washing Machine,2021-04-14,Billing inquiry,Installation support,Pending Customer Response,Critical,Phone,02:45:00,,
8358,Michael Williams,gilbertscott@example.com,50,Other,Google Nest,2021-07-23,Billing inquiry,Display issue,Pending Customer Response,Critical,Phone,02:50:00,,
8360,Jacob Lam,alexis05@example.org,55,Female,Lenovo ThinkPad,2021-10-28,Technical issue,Payment issue,Pending Customer Response,Critical,Chat,10:36:00,,
8362,Brett Maldonado,brownray@example.org,40,Other,LG OLED,2020-04-25,Product inquiry,Product compatibility,Closed,Medium,Email,01:52:00,13:40:00,2
8363,Crystal Baker,camerontiffany@example.com,58,Other,Canon DSLR Camera,2021-08-07,Billing inquiry,Cancellation request,Closed,Critical,Email,05:23:00,08:31:00,2
8364,Jeffrey Aguirre,emilydodson@example.com,43,Male,Samsung Soundbar,2020-04-20,Product inquiry,Delivery problem,Pending Customer Response,High,Phone,00:51:00,,
8365,Steven George,amanda24@example.org,27,Other,Microsoft Office,2020-05-14,Cancellation request,Product setup,Pending Customer Response,Medium,Phone,10:06:00,,
8366,Philip Young,ghernandez@example.com,39,Male,Bose SoundLink Speaker,2020-07-13,Cancellation request,Product setup,Closed,Medium,Email,10:00:00,01:15:00,3
8367,Lee Pearson,williamshaw@example.com,62,Female,Microsoft Surface,2020-12-15,Cancellation request,Network problem,Pending Customer Response,Low,Phone,09:59:00,,
8369,Jonathan Conley,hunterjohnson@example.net,32,Female,Xbox,2020-02-11,Technical issue,Peripheral compatibility,Pending Customer Response,Medium,Email,01:58:00,,
8371,Rebecca Harper,keithmora@example.net,46,Other,Bose SoundLink Speaker,2021-07-13,Billing inquiry,Network problem,Closed,Critical,Phone,11:12:00,01:33:00,1
8373,Carl Conley,nbates@example.com,60,Other,Microsoft Xbox Controller,2020-09-04,Refund request,Installation support,Pending Customer Response,High,Social media,22:31:00,,
8375,Eric Fields,garzatodd@example.org,45,Male,Amazon Echo,2020-09-17,Refund request,Delivery problem,Closed,Critical,Social media,00:54:00,05:07:00,2
8376,Mark Smith,butleralyssa@example.com,44,Female,Bose SoundLink Speaker,2020-06-29,Cancellation request,Display issue,Closed,Medium,Phone,18:52:00,14:10:00,3
8377,Anna Holland,irocha@example.org,26,Female,Apple AirPods,2021-10-17,Cancellation request,Display issue,Closed,High,Social media,05:32:00,09:11:00,3
8378,David Patton,charlesli@example.org,34,Female,Asus ROG,2020-04-02,Technical issue,Data loss,Closed,Critical,Chat,21:50:00,15:21:00,5
8379,Brooke Miles,acalderon@example.com,18,Male,Dell XPS,2021-02-24,Technical issue,Software bug,Pending Customer Response,Critical,Social media,15:14:00,,
8381,Tracey Young,andrew47@example.net,39,Female,GoPro Hero,2020-01-09,Billing inquiry,Hardware issue,Closed,Medium,Phone,06:29:00,08:56:00,1
8382,David Wilson,anthony00@example.com,51,Female,Garmin Forerunner,2021-12-08,Product inquiry,Cancellation request,Pending Customer Response,Low,Phone,02:48:00,,
8383,Shane Ayala,stanleyjoyce@example.org,40,Male,GoPro Action Camera,2020-09-20,Technical issue,Delivery problem,Pending Customer Response,High,Chat,17:27:00,,
8384,Catherine Conway,hthomas@example.net,32,Female,LG Smart TV,2021-02-13,Technical issue,Peripheral compatibility,Closed,Low,Email,17:38:00,09:59:00,4
8385,Jeremy Gibbs,danalopez@example.com,48,Male,Lenovo ThinkPad,2021-01-05,Billing inquiry,Software bug,Closed,Low,Chat,10:11:00,00:32:00,2
8386,Dr. April Taylor,petersonlinda@example.com,41,Female,GoPro Action Camera,2021-11-25,Technical issue,Product setup,Pending Customer Response,Medium,Social media,06:01:00,,
8387,Caitlin Robinson,bsmith@example.com,24,Female,Dyson Vacuum Cleaner,2020-02-11,Refund request,Installation support,Pending Customer Response,Critical,Social media,12:50:00,,
8389,Sharon Marsh,brittanycaldwell@example.org,33,Male,Garmin Forerunner,2021-12-18,Refund request,Account access,Closed,Low,Phone,11:40:00,00:46:00,5
8391,Michelle Dalton,herringgavin@example.com,23,Female,Sony Xperia,2020-02-10,Cancellation request,Payment issue,Closed,Critical,Email,05:55:00,08:36:00,2
8392,Allison Hartman,lisa70@example.com,69,Female,GoPro Hero,2020-10-28,Refund request,Peripheral compatibility,Closed,Low,Phone,14:06:00,06:23:00,5
8393,Shawn Williams,morenovanessa@example.org,65,Female,Fitbit Versa Smartwatch,2020-08-10,Cancellation request,Product setup,Pending Customer Response,Medium,Email,00:00:00,,
8394,Jennifer Cole,palexander@example.org,43,Female,Philips Hue Lights,2021-04-06,Refund request,Payment issue,Closed,Critical,Email,16:25:00,06:22:00,4
8396,Patricia Shannon,sullivannicholas@example.net,25,Female,Sony Xperia,2021-10-12,Product inquiry,Installation support,Pending Customer Response,Medium,Phone,06:52:00,,
8397,Shawna Webb MD,terri34@example.net,21,Other,Fitbit Charge,2020-03-16,Product inquiry,Installation support,Closed,Critical,Social media,10:28:00,01:30:00,3
8398,Richard Mccarthy,xbailey@example.com,59,Female,Dell XPS,2020-07-17,Cancellation request,Cancellation request,Closed,Medium,Email,06:30:00,15:11:00,2
8399,Adam Dennis,eholmes@example.com,50,Other,Nintendo Switch Pro Controller,2021-08-15,Refund request,Data loss,Closed,Low,Chat,14:30:00,06:23:00,1
8400,Marco Esparza,ewhite@example.net,57,Female,Amazon Echo,2020-04-22,Billing inquiry,Installation support,Pending Customer Response,High,Phone,03:00:00,,
8401,Janet Chan,kyle65@example.com,68,Female,Fitbit Versa Smartwatch,2021-07-16,Cancellation request,Network problem,Closed,Critical,Email,17:29:00,23:30:00,2
8402,Melissa Padilla,nparsons@example.net,47,Female,Apple AirPods,2021-03-10,Product inquiry,Installation support,Pending Customer Response,Low,Phone,09:02:00,,
8403,Mario Palmer,patriciamartinez@example.org,58,Other,Google Nest,2021-01-07,Technical issue,Data loss,Pending Customer Response,Low,Chat,04:01:00,,
8405,Stephen White MD,xmoore@example.com,33,Female,GoPro Hero,2020-05-31,Refund request,Delivery problem,Pending Customer Response,Low,Social media,12:47:00,,
8408,Jennifer Cooper,francis23@example.org,60,Other,Garmin Forerunner,2021-11-16,Refund request,Hardware issue,Pending Customer Response,Medium,Phone,07:47:00,,
8412,John Larson,kristiesmith@example.org,67,Male,Roomba Robot Vacuum,2021-05-15,Refund request,Hardware issue,Closed,High,Phone,19:53:00,22:10:00,1
8415,Phillip Griffin,harold99@example.com,29,Male,Microsoft Office,2020-02-26,Cancellation request,Delivery problem,Closed,High,Email,09:22:00,11:33:00,2
8416,Erin Reed,victorwhite@example.com,69,Female,Xbox,2021-06-06,Billing inquiry,Product setup,Pending Customer Response,High,Phone,08:17:00,,
8419,Ashley Soto,michaelreed@example.net,45,Other,Garmin Forerunner,2020-11-01,Technical issue,Refund request,Pending Customer Response,Low,Social media,09:26:00,,
8420,Austin Lee,andrewallen@example.com,29,Male,Autodesk AutoCAD,2021-08-24,Product inquiry,Refund request,Closed,Medium,Chat,15:40:00,06:19:00,3
8421,Andrew Smith,coxbrandon@example.org,41,Female,Xbox,2021-03-05,Technical issue,Installation support,Closed,Medium,Phone,02:15:00,01:37:00,5
8423,Andrew Taylor,ylarson@example.org,32,Female,Fitbit Charge,2020-12-05,Cancellation request,Product recommendation,Pending Customer Response,High,Chat,06:46:00,,
8424,Heidi Ware,charles20@example.net,36,Female,Microsoft Surface,2021-11-28,Billing inquiry,Payment issue,Closed,Medium,Phone,12:57:00,23:05:00,2
8425,Dawn Randolph,christianfreeman@example.net,59,Female,iPhone,2020-10-16,Cancellation request,Software bug,Pending Customer Response,Critical,Email,02:47:00,,
8427,Mary Elliott,tiffanycarey@example.com,60,Female,Roomba Robot Vacuum,2020-09-14,Refund request,Data loss,Closed,Critical,Phone,06:18:00,13:28:00,3
8428,John Hensley,vincentangelica@example.net,24,Other,Amazon Echo,2021-04-18,Refund request,Refund request,Closed,Medium,Email,12:01:00,00:55:00,3
8431,Joshua Villanueva,johnny34@example.org,63,Female,Google Pixel,2021-05-11,Billing inquiry,Software bug,Closed,Low,Chat,13:03:00,17:16:00,2
8433,Yolanda Miller,robertramirez@example.com,70,Male,Nintendo Switch,2020-01-22,Billing inquiry,Network problem,Closed,Critical,Chat,07:25:00,15:47:00,3
8435,Cristina Potter,dnunez@example.org,50,Female,GoPro Hero,2020-02-03,Technical issue,Installation support,Closed,Critical,Email,23:39:00,08:59:00,4
8436,Brandi Willis,tayloralison@example.com,69,Female,Sony 4K HDR TV,2021-09-25,Refund request,Display issue,Closed,High,Chat,23:30:00,00:16:00,1
8437,Rhonda Green,haleymitchell@example.net,59,Female,Lenovo ThinkPad,2020-09-01,Technical issue,Payment issue,Pending Customer Response,Critical,Social media,05:58:00,,
8438,Robert Farley,bryceshepherd@example.com,65,Female,Dyson Vacuum Cleaner,2021-11-08,Product inquiry,Peripheral compatibility,Pending Customer Response,High,Email,15:52:00,,
8439,Andrea Bates,kristinasherman@example.com,19,Other,Garmin Forerunner,2020-12-18,Refund request,Cancellation request,Pending Customer Response,Critical,Phone,22:27:00,,
8440,Christina Crane,alyssaosborne@example.com,68,Male,Garmin Forerunner,2021-08-21,Cancellation request,Network problem,Pending Customer Response,High,Phone,23:49:00,,
8441,Margaret Ward,martinaudrey@example.com,43,Female,Autodesk AutoCAD,2020-04-23,Refund request,Product compatibility,Closed,Low,Chat,20:17:00,13:18:00,1
8442,Kari Christensen,along@example.org,48,Other,Samsung Galaxy,2020-02-11,Billing inquiry,Delivery problem,Closed,High,Social media,12:27:00,11:35:00,3
8443,Jennifer King,riggspatricia@example.net,37,Male,GoPro Hero,2020-02-06,Billing inquiry,Installation support,Pending Customer Response,High,Social media,01:29:00,,
8444,Michelle Silva,christinasanchez@example.com,61,Female,Philips Hue Lights,2020-02-26,Product inquiry,Network problem,Pending Customer Response,High,Chat,19:44:00,,
8447,Steven Brown,umoore@example.org,19,Other,LG OLED,2020-03-14,Billing inquiry,Installation support,Pending Customer Response,Critical,Chat,09:42:00,,
8448,Devin Parsons,jonathanfox@example.org,51,Other,GoPro Hero,2020-07-12,Refund request,Installation support,Pending Customer Response,Critical,Email,18:00:00,,
8449,Reginald Kaiser,nrose@example.org,37,Other,Sony Xperia,2021-12-29,Cancellation request,Hardware issue,Closed,Medium,Chat,19:13:00,19:14:00,2
8450,Kyle Roy,maldonadosharon@example.org,28,Other,Dyson Vacuum Cleaner,2020-11-22,Refund request,Display issue,Pending Customer Response,High,Social media,19:11:00,,
8451,Joshua Gomez,hhunt@example.com,34,Other,LG Washing Machine,2021-06-16,Billing inquiry,Product setup,Closed,Low,Chat,01:01:00,18:54:00,5
8453,Craig Forbes,jessica60@example.org,62,Female,MacBook Pro,2020-03-29,Refund request,Display issue,Closed,Critical,Phone,14:14:00,05:47:00,3
8454,Paula Vazquez,wanderson@example.com,61,Other,iPhone,2020-06-20,Billing inquiry,Peripheral compatibility,Closed,High,Chat,12:56:00,04:45:00,5
8455,Jill Leon,murrayanna@example.org,51,Female,Samsung Galaxy,2020-03-11,Cancellation request,Product setup,Pending Customer Response,Low,Email,12:24:00,,
8456,Ariel Lee,thompsonsamuel@example.org,54,Other,Dyson Vacuum Cleaner,2021-02-02,Billing inquiry,Refund request,Closed,High,Email,14:15:00,06:58:00,1
8459,Adam Nunez,gregory69@example.net,47,Other,Amazon Echo,2020-07-28,Billing inquiry,Peripheral compatibility,Pending Customer Response,Medium,Chat,17:26:00,,
8463,Shelby Douglas,rhendrix@example.net,49,Female,Samsung Soundbar,2020-10-21,Refund request,Display issue,Pending Customer Response,Critical,Email,00:36:00,,
8467,Michelle Kelley,ashley83@example.org,57,Female,GoPro Action Camera,2021-08-17,Technical issue,Account access,Closed,High,Social media,09:44:00,04:31:00,3
8468,Steven Rodriguez,fpowell@example.org,54,Male,PlayStation,2021-10-16,Product inquiry,Payment issue,Closed,Medium,Email,18:28:00,05:32:00,3
